state,lat,lon,voltage,name
TX,29.55962,-95.65307,,
TX,31.78488,-101.83603,69000;12500,Peck Substation
TX,29.72102,-97.72564,69000;12500,Luling Magnolia Substation
TX,31.54917,-96.24171,69000,Freestone Tap
TX,29.67898,-97.3009,69000;12500,Waelder Substation
TX,29.58506,-97.77847,69000,Darst Creek Substation
TX,29.71889,-95.22631,345000;138000,
TX,29.91885,-95.10805,138000,
TX,29.7458,-95.23091,138000;69000;12000,Galena Park Substation
TX,29.66715,-95.28304,138000;12000,Drouet Substation
TX,29.6642,-100.02259,69000,Camp Wood Substation
TX,29.6462,-99.52178,69000;12500,Utopia Substation
TX,29.68108,-99.76192,69000;24900;12500,Leakey Substation
TX,29.66536,-99.27475,69000;12500,Tarpley Substation
TX,31.77674,-97.5643,138000;69000,Olsen Substation
TX,34.86327,-100.21129,138000,Wellington Substation (GSEC)
TX,34.85386,-100.20963,138000,Wellington Substation (SWEPCO)
TX,30.70803,-101.1431,138000;69000,Friend Ranch Substation
TX,32.65407,-102.03998,138000,Jim Payne Substation
TX,30.66355,-101.77867,138000;69000,Fort Lancaster
TX,28.69916,-100.40515,138000;12500,Rosita Creek Substation
TX,28.44817,-99.255,138000,Cotulla Substation
TX,28.56533,-99.53584,138000,Big Wells Substation
TX,29.48078,-95.62422,345000,W. A. Parish Station (345 kV)
TX,33.08003,-99.58071,138000;69000,Paint Creek Substation
TX,32.11123,-101.27643,69000,Chalk Substation
TX,28.87065,-97.70154,138000,Runge Substation
TX,29.30814,-97.74083,138000,Nixon Substation
TX,28.03325,-99.36163,138000,Holcomb Substation
TX,28.46082,-99.25129,138000;69000,Cotulla Substation
TX,28.82975,-100.55205,138000,Eagle Hydro Substation
TX,28.71603,-100.49041,138000,Eagle Pass Substation
TX,28.69643,-100.19723,138000;12500,Conoco-Chittam Ranch Substation
TX,28.72847,-100.47445,138000,Escondido Substation
TX,28.86676,-100.55059,138000,Maverick Substation
TX,35.21089,-102.20284,69000,Wildorado Substation
TX,31.83981,-101.0112,69000,Sterling City Substation
TX,30.55341,-101.53556,69000,Parker Ranch Substation
TX,28.04668,-99.35745,138000,Encinal Substation
TX,27.48747,-99.00664,138000,La Quinta Substation
TX,26.93283,-99.23371,138000;12500,Zapata Substation
TX,32.45299,-102.37045,138000;22000,Mustang Substation
TX,32.77764,-96.82578,345000;138000;13000,West Levee Substation
TX,32.78383,-96.81975,138000,East Levee Substation
TX,32.78717,-96.81374,138000,800/900 Network Substation
TX,32.81462,-97.02524,345000;138000,
TX,32.72823,-97.21671,138000,
TX,32.85767,-96.65324,345000;138000,
TX,32.78802,-97.03792,138000,
TX,32.98441,-96.93856,345000;138000,Northwest Carrollton Substation
TX,30.52005,-97.83047,138000,Whitestone Substation
TX,32.72422,-96.93524,138000,
TX,30.46105,-97.8302,138000,Balcones Substation
TX,30.4869,-97.8239,138000,Buttercup Substation
TX,30.49139,-97.78788,138000,Avery Ranch Substation
TX,30.54837,-97.83824,138000,Blockhouse Substation
TX,32.83698,-96.5477,138000,Lake Hubbard Station
TX,29.8986,-97.94149,138000;12500,Hilltop Substation
TX,29.88969,-97.9324,138000;12500,Strahan Substation
TX,29.77265,-97.94975,345000;138000,Zorn Substation
TX,32.55366,-96.53753,345000,Tri-Corner Substation
TX,32.75915,-96.78918,138000,Industrial Boulevard Substation
TX,30.42026,-97.79694,138000,Spicewood Substation
TX,29.87742,-97.91798,138000;69000;12500,San Marcos Substation
TX,29.85053,-97.94476,138000,Redwood Substation
TX,30.38997,-97.90755,138000;69000,Marshall Ford Lower Switchyard
TX,29.82298,-98.00336,138000,
TX,29.99963,-98.10265,138000,Wimberley Substation
TX,32.72786,-96.77417,345000;138000,Sargent Road Substation
TX,32.73478,-96.77828,138000,
TX,32.77573,-96.72421,138000,Parkdale Substation
TX,29.91153,-97.9001,138000,Canyon Substation
TX,32.7216,-96.8022,138000;69000,Cedar Crest Substation
TX,32.72184,-96.80418,138000,Cedar Crest Switching Station
TX,32.55865,-96.72636,345000;138000;13000,Watermill Substation
TX,32.582,-96.686,138000,Wilmer Substation
TX,32.77723,-96.66317,138000;12500,Prairie Creek Substation
TX,29.4828,-95.63028,138000,W. A. Parish Station (138 kV)
TX,29.47425,-95.62285,345000,
TX,32.29777,-97.78986,345000;138000,Comanche Peak Station
TX,32.40262,-97.69753,138000,Decordova Station
TX,28.79956,-96.05017,345000;138000,South Texas Project Switchyard
TX,32.77558,-96.61844,138000,
TX,32.77681,-96.64251,138000,
TX,32.81931,-96.64001,138000,
TX,32.77535,-96.57251,138000;12500,East Mesquite Substation
TX,32.81955,-96.60936,138000,
TX,32.75786,-96.48697,345000;138000,Forney Substation
TX,29.68923,-94.91163,138000,Trinity Bay Substation
TX,29.77281,-94.90334,345000,
TX,29.774,-94.90279,345000,
TX,29.74812,-94.92499,345000;138000,Cedar Bayou Plant Substation
TX,29.75022,-94.90378,,
TX,29.75928,-94.90646,,
TX,32.68503,-97.47126,345000;138000,Benbrook Substation
TX,32.6735,-97.41751,138000,
TX,32.65792,-97.40281,138000,
TX,32.73602,-97.44981,138000,Calmont Substation
TX,32.74907,-97.47833,138000,
TX,32.70974,-97.4051,138000,Faron Street Substation
TX,29.73338,-95.00487,138000,Baytown Substation
TX,29.83789,-94.89759,138000,Warvue Substation
TX,29.72509,-95.06029,138000;69000,S.R. Bertron Plant
TX,29.76758,-95.07247,138000,Lynch Substation
TX,29.71272,-95.07236,69000,
TX,29.72007,-95.11154,138000,
TX,29.72725,-95.11303,138000,
TX,29.77564,-95.15097,138000;12000,Channelview Substation
TX,29.75212,-95.18585,138000;12000,Industrial Substation
TX,29.71835,-95.1136,138000,
TX,29.75207,-95.1268,138000,Depot Substation
TX,32.66886,-97.3893,138000,
TX,29.71354,-95.25621,138000,
TX,29.72059,-95.22669,345000;69000,
TX,29.72939,-95.17501,138000,
TX,29.75554,-95.30117,138000,Clinton Substation
TX,29.71682,-95.33141,138000;69000;12000,University Substation
TX,29.62646,-95.03885,138000,Powell Substation
TX,29.63429,-95.05588,138000,Himont Substation
TX,29.63386,-95.08421,138000,Lomax Substation
TX,29.65103,-95.31444,138000;69000;12000,Garden Villas Substation
TX,29.81503,-95.10922,138000,
TX,29.7749,-95.26787,138000,Busch Substation
TX,29.62897,-95.22515,138000;12500,South Houston Substation
TX,29.69311,-95.3001,138000;12000,Gulfgate Substation
TX,31.8013,-106.44257,115000,Dyer Substation
TX,29.72264,-95.25984,138000,
TX,29.72866,-95.08231,,
TX,29.73228,-95.08272,138000,
TX,29.71292,-95.07473,138000,
TX,29.69485,-95.03948,138000,
TX,29.70095,-95.07268,138000,
TX,29.70295,-95.07232,138000,
TX,29.7056,-95.07457,138000,
TX,29.70338,-95.40164,138000;34500;12500,Grant Substation
TX,29.73289,-95.38598,138000;12000,Garrott Substation
TX,29.75897,-95.02201,138000,
TX,29.65363,-95.15476,138000;12500,Cardiff Substation
TX,29.65784,-95.19077,138000;12000,Spencer Substation
TX,29.82905,-94.92146,138000,
TX,29.84022,-94.89395,138000;12000,Mont Belvieu Substation
TX,29.83693,-94.89316,138000,Warvue Substation
TX,29.83657,-95.12343,345000,Channelview Cogen Substation
TX,29.56316,-95.08524,138000;13800,221 - NASA Substation
TX,29.5784,-95.09881,138000;12500,Polaris Substation
TX,29.62403,-95.08807,138000,Armand Substation
TX,29.62967,-95.15113,138000,Southeast Substation
TX,29.48783,-94.98257,345000;138000;12500,P. H. Robinson Switching Station
TX,29.58818,-95.18054,138000;12500,Ellington Substation
TX,29.74708,-95.35313,138000;12000,East Side Substation
TX,29.76306,-95.35238,69000,
TX,29.68998,-95.2233,138000,Pasadena Substation
TX,29.74371,-95.31094,138000;12000,Magnolia Park Substation
TX,29.75512,-95.37379,138000;69000;12000,Downtown Substation
TX,34.646,-101.83062,,
TX,31.65394,-100.32688,138000;12500,Orient Substation
TX,29.53877,-95.1075,138000;12500,Webster Distribution Substation
TX,29.52834,-95.10495,138000;69000,Webster Substation
TX,29.46538,-98.39242,138000,Kirby Substation
TX,30.62254,-96.08152,345000,Gibbons Creek Station
TX,30.65108,-96.09137,138000,Keith Switching Station
TX,30.85889,-96.25887,345000;138000,Jack Creek Substation
TX,29.77912,-96.17082,138000;34500;12500,Sealy Substation
TX,29.91829,-96.75517,345000,Fayette Plant #1 Substation
TX,29.91232,-96.75515,138000,Fayette Plant 138 kV Substation
TX,29.79555,-96.87838,345000,Holman Substation
TX,29.63097,-96.07624,138000;34500,Wallis Substation
TX,30.37521,-96.02735,138000,Navasota Substation
TX,29.52357,-96.07025,138000;12500,East Bernard Substation
TX,29.84771,-96.2006,138000,Peters Substation
TX,29.9627,-96.68758,345000;138000,Fayetteville Substation
TX,29.95929,-96.26344,138000,Bellville Substation
TX,29.92427,-96.25593,138000;69000,Bellville South Substation
TX,29.41614,-98.71818,345000;138000,Cagnon Road Substation
TX,29.48388,-98.71838,138000,Anderson Substation
TX,29.54818,-98.68187,138000,Helotes Substation
TX,32.7462,-97.07381,138000;12500,Great Southwest Substation
TX,30.13851,-96.32542,138000,Chappel Hill Substation
TX,30.12262,-96.3738,138000,Highway 36 Substation
TX,30.07662,-96.08321,138000;12500,Waller Substation
TX,30.11121,-96.42566,345000;138000,Salem Substation
TX,30.15059,-96.39457,138000,Brenham Substation
TX,29.69691,-96.57187,138000;69000,Glidden Substation
TX,30.18182,-96.38176,138000,Brenham North Substation
TX,29.5628,-95.69852,138000;34500,Crabb River Road Substation
TX,29.80303,-95.75385,138000;34500,Franz Substation
TX,29.74552,-95.73901,138000;34500,Mason Road Substation
TX,29.6707,-95.7161,138000;34500,O'Brien Substation
TX,29.67314,-95.71766,345000;138000,O'Brien Substation
TX,31.37105,-96.13342,345000;138000;69000;12500,Jewett Substation
TX,29.31363,-96.10764,138000;12500,Wharton Substation
TX,28.87591,-96.10724,138000,South Texas Project Tap
TX,29.0297,-96.23649,345000,Hillje Substation
TX,29.39677,-98.48892,138000,Ball Park Substation
TX,30.38299,-96.091,138000;69000,Navasota Substation
TX,30.65945,-96.29895,138000;69000,East Substation
TX,30.62772,-96.29429,138000,College Station Switching Station
TX,30.716,-96.36466,138000;69000,Tabor Substation
TX,31.18546,-96.48411,345000,Twin Oaks Substation
TX,30.4373,-95.52155,138000,Lewis Creek Substation
TX,30.72215,-96.45884,138000;69000,Dansby Substation
TX,31.42435,-96.24706,345000;138000,Limestone Station
TX,30.62369,-95.90896,345000;23000;138000,Grimes Substation
TX,29.95021,-96.61397,138000,Willow Springs Substation
TX,29.91982,-96.39903,138000,New Bremen Substation
TX,30.33857,-96.52178,69000,Somerville Substation
TX,29.91534,-95.21631,345000,King Substation
TX,29.27581,-98.37398,138000,Streich Road Substation
TX,29.47645,-98.64893,138000,Grissom Road Substation
TX,29.35891,-98.40909,138000,Highland Hills Substation
TX,32.70209,-96.82374,138000,
TX,29.40497,-98.44427,138000,Grandview Substation
TX,32.92667,-96.75982,138000,
TX,29.26898,-98.53725,138000,Toyota Substation
TX,29.28051,-98.572,138000,Howard Substation
TX,29.71537,-98.89882,138000;12500,Pipe Creek Substation
TX,32.73157,-96.98524,,
TX,32.72918,-96.9937,138000,
TX,30.39812,-97.72379,138000,Summit Substation
TX,29.27022,-98.32216,138000,Elmendorf Substation
TX,29.43263,-98.44434,138000,Coliseum Substation
TX,29.46347,-98.4166,138000,Holbrook Substation
TX,29.42716,-98.3967,138000,Saint Hedwig Substation
TX,29.33454,-98.4498,138000,Brooks Field Substation
TX,29.48419,-98.49106,138000,Olmos Substation
TX,29.43266,-98.47991,138000,Tenth Street Substation
TX,29.58058,-98.40884,345000;138000,Skyline Substation
TX,29.59912,-98.2653,138000,Weiderstein Substation
TX,29.43978,-98.56091,138000,Westside Substation
TX,29.41327,-98.62344,138000,Pinn Road Substation
TX,29.48112,-98.69434,138000,Westover Hills Substation
TX,29.47353,-98.67855,138000,VLSI Substation
TX,29.57151,-98.56638,138000,De Zavala Road Substation
TX,29.52076,-98.57571,138000,Medical Center Substation
TX,29.53851,-98.52582,138000,Castle Hills Substation
TX,29.61719,-98.60804,138000;34500,La Sierra Substation
TX,29.58653,-98.62593,138000;13800,UTSA Substation
TX,29.13092,-98.59059,138000;69000,Oaks Substation
TX,29.42052,-98.78776,138000,Texas Research Substation
TX,29.37297,-98.55652,138000,Quintana Road Substation
TX,29.36769,-98.53984,138000,South San Antonio Substation
TX,29.40949,-98.53978,138000,Merida Street Substation
TX,29.71334,-98.09812,138000;12500,Hortontown Substation
TX,29.67706,-98.17797,138000,GPI Substation
TX,29.70682,-98.13499,138000;12500,Comal Substation
TX,29.80352,-98.0406,138000;12500,TXI Substation
TX,29.77351,-98.05097,138000;12500,Henne Substation
TX,29.75876,-98.24523,138000;12500,Highway 46 Substation
TX,31.74117,-99.94456,138000;69000,Ballinger Substation
TX,29.68958,-95.40843,138000;34500,Fannin Substation
TX,29.6853,-95.40651,138000;4160,Stadium Substation
TX,26.2191,-97.73433,138000,Burns Substation
TX,30.16991,-95.43896,138000;13800,Oak Ridge Substation
TX,30.02904,-97.86597,138000;69000,Lehigh Substation
TX,30.63249,-97.68711,138000,Georgetown Substation
TX,30.66727,-97.66087,138000;69000;25000;12500,Gabriel Substation
TX,29.78303,-97.99009,345000,Hays Energy Station
TX,29.2421,-98.64938,138000,Somerset Substation
TX,29.07944,-99.04848,138000,Moore Substation
TX,28.92742,-99.09251,138000;69000,Pearsall Switchyard
TX,31.47324,-97.14117,138000;12500,Robinson Northwest Substation
TX,31.43759,-96.6774,138000;69000,Groesbeck Substation
TX,30.70917,-96.42245,69000,Business Park Substation
TX,31.38415,-96.28196,138000,Farrar Substation
TX,31.47349,-96.96039,345000,Rattlesnake Road Substation
TX,29.81824,-95.52467,138000;12500,Campbell Substation
TX,29.8228,-95.5729,345000;138000;34500,Addicks Substation
TX,29.79434,-95.57216,138000;12500,Brittmoore Substation
TX,29.88139,-95.57638,138000;34500,Satsuma Substation
TX,29.99687,-95.56654,138000;34500;12500,Willow Substation
TX,29.75058,-95.44789,138000;34500;12500,San Felipe Substation
TX,29.79483,-95.43348,138000;12500,Eureka Substation
TX,29.78872,-95.55285,138000;12500,Sauer Substation
TX,30.02391,-95.57016,138000;34500,Klein Substation
TX,30.74579,-96.95443,138000;69000;12500,Minerva Substation
TX,30.24881,-97.48795,138000,Webberville Substation
TX,30.2513,-97.48729,345000;138000,Austrop Substation
TX,30.14611,-97.2688,138000,Sim Gideon Station
TX,30.0901,-95.60603,345000;138000;34500;12500,Tomball Substation
TX,30.09038,-95.48954,345000;138000,Rothwood Substation
TX,30.08915,-95.52708,345000;34500,Kuykendahl Substation
TX,29.91872,-95.64997,138000,Cameron Substation
TX,30.02064,-95.42209,138000;34500,Westfield Substation
TX,30.16141,-95.67297,138000;34500,Pinehurst Substation
TX,30.04544,-95.4804,138000;34500,Louetta Substation
TX,29.6954,-95.82088,138000;34500,Flewellen Substation
TX,29.56323,-95.80048,138000;69000,Fort Bend Substation
TX,29.62705,-95.81246,138000;34500,Brazos Valley Substation
TX,29.53926,-95.95376,138000;34500;12500,Orchard Substation
TX,30.0439,-95.35089,138000;34500,Treaschwig Substation
TX,29.81857,-95.35349,138000;12500,Hardy Substation
TX,29.78414,-95.34964,138000;12500,North Side Substation
TX,29.57928,-97.99719,138000,Caterpillar Substation
TX,29.58625,-97.98759,138000;12500,Seguin West Substation
TX,29.81868,-95.38938,138000;12500,Airline Substation
TX,29.81602,-95.48302,138000;12500,Todd Substation
TX,29.81518,-95.43481,345000;138000;69000;12500,White Oak Substation
TX,30.02128,-95.8461,138000;34500,Hockley Substation
TX,29.72211,-95.4977,138000;12500,Hillcroft Substation
TX,29.7188,-95.53669,345000;138000;12500,Jeanetta Substation
TX,29.69254,-95.53666,,
TX,29.68995,-95.53668,138000;12500,Westwood Substation
TX,29.61265,-95.53006,138000;12500,Missouri City Substation
TX,29.66605,-95.56133,138000;34500;12500,Roark Substation
TX,29.67225,-95.41309,138000;12500,Knight Substation
TX,29.63373,-95.58919,138000;34500;12500,Stafford Substation
TX,29.70042,-95.58178,138000;12500,Alief Substation
TX,29.74635,-95.57437,138000;12500,Hayes Substation
TX,29.8547,-95.47609,138000;12500,Deihl Substation
TX,29.89998,-95.50185,138000;34500,Fairbanks Substation
TX,30.00007,-95.23506,138000;34500;12500,Humble Substation
TX,29.87283,-95.01975,138000;12000,Crosby Substation
TX,29.82105,-94.99082,138000;12000,Haney Substation
TX,29.68375,-95.44784,138000;12500,Brays Substation
TX,30.37043,-95.06386,230000;138000,Jacinto Substation
TX,29.43734,-98.50683,138000,Five Points Substation
TX,29.41534,-98.50163,138000,Laredo Street Substation
TX,29.40479,-98.4795,138000,Fern Street Switchyard
TX,29.61562,-98.46966,138000,Encino Park Substation
TX,29.53157,-98.42432,138000,Nacogdoches Road Substation
TX,29.91007,-95.77719,345000;138000,Zenith Substation
TX,32.36646,-99.52657,138000,Pecan Bayou Substation
TX,32.49217,-100.24256,138000;69000,Eskota Switching Station
TX,26.09031,-97.16531,138000,Sunchase Substation
TX,29.22697,-99.69954,138000;69000,Downie Substation
TX,36.08034,-102.53173,115000;69000,Dallam County Substation
TX,36.06485,-102.52881,115000;69000,Dalhart Substation
TX,29.84252,-94.67108,138000,
TX,29.77624,-95.27271,138000,Busch Substation
TX,33.06617,-97.00973,345000;138000,Lewisville Substation
TX,32.19905,-100.02351,138000;34500,Horse Hollow 1 & 2 Substation
TX,32.1902,-100.01702,345000;138000,Horse Hollow Kendall Tie
TX,32.19651,-100.02306,345000;138000,Bluff Creek Substation
TX,32.19355,-100.0282,138000,Horse Hollow 2 & 3 Switching Station
TX,29.52355,-98.8099,138000,Talley Road Substation
TX,29.78874,-98.52632,138000;24900,Bergheim Substation
TX,29.79493,-98.59336,138000;24900,Fair Oaks Substation
TX,29.7768,-98.41337,138000;24900,Antler Substation
TX,29.98492,-98.8867,345000;138000,Kendall Substation
TX,29.8042,-98.72576,138000;12500,Boerne Substation
TX,29.978,-98.9032,138000,Comfort Substation
TX,29.88682,-98.76065,138000;12500,Welfare Substation
TX,29.98799,-98.88765,345000,Horse Hollow Generation Tie
TX,29.65121,-98.01726,345000;138000,Clear Springs Substation
TX,29.87081,-97.66126,138000;69000;12500,Lockhart Substation
TX,32.44401,-97.07272,345000;138000,Venus Substation
TX,32.60512,-97.08077,345000,
TX,32.71389,-97.07055,345000;138000,
TX,30.01775,-95.8612,138000,Betka Substation
TX,30.18629,-95.34227,230000;138000,Porter Substation
TX,30.09063,-95.10636,138000;13800,Parkway Substation
TX,30.18704,-95.34667,138000;13800,Tamina Substation
TX,30.13492,-95.21961,138000;13800,New Caney Substation
TX,29.90173,-95.37039,138000;12500,Aldine Substation
TX,29.83947,-95.3537,138000;12500,Berry Substation
TX,29.807,-95.28552,138000;12000,Liberty Substation
TX,36.49651,-101.39171,345000;230000;115000,Hitchland Substation
TX,33.31587,-96.59384,138000,
TX,29.78541,-95.52069,138000;12500,Echo Substation
TX,31.43551,-100.50722,138000,Bluffs Substation
TX,31.67605,-98.9819,138000,Brownwood South Substation
TX,30.0334,-94.07591,138000;69000,South Beaumont Substation
TX,31.81316,-106.53872,115000,
TX,30.62033,-94.96799,138000,Goodrich Substation
TX,30.5376,-94.96492,138000,Shepherd Substation
TX,30.38958,-97.7253,,PRC Transformer House #6
TX,29.30415,-94.90105,138000;12500,Tiki Island Substation
TX,29.41211,-98.4795,138000,Parsons Street Substation
TX,30.30359,-94.25727,500000;230000;138000,Cypress Substation
TX,29.22482,-98.25387,138000,Eagle Creek Substation
TX,32.59571,-97.43988,345000;138000,Rocky Creek Substation
TX,30.35117,-95.78155,138000,Dobbin Substation
TX,30.66131,-95.97329,345000,Singleton Substation
TX,30.37348,-97.64302,138000,Dessau Substation
TX,30.41013,-97.57422,345000;138000,Gilleland Creek Substation
TX,30.45247,-94.76564,138000,Rye Substation
TX,29.61945,-98.57184,345000;138000;34500,Hill Country Substation
TX,31.99762,-102.8335,138000,Notrees Substation
TX,31.98255,-101.13588,345000;34500,Panther Creek Wind 3 Substation
TX,29.47905,-98.58629,138000,Broadview Substation
TX,31.98394,-106.43487,345000;115000,Newman Substation
TX,32.73459,-97.44962,138000;69000,Calmont Substation
TX,31.82611,-106.25053,345000,Caliente Substation
TX,34.1811,-102.57089,345000;230000,Tolk Substation
TX,35.31028,-101.92291,345000;230000,Potter County Interchange
TX,29.67925,-98.45487,138000,Stonegate Substation
TX,29.49874,-98.60985,138000,Bandera Road Substation
TX,29.50291,-98.5599,138000,Fredericksburg Road Substation
TX,29.51123,-98.47714,138000,Chulie Substation
TX,34.0851,-99.18336,345000,North DC-Tie
TX,34.08526,-99.14533,345000,Riley Substation
TX,34.08616,-99.18077,345000,Oklaunion North Substation
TX,34.08233,-99.18077,345000,Oklaunion South Substation
TX,33.0583,-94.84405,345000,East DC-Tie
TX,32.84932,-94.55103,345000,
TX,32.84862,-94.54936,138000,
TX,33.09796,-94.88182,138000,
TX,33.05519,-94.83739,345000;138000,Welsh Substation
TX,33.0582,-94.96565,138000,
TX,33.48838,-94.17605,345000;138000,Northwest Texarkana Substation
TX,33.13639,-94.96621,138000;69000,
TX,32.89117,-94.57279,,
TX,32.74437,-94.69831,345000;138000,Diana Substation
TX,32.74439,-94.70022,138000,
TX,31.14232,-93.5725,138000,
TX,30.58571,-97.84161,138000,Leander Substation
TX,31.75251,-106.48884,,Santa Fe Substation
TX,30.26607,-93.73852,500000,Hartburg Substation
TX,30.25968,-93.73778,500000,
TX,33.86932,-101.84239,345000;230000;115000;69000,TUCO Interchange
TX,33.86548,-101.84261,230000,Antelope Station Switchyard
TX,34.165,-102.40982,230000;115000,Plant X Substation
TX,34.82078,-102.36084,230000;115000,Deaf Smith Interchange
TX,33.62748,-96.37037,345000;138000,Valley Switching Station (345 kV)
TX,33.63246,-96.35766,345000,Kiowa Switching Station
TX,33.6289,-96.36813,138000,Valley Switching Station (138 kV)
TX,33.8865,-98.42944,345000;138000,Fisher Road Substation
TX,33.8106,-98.60077,345000;138000,Bowman Substation
TX,33.13843,-98.60955,345000,Graham Substation
TX,33.88686,-98.43147,138000,
TX,33.13452,-98.6111,138000,
TX,33.27719,-98.1068,345000,Jacksboro Substation
TX,33.20304,-98.37282,345000,
TX,33.10281,-97.95277,345000,Henderson Substation
TX,33.10197,-97.95486,345000;138000,
TX,32.80625,-97.67631,345000,Parker Substation
TX,33.05623,-97.9103,345000,Willow Creek Substation
TX,33.05894,-97.90979,345000,
TX,33.0444,-98.33943,138000,
TX,32.90688,-97.47847,138000,Eagle Mountain Substation (138kV)
TX,32.90824,-97.47705,345000,Eagle Mountain Substation
TX,32.84201,-97.42541,138000,
TX,32.85783,-97.51205,138000,Azle Substation
TX,32.89701,-97.37449,138000,
TX,32.9567,-97.306,345000,Alliance Substation
TX,32.9919,-97.26159,345000;138000,Roanoke Substation
TX,33.04863,-97.20659,138000,Brazos Electric Substation
TX,33.07217,-97.03525,138000,Highlands Substation
TX,33.06371,-97.00947,138000,
TX,33.06418,-97.00404,138000;13000,Jones Street Substation
TX,32.71973,-97.60097,138000,
TX,33.17577,-97.21918,345000;138000,West Denton Substation
TX,33.31798,-96.63926,345000;138000,Anna Substation
TX,33.19071,-96.33794,345000,Farmersville Substation
TX,33.61372,-96.37331,345000,Valley South Substation
TX,33.32159,-96.52719,138000,
TX,33.63908,-95.58098,345000;138000,Paris Substation
TX,33.63815,-95.59027,138000,
TX,33.63254,-95.6983,138000,
TX,33.63365,-96.15885,138000,
TX,33.08483,-96.88381,138000,Colony Substation
TX,33.12322,-96.85977,138000,Bridges Substation
TX,33.04828,-96.90398,138000,Hebron Substation
TX,32.99865,-96.93049,138000,Carrollton Frankford Road Substation
TX,33.15835,-96.84142,138000,Roman Juarez Substation
TX,33.01158,-96.77931,138000,
TX,33.05879,-96.8311,138000,
TX,33.06025,-96.85968,138000,
TX,33.06129,-96.8064,345000;138000,
TX,33.04248,-96.77662,138000,
TX,33.01324,-96.77951,138000,
TX,33.01267,-96.77744,345000;138000,West Plano Substation
TX,32.52413,-99.82251,345000;138000,Mulberry Creek Substation
TX,32.62922,-99.54135,345000,Long Creek Substation
TX,32.76843,-99.42283,345000;34500,Hackberry Wind Substation
TX,32.74997,-99.32805,345000,Cook Field Road Substation
TX,32.53094,-100.6841,345000,Tonkawa Substation
TX,32.82682,-99.99352,138000;69000,Radium Substation
TX,32.39874,-100.64802,345000,Champion Wind Farm Substation
TX,32.57969,-100.69251,345000;34500,Pyron Wind Farm Substation
TX,33.10326,-98.90576,138000,
TX,32.49778,-100.59673,345000,Inadale Wind Farm Substation
TX,32.46997,-100.66604,345000,Roscoe Wind Farm Substation
TX,32.46389,-100.21691,345000,Sweetwater East Substation
TX,32.33426,-100.91592,345000;138000;69000,Morgan Creek Substation
TX,32.33439,-100.91408,,
TX,32.3332,-100.91432,,
TX,32.59829,-100.86161,345000;138000,Scurry County South Substation
TX,31.52886,-100.32111,345000;138000,San Angelo Red Creek Substation
TX,32.30055,-99.97407,138000,Callahan Divide Wind Substation
TX,31.86902,-98.55323,345000;138000,Comanche Switching Station
TX,32.37872,-97.7267,138000,
TX,32.33544,-97.73223,345000,Wolf Hollow Substation
TX,33.0916,-95.04204,345000;138000,Monticello substation
TX,33.63137,-95.58789,345000,
TX,32.64021,-97.25152,345000;138000,Everman Substation
TX,32.61263,-97.35304,345000,
TX,32.43794,-100.35114,345000;138000;34500,Sweetwater Wind 1 Substation
TX,32.37851,-100.72717,345000,Loraine Substation
TX,32.43782,-100.35219,345000,Bitter Creek Substation
TX,32.33795,-100.41994,138000;34500,Sweetwater Wind 3 Substation
TX,32.28587,-100.49521,345000,Sweetwater Wind 4 Substation
TX,32.4451,-100.74596,345000,Loraine Wind Farm Substation
TX,32.24206,-100.48765,345000,Sweetwater Wind 5 Substation
TX,33.21942,-97.26001,138000,
TX,33.31425,-97.73237,138000,
TX,33.31492,-97.7302,138000,
TX,29.55401,-98.506,138000,Harmony Hills Substation
TX,32.66557,-96.96102,345000;138000,
TX,32.65723,-97.02695,138000,
TX,32.55113,-97.07756,345000,
TX,32.63683,-97.21411,345000,
TX,32.96911,-96.35069,345000;138000;69000,Royse Substation
TX,33.06014,-96.70021,345000;138000;26400;12000,Allen Switching Station
TX,33.06036,-96.73399,138000,
TX,33.08572,-95.6174,345000;138000,Sulphur Springs Switching Station
TX,33.09498,-95.56883,138000,
TX,29.50389,-98.40804,138000,Austin Road Substation
TX,29.54853,-98.34312,138000,Fratt Substation
TX,29.58265,-98.28989,138000,Parkway Substation
TX,31.5138,-100.59802,345000;138000,Twin Buttes Substation
TX,31.87041,-100.83452,345000;34500,
TX,31.86951,-100.77718,345000,Divide Substation
TX,31.87022,-100.77927,345000;138000,
TX,31.93933,-100.83018,345000,Gasconades Creek Substation
TX,31.94078,-100.82705,345000,Goat Wind Substation
TX,32.10044,-101.45086,345000;34500,Panther Creek Wind 1 Substation
TX,31.84,-102.31627,345000,Quail Substation
TX,32.12403,-101.39609,345000;34500,Elbow Creek Wind Farm
TX,31.83864,-102.32738,345000,
TX,32.1003,-101.45234,345000,Longshore Substation
TX,31.81327,-102.49554,345000;138000;13200,Moss Substation
TX,31.92354,-102.4333,138000;12500,Ector Hillmont Substation
TX,32.06255,-102.07316,138000,Adobe Meadows Substation
TX,32.03615,-102.25167,345000;138000,Gardendale Substation
TX,32.95777,-96.61209,345000;138000,Ben Davis Substation
TX,33.01974,-96.52322,138000,
TX,33.02097,-96.5243,138000,
TX,33.02539,-96.52769,138000,
TX,32.85778,-96.42917,138000,
TX,32.90062,-96.38154,138000,Rockwall East Substation
TX,32.77731,-96.47567,138000,
TX,32.87247,-96.66364,138000,McCree Substation
TX,32.83736,-96.5486,138000,
TX,32.25699,-94.57465,345000,Martin Lake Substation
TX,32.41986,-95.25356,345000;138000,Shamburger Substation
TX,32.67343,-96.54628,345000;138000;12000,Seagoville Switching Station
TX,32.67386,-96.54893,138000;12500,Seagoville Substation
TX,32.2798,-95.34647,345000;138000,Tyler Substation
TX,32.31793,-95.40642,138000,
TX,32.53962,-96.31404,138000,
TX,32.44652,-95.57925,138000,
TX,32.27966,-95.30735,138000,
TX,32.27668,-95.19568,138000,
TX,32.27742,-95.25763,345000,
TX,32.38868,-97.38943,138000,North Cleburne Substation
TX,32.41132,-97.4557,138000,
TX,32.39732,-97.40814,138000,
TX,32.02461,-94.62108,345000,
TX,32.01472,-94.62428,345000,
TX,32.01782,-94.62123,345000,Tenaska Gateway Station
TX,31.93777,-94.99325,345000,
TX,31.36429,-95.39545,345000;138000,Crockett Substation
TX,32.55809,-96.84354,345000;138000,
TX,32.57476,-96.86936,138000,
TX,32.63204,-96.9461,138000,
TX,32.64904,-96.95958,138000,
TX,32.61497,-96.92451,138000;26400,TXU Cedar Hill Substation
TX,32.81516,-96.9187,345000;138000,
TX,32.7848,-96.99381,138000,Irving Belt Line Substation
TX,32.78473,-96.83533,345000,
TX,32.92864,-96.97121,138000,
TX,32.90785,-96.94332,138000,
TX,32.90795,-96.99208,345000;138000,
TX,32.88749,-96.93389,138000,
TX,32.81533,-96.91552,138000,
TX,29.23869,-98.4296,138000,Valley Road Substation
TX,31.3701,-94.76856,345000;138000,Lufkin Switching Station
TX,31.57473,-96.96419,345000;138000,Tradinghouse Substation
TX,31.81952,-96.05745,345000,Big Brown Station
TX,31.89026,-96.11341,345000,Richland Chambers Substation
TX,32.23471,-95.94937,345000;138000,Forest Grove Substation
TX,30.59385,-95.91911,345000,Tenaska Frontier Station
TX,32.46352,-94.47859,345000;138000,Pirkey Substation
TX,32.39543,-94.43448,345000,
TX,32.30071,-94.42776,138000;69000,
TX,31.12964,-97.26106,345000;138000,Temple Pecan Creek Substation
TX,31.07902,-97.3078,345000;138000;69000,Temple Switching Station
TX,31.85783,-97.3593,345000;138000,Bosque Switching Station
TX,31.86062,-97.36537,345000;138000;69000,Whitney Switching Station
TX,31.74611,-97.1773,138000,Rogers Hill Substation
TX,31.85962,-97.36724,138000;69000,Lake Whitney Substation
TX,31.18356,-96.48437,345000;138000,Oak Grove Substation
TX,31.37698,-96.20629,138000,Bear Grass Substation
TX,31.35244,-96.16335,345000;138000,Nucor Substation
TX,30.57741,-97.07689,345000;138000,Sandow Station
TX,30.91925,-97.20129,138000,Rogers Substation
TX,30.31398,-97.37942,138000,Cedar Hill Substation
TX,31.09127,-96.69356,345000,TNP One Substation
TX,30.62118,-96.08666,138000,Gibbons Creek Station
TX,30.14775,-97.27279,345000,Lost Pines Station
TX,30.14264,-97.54535,345000;138000,Garfield Substation
TX,30.12197,-97.43432,138000;24900,Bluebonnet Substation
TX,30.10173,-97.33518,138000;12500,Bastrop West Substation
TX,30.09124,-97.30591,138000;12500,Tahitian Village Substation
TX,30.14547,-97.54852,345000,Bastrop Energy Switchyard
TX,30.04443,-96.98653,138000,Winchester Substation
TX,35.14789,-102.09854,230000;115000,Bushland Interchange
TX,29.62043,-98.33287,138000,Green Mountain Substation
TX,29.59488,-98.47159,138000,Hollywood Park Substation
TX,30.00537,-97.67431,345000;138000,Lytton Springs Substation
TX,30.00353,-97.66761,138000;12500,Mendoza Substation
TX,29.82648,-97.96475,138000,McCarty Lane Substation
TX,31.03918,-97.72294,345000;138000,Killeen Substation
TX,30.97213,-97.51112,345000,Salado Switching Station
TX,30.97124,-97.51304,138000;13200,Salado Substation
TX,31.01004,-97.39354,138000;69000,Bell County Switching Station
TX,30.55117,-97.56134,345000;138000,Hutto Switching Station
TX,29.98627,-98.88478,138000;12500,Kendall CTEC Substation
TX,29.77779,-98.10585,138000;12500,River Oaks Substation
TX,32.26956,-100.17698,138000;34500,Horse Hollow 2 Substation
TX,32.26543,-100.28442,138000;34500,Horse Hollow 3 Substation
TX,29.59311,-97.97493,345000,Rio Nogales Switchyard
TX,29.77116,-98.77608,138000;24900;12500,Boerne Cico Substation
TX,29.62083,-98.14876,345000;138000,Marion Substation
TX,29.62317,-98.14106,345000,Guadalupe Generating Station
TX,29.4673,-97.99986,345000,Elm Creek Substation
TX,28.85317,-96.5574,138000,Lolita Substation
TX,29.23019,-95.91945,138000;12500,Newgulf Substation
TX,29.49071,-95.43006,138000;69000,Karsten Substation
TX,29.45627,-95.30817,345000,Oasis Substation
TX,29.57822,-98.2073,138000,Cibolo Substation
TX,28.98618,-95.35816,345000;138000,Dow Substation
TX,29.03241,-95.33906,138000,Cavern Substation
TX,28.98608,-95.33853,138000,Biport Substation
TX,28.88651,-96.1908,345000;138000;69000,Blessing Substation
TX,29.4883,-95.13398,138000;12500,Magnolia Substation
TX,29.45902,-95.25755,138000,North Alvin Substation
TX,28.70401,-98.47431,345000;138000,San Miguel Switchyard
TX,29.31026,-98.32361,138000,O. W. Sommers Switchyard
TX,29.50964,-98.36927,138000,Walzem Road Substation
TX,29.38197,-98.31848,138000,Beck Road Substation
TX,32.75766,-97.03399,138000,
TX,32.69059,-97.0349,138000,
TX,32.74432,-97.03507,138000,
TX,32.81718,-96.94535,138000;12500,Irving Grant Street Substation
TX,32.81592,-96.97452,138000,
TX,28.73986,-98.02393,345000;138000,Pawnee Substation
TX,29.95919,-98.91333,138000;12500,Cypress Creek Substation
TX,28.71689,-97.21284,345000;138000,Coleto Creek Substation
TX,27.84382,-97.61559,345000;138000;69000,Lon Hill Substation
TX,28.87161,-97.16447,138000,Four Corners Substation
TX,27.84923,-97.64623,69000,Calallen Substation
TX,28.69165,-97.23372,69000,Fannin Substation
TX,28.74645,-96.7332,138000,Gohlke Substation
TX,27.93577,-97.36089,345000;138000;69000,Whitepoint Substation
TX,27.80573,-97.57149,138000,McKenzie Substation
TX,27.56047,-97.66883,345000;138000,Nelson Sharpe Substation
TX,27.81329,-97.5873,138000,Oxy Petro Substation
TX,27.57893,-99.27564,345000;138000;69000,Lobo Substation
TX,27.09196,-97.77439,345000,Ajo Switching Station
TX,27.00345,-97.58347,345000,Zorillo Substation
TX,27.00248,-97.5842,345000;34500,Gulf Wind Substation
TX,27.10327,-97.52876,345000;34500,Penascal Substation
TX,26.64098,-97.7656,138000,F. Yturria Substation
TX,26.27748,-97.61337,345000;138000,Rio Hondo Substation
TX,26.1436,-97.64259,138000,La Palma 138 kV Substation
TX,26.34411,-98.18922,345000;138000;69000,North Edinburg Substation
TX,26.14658,-97.64274,345000;138000,La Palma 345 kV Substation
TX,35.96678,-101.86308,230000;115000,Moore County Substation
TX,35.96106,-101.87954,115000,Valero McKee Substation
TX,35.84192,-101.96058,115000;34500;12470,Dumas 19th Street Substation
TX,35.29645,-101.74726,230000,Harrington Switchyard
TX,35.29478,-101.83944,115000,Cherry Street Substation
TX,35.2835,-101.74528,230000;115000,Nichols Switchyard
TX,34.39901,-101.79536,230000;115000,Swisher
TX,35.10553,-101.81347,115000;13200,Arrowhead Substation
TX,35.14848,-101.77578,230000;115000,Randall County Interchange
TX,33.61461,-96.62668,138000,
TX,33.7159,-96.64772,138000,
TX,33.67269,-96.61475,138000,
TX,33.75892,-96.59204,138000,
TX,31.89037,-102.30843,138000;12500,Glenhaven Substation
TX,35.17755,-101.93599,115000,Pucket Substation
TX,35.16104,-101.91942,115000;69000,Coulter Substation
TX,32.74844,-97.33328,,
TX,35.18779,-101.92112,69000,Soncy Substation
TX,35.20661,-101.94031,115000,Sunset Substation
TX,31.90288,-102.35496,138000;12500,Grandview Substation
TX,31.84837,-102.35408,138000;12500,Odessa Substation
TX,31.79843,-102.52815,138000;12500,Ector Harper Substation
TX,31.99643,-102.12478,138000;12500,Midland West Substation
TX,32.3203,-97.40225,138000,
TX,35.63167,-101.43991,230000;115000;69000,Hutchinson County Interchange
TX,35.28202,-102.31633,230000;34500,Wildorado Wind Substation
TX,33.16797,-102.8022,115000;69000,Plains Interconnection
TX,33.44638,-102.45576,230000,
TX,33.16808,-102.80179,115000,
TX,33.87908,-102.32839,230000;115000;69000,
TX,33.44624,-102.45479,230000,
TX,33.22636,-102.80094,,Lea County Plains Substation
TX,33.52054,-102.45398,230000;115000,
TX,33.45846,-102.55754,230000,
TX,33.45925,-102.55878,230000,
TX,33.49151,-102.05567,230000;115000,Wolfforth Interchange
TX,32.96525,-102.78426,115000;69000,
TX,33.59113,-101.96692,230000;115000;69000,Carlisle Interchange
TX,33.52727,-101.87947,115000;12470,Allen Substation
TX,33.4984,-101.8888,69000,Oliver Substation
TX,33.49838,-101.94023,115000,Frankford Substation
TX,33.58576,-101.95795,230000;69000,McDonald Substation
TX,33.52256,-101.73896,230000,Jones Station
TX,33.51168,-101.82629,230000;115000;69000,Lubbock South Interchange
TX,33.57122,-101.79149,230000;115000;69000,Lubbock East Interchange
TX,33.17997,-101.68502,230000;115000,Grassland Interchange
TX,33.52084,-101.79242,230000;69000,Holly Substation
TX,33.51861,-101.85489,230000;69000,Southeast Substation
TX,35.40194,-100.89098,230000;115000,Grapevine Interchange
TX,35.37285,-100.24378,230000;115000,Wheeler Substation
TX,35.0997,-101.86391,230000;115000,Amarillo South Interchange
TX,35.21448,-101.80403,230000;115000;69000,East Plant Substation
TX,35.25043,-101.75923,115000;13800,Whitaker Substation
TX,30.98594,-97.36662,69000;12500,Little River Substation
TX,30.52813,-97.92838,138000,Nameless Substation
TX,30.27271,-97.73292,69000,Brackenridge Substation
TX,30.25004,-97.72108,138000;69000,Pedernales Substation
TX,30.17998,-97.89461,138000,Escarpment Substation
TX,29.51528,-98.58822,138000,Hamilton Wolfe Road Substation
TX,33.0058,-98.65392,,
TX,29.66468,-98.16259,138000;12500,Sheriff's Posse Substation
TX,34.16348,-99.28539,138000;69000,Vernon Main Street Substation
TX,31.22977,-98.15934,138000,Adamsville Substation
TX,31.91104,-100.99362,138000,
TX,31.97088,-100.95226,138000,
TX,31.90242,-100.89862,138000,
TX,32.76582,-97.41935,138000,
TX,30.63452,-97.85093,138000,Seward Junction Substation
TX,31.56754,-100.57353,69000,Carlsbad Substation
TX,31.43284,-100.49531,138000;69000,San Angelo College Hills Substation
TX,31.40324,-100.49183,138000,San Angelo Southland Hills Substation
TX,31.39514,-100.49291,138000;69000,San Angelo Power Station
TX,31.40236,-100.43831,138000,Ben Ficklin Substation
TX,31.42329,-100.45727,138000;69000,San Angelo South Substation
TX,31.45107,-100.42596,138000,San Angelo Highland Street Substation
TX,31.44988,-100.4279,138000,
TX,31.45007,-100.42709,69000,San Angelo Concho Substation
TX,30.93165,-99.78479,138000;69000,Yellowjacket Substation
TX,30.73804,-99.23418,69000,Mason Substation
TX,30.73773,-99.23177,138000;69000,Fort Mason Substation
TX,30.74815,-99.18534,138000;69000,Mason Substation
TX,30.87231,-99.53822,69000,Hext Substation
TX,30.82057,-99.38003,69000,Mason Switching Station
TX,30.30543,-98.90407,138000;69000,Gillespie Substation
TX,30.5328,-98.39252,138000,Horseshoe Bay Substation
TX,30.3068,-98.86589,138000,Nimitz Substation
TX,30.55555,-98.37128,138000,Ferguson Substation
TX,30.55968,-98.33747,138000;69000,Wirtz Substation
TX,30.56915,-98.47752,138000;69000,Sandy Creek Substation
TX,30.57261,-96.26652,138000,Spring Creek Substation
TX,30.39847,-94.44595,138000,Honey Substation
TX,27.60007,-97.22148,69000,North Padre Island Substation
TX,27.67903,-97.27215,138000;69000,Naval Base Substation
TX,27.72533,-97.14217,69000,Mustang Island Substation
TX,27.90024,-97.24682,138000,Dupont Switching Station
TX,27.96976,-97.39858,69000,Taft Substation
TX,27.9868,-97.32971,138000;69000,Rincon Substation
TX,29.76051,-95.25268,,
TX,29.67453,-97.01311,138000,Engle Substation
TX,29.67806,-97.10585,138000;69000,Flatonia Substation
TX,29.56002,-95.80876,138000;12500,Rosenberg Substation
TX,32.29973,-99.75941,69000,Roberts Substation
TX,29.32394,-98.05432,69000,La Vernia Substation
TX,29.40061,-98.07178,138000;69000,Olmos Substation
TX,29.56837,-97.87825,138000,Capote Substation
TX,29.59436,-97.95643,138000;12500,Seguin Substation
TX,29.58902,-98.0483,13200,
TX,29.58855,-98.04959,138000,McQueeney Substation
TX,29.7375,-97.95006,138000;24900,York Creek Substation
TX,29.48665,-98.44678,138000,Terrell Hills Substation
TX,32.77301,-94.39209,138000,Jefferson Switching Station
TX,33.5672,-101.82792,69000,Co-op Substation
TX,33.53388,-101.96535,115000;24940,Murphy Substation
TX,33.68642,-101.99656,,
TX,32.96444,-102.53313,115000;69000,
TX,33.04674,-102.42998,69000,
TX,33.94066,-102.35397,69000,
TX,30.31305,-97.68502,138000,Wheless Lane Substation
TX,31.00827,-96.80149,69000,
TX,27.70845,-97.39735,138000,Holly Substation
TX,27.69577,-97.37339,138000;69000,Airline Substation
TX,27.65919,-97.3825,138000,Rodd Field Substation
TX,27.68176,-97.35242,138000,Wooldridge Substation
TX,27.72042,-97.43773,138000,Cabaniss Substation
TX,30.43608,-96.00203,138000,Magnolia Anderson Substation
TX,30.4265,-95.64675,138000;34500,Bentwater Substation
TX,30.18361,-95.49125,138000;34500,Gosling Substation
TX,30.64911,-96.1015,138000,Keith Substation
TX,30.26686,-97.75138,138000,Seaholm Substation
TX,30.3892,-97.90905,138000,Marshall Ford Upper Switchyard
TX,30.40047,-97.77767,138000,Angus Valley Substation
TX,30.39869,-97.84226,138000,River Place Substation
TX,29.94067,-95.36972,345000;138000;34500,North Belt Substation
TX,30.38408,-97.90024,138000,Hidden Valley Substation
TX,30.31526,-97.85476,138000,Commons Ford Substation
TX,30.42676,-98.10888,138000,Paleface Substation
TX,30.35867,-97.97876,138000,Lakeway Substation
TX,30.26612,-97.8195,138000,Barton Substation
TX,30.21581,-97.79003,138000,Salem Walk Substation
TX,31.87984,-106.58588,115000,
TX,29.7607,-95.29919,138000;69000;12000,Clinton Substation
TX,30.23829,-97.87049,138000,Patton Lane Substation
TX,30.227,-97.95246,138000,Cedar Valley Substation
TX,29.72972,-95.42289,138000,Kirby Substation
TX,30.21906,-97.6726,138000,Bergstrom Substation
TX,32.44995,-99.72133,69000,Abilene Power Plant Substation
TX,30.80229,-97.60762,138000,Sonterra Substation
TX,30.79646,-97.56185,69000,Jarrell Substation
TX,30.79621,-97.61063,138000;25000,Jarrell East Substation
TX,29.81795,-95.16356,138000,Parkway Substation
TX,29.82005,-95.15411,138000,
TX,29.78747,-95.29118,69000;12000,Wallisville Substation
TX,29.01034,-95.36971,138000,DSM Substation
TX,28.98023,-95.36265,138000;12500,Velasco Substation
TX,30.36908,-95.6147,138000;13800,April Substation
TX,30.39554,-95.62047,138000;13800,Walden Substation
TX,30.13946,-97.5614,138000,Wolf Lane Substation
TX,30.16249,-97.68163,138000,Pilot Knob Substation
TX,30.13905,-97.67892,138000,Colton Substation
TX,31.76861,-106.23292,115000,
TX,31.79485,-97.09655,69000,West Substation
TX,31.11808,-99.32944,69000,South Brady Substation
TX,31.14565,-99.32305,69000,Dutton Substation
TX,33.0016,-94.95864,138000;69000,
TX,32.91456,-96.76863,138000,
TX,29.5305,-98.57134,138000,USAA #2 Substation
TX,29.53328,-98.57629,138000,USAA #1 Substation
TX,29.49368,-98.52459,138000,Buckeye Substation
TX,30.29327,-97.78439,138000,Austin Dam Substation
TX,30.29386,-97.78952,138000,Bee Creek Substation
TX,30.26521,-97.68718,138000;69000,Kingsbery Substation
TX,30.20319,-97.68711,138000,Carson Creek Substation
TX,36.32847,-102.07069,34500;12470;2400,Stratford Substation
TX,33.62692,-97.11452,138000,
TX,33.63567,-97.144,138000;69000,
TX,29.60452,-95.5637,138000;34500,Dewalt Substation
TX,30.75488,-98.05377,138000,Bertram Substation
TX,29.14118,-98.15424,138000,Floresville Substation
TX,34.25233,-99.68475,138000;69000,Lake Pauline Substation
TX,29.88124,-97.86641,69000;12500,Camp Gary Substation
TX,29.87539,-97.85136,69000;12500,Reedville Substation
TX,29.7971,-97.9556,138000;12500,Beback Substation
TX,31.81341,-106.1784,115000,Coyote Substation
TX,29.75264,-95.40186,69000;12000,Dunlavy Substation
TX,30.24225,-97.86826,138000,Vega Substation
TX,29.7328,-98.61238,138000;34500,Fair Oaks Ranch Substation
TX,30.62372,-97.64491,138000,Georgetown East Substation
TX,32.32824,-100.20759,138000,Buffalo Gap 2 Substation
TX,32.43306,-100.19346,138000,South Trent Wind Farm Substation
TX,32.29939,-100.11524,138000,Buffalo Gap 1 & 3 Substation
TX,32.20725,-101.38802,69000;13800,Signal Mountain Wind Substation
TX,29.22677,-95.42884,138000;12500,Angleton Substation
TX,30.37333,-97.7226,138000,Magnesium Plant Substation
TX,32.84927,-96.58427,138000,
TX,27.73187,-97.38347,138000,Southside Substation
TX,27.73467,-97.45221,138000,Westside Substation
TX,27.79677,-97.48547,138000,Weil Tract Substation
TX,29.98266,-95.5026,138000;34500;12500,Bammel Substation
TX,29.44948,-98.64006,138000,AMD Substation
TX,29.448,-98.63871,138000,Texas Cryptologic Center Substation
TX,33.09831,-96.68061,138000,
TX,33.94427,-99.77406,345000,Edith Clarke Substation
TX,34.05541,-99.67518,138000,
TX,28.86288,-99.60804,138000;69000,Batesville Substation
TX,30.40091,-97.74409,138000,Hamilton Substation
TX,31.32749,-94.73556,138000;12500,Lufkin Pershing Street Substation
TX,30.06526,-94.04936,138000,
TX,31.72099,-94.63771,138000,Central Heights Substation
TX,33.21517,-97.16184,138000,Hickory Substation
TX,30.36726,-97.74158,138000,Steck Substation
TX,29.72096,-95.36452,138000,Blodgett Substation
TX,31.76916,-106.49856,115000,
TX,31.76853,-106.49771,69000,
TX,28.51962,-97.04324,69000,O'Conner Substation
TX,30.27406,-97.6531,138000,Walnut Creek Substation
TX,33.83051,-96.85081,138000,
TX,33.75317,-96.84858,138000,
TX,29.66486,-98.38523,138000,Cibolo Creek Substation
TX,30.13027,-97.32108,138000,Bastrop Substation
TX,30.15617,-94.15734,230000;69000,Helbig Substation
TX,30.1841,-96.95109,138000,Giddings Substation
TX,33.23147,-95.9067,138000,
TX,30.30498,-97.61415,138000,Decker Switchyard
TX,29.43705,-98.61269,138000,Southwest Research Institute Substation
TX,32.70774,-96.56306,138000;12500,Lawson Road Substation
TX,32.7601,-96.57551,138000;12500,Mesquite Station
TX,29.77723,-95.38012,138000;12000,Crockett Substation
TX,33.25504,-95.91232,138000,
TX,33.2584,-95.89875,138000,
TX,33.37357,-96.06635,138000,
TX,33.15616,-96.1135,69000,
TX,33.16917,-96.12554,138000;69000,
TX,33.17031,-96.1258,69000,
TX,33.16661,-96.17198,138000,
TX,33.14193,-96.23487,138000,
TX,33.06811,-96.45153,138000,
TX,31.73967,-99.30484,138000,Santa Anna Substation
TX,32.85017,-96.58516,138000,
TX,32.96277,-96.53195,138000,
TX,32.98129,-96.64032,138000,Firewheel Substation
TX,32.95381,-96.67748,138000,Apollo Substation
TX,32.9568,-96.70079,138000,East Richardson Switching Station
TX,32.98317,-96.69627,138000,Richardson Spring Creek Substation
TX,32.95226,-96.6377,138000,Brand Substation
TX,32.91386,-96.6616,138000,Fairdale Substation
TX,32.90722,-96.67422,138000,
TX,33.19658,-101.78949,115000;69000;23000,Lynn County Interchange
TX,33.46235,-101.78914,115000;69000,Woodrow Interchange
TX,33.18449,-95.80333,138000,
TX,33.13191,-95.6135,138000,Sulphur Springs Substation
TX,33.12124,-95.82793,,
TX,33.09872,-95.85491,,
TX,32.97144,-95.91421,,
TX,33.01687,-95.6594,138000,
TX,32.96214,-95.69409,138000,
TX,33.22798,-95.35566,138000,
TX,29.69748,-97.65438,138000;69000;12500,Luling City Substation
TX,29.66107,-97.50456,69000;12500,Harwood Substation
TX,29.67099,-97.38777,69000;4160,Waelder Substation
TX,29.5743,-97.14023,138000,Moulton Substation
TX,29.27975,-97.15657,138000,Yoakum Gaetner Road Substation
TX,29.42878,-96.98728,138000,Hallettsville Substation
TX,32.92944,-96.4571,138000,Rockwall Substation
TX,32.91965,-96.51431,138000,
TX,32.90411,-96.54997,138000,
TX,32.8453,-96.61405,138000,
TX,27.70479,-97.35445,138000,Pharoah Substation
TX,32.76269,-96.70021,138000,
TX,29.56372,-95.76244,138000;12500,Reading Substation
TX,32.49026,-95.40554,138000,
TX,33.0011,-96.72419,138000,
TX,29.76265,-98.7203,138000;12500,Menger Creek Substation
TX,32.79535,-96.79653,,
TX,35.18599,-101.86929,69000;13800,Lawrence Park Substation
TX,33.13308,-97.10457,138000,
TX,29.53812,-95.56131,138000;34500,Sienna Substation
TX,35.16335,-101.86574,115000;69000;13800,South Georgia Interchange
TX,33.25498,-97.13313,138000,Denton North Substation
TX,27.62182,-97.87924,138000;69000,Stratton Substation
TX,27.74377,-98.25118,69000,San Diego Substation
TX,30.05403,-97.85892,69000,Centex Substation
TX,28.11217,-97.82391,69000,Mathis Substation
TX,28.03086,-97.5126,69000,Sinton Substation
TX,29.78236,-95.39851,69000;12500,Heights Substation
TX,30.02287,-100.19909,69000,Rocksprings Substation
TX,30.02119,-100.20184,69000,Rocksprings Substation
TX,33.45338,-99.60308,138000;69000,East Munday Substation
TX,33.45027,-99.62076,69000,Munday Substation
TX,29.73309,-95.51897,138000;12500,Dunvale Substation
TX,30.0734,-99.15075,138000,Harper Road Substation
TX,29.76609,-95.36778,138000;69000,Franklin Substation
TX,29.78975,-95.61964,138000;12500,Memorial Substation
TX,32.38654,-99.74727,138000,Canyon Rock Substation
TX,30.28999,-97.68958,138000,Mueller Substation
TX,32.71942,-101.93786,138000;69000,Lamesa Substation
TX,31.10412,-97.73867,138000;12500,Killeen Substation
TX,29.41499,-98.66708,138000,Hunt Lane Substation
TX,29.35693,-98.60144,138000,Pearsall Road Substation
TX,29.43373,-95.254,69000;12500,Alvin Substation
TX,29.56191,-95.14163,138000;12500,El Dorado Substation
TX,29.67945,-95.37212,138000;12500,Holmes Substation
TX,29.56013,-95.32266,138000;12500,Pearland Substation
TX,29.67479,-95.62072,138000;12500,Clodine Substation
TX,29.73661,-95.6173,138000;34500;12500,Westheimer Substation
TX,31.72202,-106.30442,115000,Lane Substation
TX,29.62788,-95.35269,138000;12500,Chocolate Bayou Substation
TX,33.14824,-96.67499,138000,
TX,33.15528,-96.6553,138000,
TX,29.70139,-95.48727,138000;12500,Sharpstown Substation
TX,35.71366,-101.41119,115000;69000,Riverview Substation
TX,30.27052,-97.6621,138000,Ed Bluestein Substation
TX,29.74149,-95.37146,138000;12000,Midtown Substation
TX,32.70164,-94.44863,138000,
TX,31.12569,-97.72946,138000;12500,Killeen Park Street Substation
TX,29.35877,-98.81591,138000,Castroville Substation
TX,29.25065,-98.8042,138000,Lytle Substation
TX,29.35029,-98.57518,138000,Leon Creek Switchyard
TX,29.38069,-98.63472,138000,Medina Base Substation
TX,29.27143,-98.45567,138000,OCI Alamo 1
TX,29.66554,-98.51764,138000;34500,Panther Springs Substation
TX,29.86364,-95.37942,138000;12500,Rittenhouse Substation
TX,30.23377,-97.76881,138000;12500,Cardinal Lane Substation
TX,29.25803,-98.38268,138000,Braunig Switchyard
TX,29.25824,-98.38421,345000,Arthur Von Rosenberg Switchyard
TX,29.61003,-98.27084,138000,Tri-County Substation
TX,29.58629,-98.62525,13800,
TX,29.03825,-98.60995,69000;12500,Poteet Substation
TX,29.16433,-98.68174,138000,Rossville Substation
TX,29.36334,-98.49584,138000,Harlandale Substation
TX,29.46683,-98.52645,138000,Los Angeles Heights Substation
TX,29.49867,-98.50827,138000,Dresden Drive Substation
TX,29.37017,-98.45461,138000,Hot Wells Substation
TX,29.39807,-98.56899,138000,36th Street Substation
TX,29.45538,-98.43795,138000,Fort Sam Substation
TX,29.31555,-99.10397,69000,Hondo Substation
TX,29.27239,-99.08438,138000;69000,Hondo Creek Substation
TX,29.13396,-98.89742,69000;12500,Devine Substation
TX,29.26297,-98.92427,138000;69000,Pearson Substation
TX,29.34524,-99.15099,138000,Hondo Substation
TX,29.21666,-98.84474,138000;69000;12500,Lytle Substation
TX,29.54799,-98.41968,138000,Capitol Cement Substation
TX,29.28453,-98.5075,138000,Mauermann Road Substation
TX,29.31821,-98.54971,138000,Palo Alto Substation
TX,29.21018,-98.50461,138000,Trumbo Substation
TX,29.56363,-98.2615,138000,Schertz Substation
TX,29.61253,-98.93315,138000;12500,Medina Lake Substation
TX,29.95833,-99.04617,138000;12500,Raymond F. Barker Substation
TX,29.93315,-99.05509,138000,Verde Creek Substation
TX,29.76058,-99.02233,138000;12500,Mason Creek Substation
TX,29.73648,-99.11157,138000;69000;12500,Bandera Substation
TX,29.52918,-98.41868,138000,Tuttle Switchyard
TX,32.95933,-96.86908,138000,
TX,33.27824,-96.99333,138000,Krugerville Substation
TX,25.90622,-97.44742,138000;69000,Airport Substation
TX,29.70621,-95.25699,138000,Goodyear Substation
TX,29.61178,-98.37442,138000,Alamo Cement Substation
TX,30.37472,-97.80648,138000,Jett Substation
TX,33.56711,-101.87857,69000,McCullough Substation
TX,29.92235,-98.41234,138000;69000,Devil's Hill Substation
TX,31.78014,-106.38513,69000,
TX,28.92427,-98.55202,69000,Jourdanton Substation
TX,30.41587,-97.00329,138000,Lexington Substation
TX,33.80695,-98.68881,138000;69000,
TX,29.61624,-95.03672,138000,Septon Substation
TX,29.6423,-95.05943,138000,Bypark Substation
TX,29.64953,-95.10276,138000;12500,Fairmont Substation
TX,29.65462,-95.04024,138000,Sylvan Substation
TX,29.63969,-95.05537,138000,Luzbay Substation
TX,29.62624,-95.04663,138000,Bayou Cogen Substation
TX,29.60942,-95.04955,138000;12500,Bayway Substation
TX,30.12863,-95.44505,138000;34500;12500,Rayford Substation
TX,29.86358,-95.68394,138000;34500,Gertie Substation
TX,29.93273,-95.19716,138000,
TX,30.0049,-95.09703,138000;34500,Atascocita Substation
TX,29.96439,-95.383,138000,Drilco Substation
TX,29.98952,-95.6184,138000;34500,Kluge Substation
TX,29.85046,-94.92822,138000,
TX,30.05444,-95.18938,138000;34500,Kingwood Substation
TX,29.7579,-94.95018,138000;12000,Cedar Bayou Substation
TX,30.25972,-98.88517,138000;69000,Fredericksburg Substation
TX,30.12335,-99.08809,138000;24900,Wolf Creek Substation
TX,30.26202,-98.29847,138000,Miller Creek Substation
TX,30.22994,-98.3703,138000;69000,Mountain Top Substation
TX,30.73837,-98.96321,138000;12500,Castell Substation
TX,30.05789,-99.13385,138000;12500,Kerrville Stadium Substation
TX,29.27913,-95.29486,138000;12500,Liverpool Substation
TX,29.05576,-95.34748,138000,Riwood Substation
TX,29.05001,-95.35479,138000,Stratt Substation
TX,29.25301,-95.22033,138000,Petson Substation
TX,28.95879,-95.33916,138000,Surfside Substation
TX,29.75224,-95.36168,138000,Polk Substation
TX,29.78696,-95.83935,138000;34500,Katy Substation
TX,29.98691,-95.3674,138000;34500;12500,Intercontinental Substation
TX,29.9508,-95.33321,138000;12000,Greens Road Substation
TX,29.68943,-95.38956,138000;34500,Plaza Substation
TX,29.7479,-95.38442,69000;12000,Hyde Park Substation
TX,29.77898,-95.25244,138000,Oates Substation
TX,29.40397,-94.99515,138000,Freeway Park Substation
TX,29.46114,-95.05692,138000;12500,Dickinson Substation
TX,29.52266,-95.15338,138000;12500,Friendswood Substation
TX,29.30285,-94.79741,138000;12500,Galveston 26th Street Substation
TX,29.29624,-94.82685,138000;12500,West Galveston Substation
TX,29.6924,-95.12895,138000;12000,Deer Park Substation
TX,29.66789,-95.50936,138000;12500,Fondren Substation
TX,29.59461,-95.63013,138000;34500,Imperial Substation
TX,29.58688,-95.53411,138000;12500,Quail Valley Substation
TX,29.57943,-95.48749,138000;12500,Telview Substation
TX,29.86417,-95.42992,69000;12500,Little York Substation
TX,29.692,-95.08906,138000;12500,Underwood Substation
TX,29.88327,-95.11154,138000,
TX,29.7497,-95.01953,138000,Exxon Substation
TX,29.58933,-95.2402,138000;12500,Hall Substation
TX,29.66484,-95.01613,138000;12500,La Porte Substation
TX,29.5541,-95.25733,138000;12500,Mary's Creek Substation
TX,29.748,-95.20746,138000,
TX,29.76955,-95.20561,138000;12000,Normandy Substation
TX,29.81846,-95.21826,345000,Greens Bayou 345kV Substation
TX,29.8201,-95.22086,69000,Greens Bayou 69kV Substation
TX,29.82024,-95.12632,138000;35000;12000,
TX,30.14814,-96.42287,138000,Guy Burks Substation
TX,29.47115,-95.75087,69000;12500,Big Creek Substation
TX,29.29176,-95.72926,69000;12500,Damon Substation
TX,29.39612,-95.8409,69000;12500,Needville Substation
TX,29.15679,-95.65756,138000;69000;12500,West Columbia Substation
TX,29.14926,-95.65012,138000;13800;12500,West Columbia Local Substation
TX,29.05293,-95.42398,138000;12500,Lake Jackson Substation
TX,29.19494,-96.01556,138000;12500,South Lane City Substation
TX,29.18848,-95.9116,138000;12500,Pledger Substation
TX,29.78523,-95.47962,138000;12500,Wirt Substation
TX,29.71492,-95.2652,69000;12000,Harrisburg Substation
TX,29.59913,-95.2874,138000;12500,Telephone Substation
TX,29.71642,-95.18924,138000,Davson Substation
TX,29.7178,-95.23446,69000,
TX,29.72021,-95.20736,138000,
TX,29.26063,-94.85341,138000;12500,Moody Substation
TX,29.39158,-95.09101,138000;12500,Alta Loma Substation
TX,29.34748,-95.0159,138000;12500,Hitchcock Substation
TX,29.11268,-95.09062,138000;12500,Westbay Substation
TX,29.22779,-94.91068,138000;12500,Stewart Substation
TX,28.69293,-96.94558,138000,Dupont Switching Station
TX,28.95658,-96.64612,138000,Edna Substation
TX,29.18699,-96.26742,138000,El Campo Substation
TX,29.01317,-96.50272,138000,Ganado Substation
TX,29.948,-95.67258,138000;34500,Cy-Fair Substation
TX,29.12945,-97.308,138000,Cuero Hydro Substation
TX,29.30899,-97.39532,138000,Cheapside Substation
TX,28.99746,-97.14855,138000,Thomaston Substation
TX,29.10747,-97.27244,138000;69000,Cuero Substation
TX,29.5179,-97.46806,138000;69000;12500,Gonzales Substation
TX,28.89312,-97.13305,138000;69000,Sam Rayburn Switchyard
TX,28.80585,-96.64583,138000;69000,Vanderbilt Substation
TX,28.81638,-97.075,138000;12500,Loop 463 Substation
TX,28.64874,-96.54644,138000,Joslin Substation
TX,28.53489,-96.79629,69000,Greenlake Substation
TX,28.57457,-96.83302,138000,Vistron Substation
TX,28.6424,-96.91966,138000,Black Bayou Substation
TX,28.61072,-96.6583,69000,Port Lavaca Substation
TX,28.6304,-96.63382,69000,Brookhollow Substation
TX,30.23382,-97.85946,138000,Oak Hill Substation
TX,30.88413,-96.62592,138000;69000,Hearne Substation
TX,28.68363,-96.55109,138000;69000,Formosa Substation
TX,28.68626,-96.55119,138000,Formosa Plastics Switching Station
TX,28.65757,-96.55763,138000,Alcoa Substation
TX,28.98772,-95.96933,138000,Bay City Substation
TX,28.96674,-96.06963,69000,Markham Substation
TX,28.84247,-97.83742,138000;69000,Kenedy Switching Station
TX,28.85603,-98.7021,69000,Charlotte Substation
TX,28.74419,-96.42232,69000,Carancahua Substation
TX,28.75701,-96.21213,69000,Palacios Substation
TX,30.01404,-94.0521,138000,
TX,29.94139,-93.95838,230000,Mid County Substation
TX,29.95375,-93.97178,138000,Stonegate Substation
TX,30.00089,-94.18435,138000;13800,Cheek Substation
TX,30.03701,-94.89252,138000;13800,Dayton Bulk Substation
TX,30.71868,-95.547,138000,Huntsville Substation
TX,30.0245,-93.87903,230000;138000,
TX,30.07628,-94.11059,69000;13800,Cargill Wire Substation
TX,30.05101,-94.09369,69000;4160,Yankee Doodle Substation
TX,30.07417,-94.10966,69000,Crockett Substation
TX,30.05554,-94.12229,69000;4160,Lincoln Substation
TX,30.06659,-94.07782,138000,Burt Street 138kV Substation
TX,30.06657,-94.07888,138000,Carrol Street Park 138kV Substation
TX,30.07792,-94.19052,69000;13800,
TX,30.07712,-94.2342,230000;69000;34500,Amelia Bulk Substation
TX,30.15954,-94.23607,230000,Bevil Substation
TX,30.10414,-94.14276,69000;13800,Briarcliff Substation
TX,30.07064,-94.15507,69000;13800,Lindbergh Substation
TX,30.12746,-94.13871,69000;13800,McHale Substation
TX,30.0953,-94.16868,69000,Tanglewood Substation
TX,30.08215,-94.13394,69000;4160,West End Substation
TX,30.1257,-94.16945,69000;13800,Parkdale Substation
TX,30.03702,-94.13314,69000;13800,Tyrrell Substation
TX,30.04241,-94.10796,69000;13800,Virginia Substation
TX,29.91647,-94.15538,69000,Lovell Lake Substation
TX,30.07463,-94.09955,,Archie Substation
TX,30.09129,-94.10807,69000;4160,Jirou Substation
TX,30.10686,-94.11923,69000;4160,North End Substation
TX,30.08546,-94.09663,69000;4160,Travis Substation
TX,30.13832,-94.17137,69000;13800,Rosedale Substation
TX,29.87443,-93.94183,69000,Fort Worth Substation
TX,29.94533,-93.92093,69000,Groves Substation
TX,29.92469,-93.94011,230000,Kolbs Substation
TX,29.91328,-93.90111,69000;13800,Lakeview Substation
TX,29.88778,-93.94441,69000,Port Arthur Water Works Substation
TX,29.88891,-93.9454,69000,Texaco Substation
TX,30.02746,-94.67286,138000;69000;13800,Raywood Substation
TX,29.85023,-93.97365,69000,
TX,29.87393,-93.9721,69000,
TX,29.88721,-93.99873,230000;69000,Port Acres Bulk Substation
TX,29.86832,-93.95034,69000,Westside Substation
TX,29.90737,-94.01,69000,Dorsey Substation
TX,29.9004,-94.00526,69000;4160,Explorer Substation
TX,29.96506,-94.04947,69000;13800,Federal Substation
TX,30.06844,-94.22525,69000,Gallier Co Substation
TX,30.06631,-94.23235,69000;4160,Meeker Substation
TX,29.97275,-94.05476,69000;13800,Mobil Hebert Substation
TX,30.09548,-93.79042,138000;69000;13800,Orange Bulk Substation
TX,30.06975,-94.23174,69000;4160,Poly Substation
TX,29.90044,-94.00902,69000;13800,Port Acres Substation
TX,30.13475,-94.41203,69000,Sour Lake Substation
TX,29.96581,-94.02909,69000;13800,Spurlock Substation
TX,30.11093,-93.74217,69000;4160,Cordrey Substation
TX,29.84397,-95.31416,138000;12000,Bertwood Substation
TX,29.96472,-95.44007,138000;34500,Gears Substation
TX,29.85059,-95.26594,138000;12000,Glenwood Substation
TX,29.91124,-95.32154,138000;12000,Lauder Substation
TX,29.93512,-95.28856,138000,Lockwood Substation
TX,29.88372,-95.28526,138000;12000,Scenic Woods Substation
TX,29.25627,-95.21166,138000,Monsanto Substation
TX,29.43331,-95.24944,138000;12500,Alvin Substation
TX,29.36273,-95.20371,138000;12500,Mustang Bayou Substation
TX,29.55225,-95.38928,138000;34500,Southwyck Substation
TX,29.92114,-96.5719,138000,Pisek Substation
TX,30.03273,-96.47853,138000,Welcome Substation
TX,29.6301,-95.40362,138000;12500,Almeda Substation
TX,29.65972,-95.24485,138000;12000,College Substation
TX,29.9112,-95.42301,138000;12500,Hidden Valley Substation
TX,29.87855,-94.27293,,
TX,30.01002,-94.0285,69000,DuPont Dee Substation
TX,29.97814,-93.95242,69000,Magnolia Substation
TX,29.94567,-93.88993,230000,Gulfway Substation
TX,29.90754,-93.92538,230000,Hanks Substation
TX,29.89515,-94.22517,69000,Pansy Substation
TX,29.97615,-93.93416,69000,Pine Street Substation
TX,29.96324,-93.93871,138000;69000,Port Neches Bulk Substation
TX,29.96179,-93.89722,230000,VFW Park Substation
TX,29.98567,-94.01095,138000;13800,Central Substation
TX,29.97159,-93.9787,69000;13800,Crowder Substation
TX,29.98807,-93.94686,69000,Goodrich Substation
TX,29.96336,-93.92207,138000,Linde Substation
TX,29.98739,-93.96106,69000;13800,Port Neches Substation
TX,29.99509,-93.98427,138000,Union Substation
TX,29.93378,-93.90366,69000;13800,Manchester Substation
TX,29.729,-95.1503,138000,
TX,29.73798,-95.17035,69000,
TX,29.72195,-95.16436,138000;69000,South Channel Substation
TX,29.69915,-95.17203,138000,Strawberry Belt Substation
TX,29.71624,-95.20051,138000,Witter Substation
TX,29.74611,-95.34149,69000,
TX,29.75352,-95.01481,138000,
TX,29.85897,-94.98036,138000,
TX,29.82804,-94.92787,69000,
TX,29.7423,-95.01999,69000,
TX,29.80075,-95.03134,138000;12000,Highlands Substation
TX,29.81327,-95.1211,138000,PSArco Substation
TX,29.28923,-96.07033,138000,Dyann Substation
TX,29.87521,-95.84135,138000;12500,Freeman Substation
TX,28.94035,-95.34846,138000;12500,Freeport Substation
TX,29.5011,-95.08192,138000;12500,League City Main Substation
TX,29.23378,-95.18702,138000,Amoco Substation
TX,29.49915,-95.20134,138000;12500,Friendswood Substation
TX,29.48324,-95.25257,138000;12500,Hastings Substation
TX,29.24353,-95.59391,138000;12500,Nash Substation
TX,29.46842,-95.17915,138000;12500,Seminole Substation
TX,29.53828,-95.02633,138000;12500,Kemah Substation
TX,29.37963,-94.93458,138000,Greenbelt Substation
TX,29.3787,-94.94756,138000,Apache Substation
TX,29.38971,-94.94995,138000;69000;12500,Heights Substation
TX,29.38014,-94.92298,138000,Tejas Substation
TX,29.37957,-94.94413,138000,Caddo Substation
TX,29.36713,-94.96501,69000;12500,La Marque Substation
TX,29.36362,-94.92453,138000;69000,Amoco Substation
TX,29.37326,-94.91486,138000,Comanche Switching Station
TX,29.36713,-94.91583,138000;69000,Cherokee Switching Station
TX,29.40903,-94.91359,69000;12500,Northside Substation
TX,29.37893,-94.94381,138000,
TX,29.37673,-94.90186,69000,
TX,29.37058,-94.91129,69000,Terminal Substation
TX,29.37645,-94.90773,69000,Choctaw Substation
TX,29.42562,-94.96384,138000,ISP Substation
TX,29.38305,-94.89268,69000,
TX,29.38149,-94.90154,69000,Texas City Main Substation
TX,28.98876,-95.57344,69000;12500,Clemons Substation
TX,29.05689,-95.58542,69000,Clemons Switching Station
TX,29.16698,-95.44064,138000;12500,Angleton Substation
TX,29.06227,-95.57758,138000;69000;12500,Brazoria Substation
TX,29.05541,-95.68713,138000;12500,Sweeny Substation
TX,29.1546,-95.65709,138000,West Columbia Main Substation
TX,30.23206,-95.51526,138000;34500,Alden Substation
TX,30.25168,-95.43328,138000,Plantation Substation
TX,30.33798,-95.44718,138000;13800,Conair Substation
TX,30.28903,-95.45524,138000;13800,Conroe Bulk Substation
TX,30.29733,-95.54777,138000,Fish Creek Substation
TX,30.17478,-95.46225,138000;34500,Metro Substation
TX,30.00033,-99.10037,138000,Kerrville Legion Substation
TX,30.04265,-99.12464,138000,Kerrville Travis Substation
TX,30.07979,-99.21023,138000,Goat Creek Substation
TX,30.03013,-99.17314,138000,Rim Rock Substation
TX,30.04999,-93.76902,69000,
TX,30.05051,-93.75867,138000,
TX,30.05572,-93.75654,138000,
TX,30.05809,-93.74919,138000,
TX,30.05985,-93.7516,69000;13800,Adams Bayou Substation
TX,30.05034,-93.77455,138000,Bunch Gully Substation
TX,30.0412,-93.74974,138000,Cow Substation
TX,30.09092,-93.72937,69000;13800,Front Street Substation
TX,30.07595,-93.75844,69000;13800,West Orange Substation
TX,29.55935,-94.39557,69000;13800,Himex Substation
TX,29.79197,-94.40101,138000;69000,Stowell Substation
TX,29.96892,-99.20726,138000;24900,Turtle Creek Substation
TX,30.07613,-99.33602,138000,Hunt Substation
TX,30.08452,-99.24529,138000,Ingram Substation
TX,29.80627,-99.25381,69000;12500,Medina Substation
TX,30.21102,-97.69315,138000,Met Center Substation
TX,30.21472,-97.7237,138000,AMD Substation
TX,30.21648,-97.71097,138000,Grove Substation
TX,30.21469,-97.73672,138000,Burleson Substation
TX,30.1862,-97.76911,138000,Hi Cross Substation
TX,30.47956,-97.78167,138000,Jollyville Substation
TX,30.43315,-97.68877,138000,Howard Lane Substation
TX,30.41968,-97.66584,138000,Tech Ridge Substation
TX,30.43719,-97.75024,138000,Williamson Substation
TX,30.4646,-97.75731,138000,Northwest Substation
TX,30.47424,-97.69417,138000,Round Rock South Substation
TX,30.5212,-97.70216,138000;25000;12500,Round Rock Substation
TX,30.36215,-97.68311,138000,Fiskville Substation
TX,30.34354,-97.71616,69000,Justin Lane Substation
TX,30.44606,-97.68911,138000,Wells Branch Substation
TX,30.37125,-97.58091,138000,Harris Branch Substation
TX,30.3531,-97.64553,138000,Sprinkle Substation
TX,29.62831,-95.06482,138000,Celnec Substation
TX,29.64765,-95.05543,138000,Bimont Substation
TX,29.55231,-95.17499,138000;12500,Pilgrim Substation
TX,29.48124,-95.58638,138000;12500,Thompsons Substation
TX,29.71955,-94.91463,138000;12000,Trinity Bay Substation
TX,29.73588,-95.48381,138000;12500,Ulrich Substation
TX,29.35371,-95.42966,138000;12500,Rosharon Substation
TX,29.85046,-94.92822,138000,
TX,29.86072,-94.94056,138000,
TX,29.83868,-94.92151,138000,
TX,29.62745,-97.97063,138000,Geronimo Substation
TX,29.48761,-98.04395,138000,New Berlin Substation
TX,29.65382,-98.09706,138000,Schumansville Substation
TX,29.54355,-98.29065,138000,Randolph Field Substation
TX,30.33311,-99.57615,345000,Edison Substation
TX,30.40988,-99.65183,69000;24900,Segovia Substation
TX,29.06578,-95.73727,69000,Old Ocean Substation
TX,29.07215,-95.74386,138000;69000,Sweeny Cogeneration Substation
TX,29.07613,-95.74461,69000;4160,Phillips Tank Farm Substation
TX,31.04735,-100.54306,345000,Big Hill Substation
TX,30.69593,-100.19487,345000,Orsted Substation
TX,30.62909,-96.29245,138000,College Station Junction
TX,30.3404,-95.61453,138000,Lake Forest Substation
TX,30.94513,-96.5693,138000,Robertson Substation
TX,30.95143,-96.57591,69000,Elliot Substation
TX,31.04207,-96.49205,69000,Franklin Substation
TX,30.31072,-97.73389,69000,Central Austin Substation
TX,30.39103,-97.73019,138000,Balcones Substation
TX,30.32837,-97.72695,69000,Koenig Lane Substation
TX,30.33541,-97.75466,138000;69000,Northland Substation
TX,30.31517,-97.78049,138000,Lakeshore Substation
TX,30.7396,-97.69408,138000,Glasscock Substation
TX,30.6485,-97.68965,138000;25000,Rivery Substation
TX,30.5918,-97.69587,138000,Chief Brady Substation
TX,30.49531,-97.80837,138000,Kent Substation
TX,30.41704,-97.35911,138000,Elgin Switching Station
TX,30.5671,-97.39733,138000;69000;12500,Taylor Substation
TX,30.34705,-98.00433,138000,Bee Creek Substation
TX,29.14732,-98.14486,138000,Stockdale Road Substation
TX,29.57422,-97.94568,138000;12500,Cushman Substation
TX,29.46838,-97.86417,138000,Hickory Forest Substation
TX,29.49402,-97.9585,138000,Highway 123 Substation
TX,29.26693,-98.06397,138000,Sutherland Springs Substation
TX,29.33767,-98.17283,138000,Wilson Substation
TX,30.11768,-97.98565,138000,Rutherford Substation
TX,30.28194,-98.23935,138000;12500,Phillips Johnson City Substation
TX,30.17376,-98.08373,138000,Dripping Springs Substation
TX,30.46066,-97.97857,138000,Lago Vista Substation
TX,30.13525,-97.85062,138000,Manchaca Substation
TX,30.20282,-98.15678,138000,Henly Substation
TX,30.18769,-97.84822,138000,Brodie Lane Substation
TX,30.17221,-97.81149,138000,Slaughter Lane Substation
TX,30.07377,-97.78301,138000,Turnersville Substation
TX,30.31066,-97.7582,138000,Warren Substation
TX,29.63324,-95.56198,138000,Mula Substation
TX,29.75967,-95.17301,138000,Haden Substation
TX,29.75314,-95.18463,138000,Port Substation
TX,29.74891,-95.0211,69000,
TX,29.75181,-95.1252,138000;12000,Jacintoport Substation
TX,29.75107,-95.1943,138000,Taylor Substation
TX,29.72703,-95.15424,138000,
TX,29.37058,-98.9425,69000,Bader Substation
TX,29.05973,-98.95036,138000;69000,Big Foot Substation
TX,29.37657,-98.88692,69000,Castroville Substation
TX,29.1253,-98.92433,69000,Devine Substation
TX,29.06687,-99.02247,69000,Moore Substation
TX,29.2072,-98.90522,69000,Natalia Substation
TX,31.07592,-97.11499,69000,Barclay Substation
TX,31.03476,-97.40421,69000,Temple Taylor Valley Substation
TX,31.14144,-97.43412,138000;13200,Lake Belton Substation
TX,31.0712,-97.35497,138000;13200,Temple Southeast Substation
TX,31.07578,-97.36009,138000,Scott and White Substation
TX,31.08808,-97.33148,138000;69000;12500,Temple Substation
TX,31.08098,-97.28245,138000;69000,Seaton Substation
TX,30.79142,-97.42674,69000;7200,Bartlett Substation
TX,30.72336,-97.44664,69000;4000,Granger Substation
TX,30.87548,-97.4033,69000;13200;12500,Holland Substation
TX,31.13086,-97.32996,138000;12500,Temple Elm Creek Substation
TX,31.86459,-97.37153,69000,Whitney Dam Substation
TX,30.54146,-97.6489,138000;25000,Round Rock Northeast Substation
TX,30.557,-97.48663,138000;13200,Taylor West Substation
TX,30.58851,-97.68323,138000,Georgetown South Substation
TX,30.56704,-97.69854,138000,Round Rock Westinghouse Substation
TX,32.82088,-96.73021,138000,
TX,31.53638,-99.19781,345000,
TX,31.43106,-98.56627,138000,Goldthwaite Substation
TX,31.53798,-99.19531,345000,Brown Substation
TX,30.31296,-97.97129,138000,Trading Post Substation
TX,32.80775,-96.80134,138000,
TX,32.89295,-96.76388,138000,Kirkland Park Substation
TX,32.84105,-96.76878,138000;69000;12500,Greenville Avenue Substation
TX,32.78222,-96.74593,138000;12500,Haskell Substation
TX,32.76453,-96.81878,138000,
TX,32.74214,-96.89454,138000,Calumet Substation
TX,32.76233,-96.7851,138000,Wall Street Substation
TX,32.71101,-97.15635,138000,
TX,32.71702,-97.18512,138000,
TX,32.76399,-97.07864,138000,
TX,32.77825,-97.06662,138000,
TX,32.71366,-97.11558,138000,
TX,32.67496,-97.2544,138000,
TX,32.73341,-97.27002,138000,
TX,32.73939,-97.33238,138000;12500,Hemphill Substation
TX,32.73454,-97.35371,138000;12500,Mistletoe Heights Substation
TX,33.00393,-96.75396,138000,
TX,32.82286,-96.79219,138000,Armstrong Substation
TX,32.86743,-96.76582,138000;12500,Blackwell Street Substation
TX,32.85085,-97.18692,138000,
TX,32.84599,-97.22655,138000,
TX,32.79906,-97.32514,138000,
TX,32.46416,-97.30561,138000,
TX,32.76274,-97.33514,138000,
TX,32.58433,-97.17396,138000,
TX,32.65807,-97.29482,,
TX,32.81352,-97.38274,138000,
TX,32.87,-97.05941,138000,
TX,32.81508,-97.12214,138000;12500,Euless South Substation
TX,32.87569,-97.30785,138000,
TX,32.86552,-97.01167,138000,
TX,32.74212,-97.33644,69000,
TX,32.64761,-97.34751,138000,
TX,32.4951,-97.42515,138000,
TX,32.80557,-97.22327,138000,
TX,32.82066,-97.30269,138000,
TX,32.46188,-97.38388,138000,
TX,32.81835,-97.06365,138000,
TX,32.85266,-97.14733,138000,Bedford Substation
TX,32.70449,-97.32504,69000;12500,Bryan Avenue Substation
TX,32.64485,-97.28619,69000,Forest Hill Substation
TX,32.64466,-97.28712,138000;69000,Forest Hill Switching Station
TX,32.75864,-97.35782,138000,
TX,32.76474,-97.39172,138000,Blackstone Substation
TX,32.77297,-97.4527,69000,General Dynamics Substation
TX,32.76206,-97.33573,138000,North Main Substation
TX,32.84431,-97.12185,138000,
TX,32.76742,-97.45856,138000;69000,
TX,32.89452,-97.16532,138000;25000,Colleyville Substation
TX,32.92063,-97.25655,138000,Keller Wall Price Substation
TX,32.90068,-97.09109,138000,
TX,32.86533,-97.09933,138000;25000;12500,Euless Substation
TX,32.92615,-97.08485,138000,Grapevine Ball Street
TX,29.87052,-98.19497,138000,
TX,29.85245,-98.28329,138000,Crane's Mill Substation
TX,29.84971,-98.17122,138000,Sattler Substation
TX,32.92654,-97.02025,138000,
TX,32.94908,-97.00785,138000,Coppell Switching Station
TX,33.15983,-96.75244,138000,Custer Substation
TX,33.18183,-96.83163,138000,Frisco Substation
TX,33.11116,-96.77471,138000,Lebanon Substation
TX,33.13695,-96.77489,138000,Lebanon Substation
TX,33.22105,-96.91795,138000,Navo Substation
TX,32.95135,-96.97568,138000,North Lake Substation
TX,33.20319,-96.877,138000,Panther Creek Substation
TX,33.20311,-96.79328,138000,Rock Hill Substation
TX,32.9561,-96.84827,138000,
TX,32.96237,-96.81958,138000,
TX,33.01217,-96.85678,138000,
TX,32.97587,-96.84913,138000;25000;12500,
TX,32.97744,-96.88905,138000;12500;7200,Carrollton-Josey Lane Substation
TX,32.98208,-96.85064,138000,Carrollton-Tarpley Road Substation
TX,32.95042,-96.91277,138000;12500;7200,Carrollton-Upfield Substation
TX,33.00303,-96.99716,138000,
TX,33.08594,-97.05198,138000,Highland Substation
TX,33.00629,-97.01088,138000;13000,South Substation
TX,33.04798,-97.03504,138000;13000,West Substation
TX,29.93315,-98.20579,138000,Fischer Substation
TX,29.94574,-98.09357,138000,Highway 32 Substation
TX,29.67499,-98.18081,138000;4200,Cemex Substation
TX,29.65823,-98.20287,138000;12500,EC Mornhinweg Substation
TX,29.70399,-98.0859,138000;12500,Freiheit Road Substation
TX,29.70223,-98.16001,138000;12500,Loop 337 Substation
TX,33.59468,-99.25458,69000,Seymour Substation
TX,30.86187,-96.60725,69000,Hearne Southwest Substation
TX,30.85989,-96.60108,69000,Hearne Substation
TX,32.77416,-96.76552,138000,
TX,32.77769,-96.87163,138000,
TX,32.75521,-96.87464,138000,
TX,32.5387,-94.39631,138000,Marshall Substation
TX,32.5433,-94.25431,138000,Scottsville Substation
TX,32.52234,-94.35171,138000,Southeast Marshall Substation
TX,32.47809,-94.04639,69000,Waskom Substation
TX,29.6956,-97.74711,138000;12500,Pooley Road Substation
TX,30.59507,-96.41741,138000,Thompson Creek Substation
TX,30.55424,-96.25776,138000,Greens Prairie Substation
TX,32.69061,-97.36386,138000,
TX,32.46611,-97.02595,138000,
TX,32.45652,-97.03624,138000,
TX,32.39631,-97.22349,138000;69000,Alvarado Substation
TX,32.3541,-97.37487,138000;12500,Cleburne Substation
TX,32.36737,-97.3361,138000;12500,Keene Substation
TX,30.93039,-93.9273,138000,
TX,30.83575,-94.43487,138000;34500,Doucette Substation
TX,30.88328,-94.29372,138000,Fork Creek Substation
TX,30.95081,-94.00062,138000;69000,Jasper Substation
TX,30.3591,-94.33122,138000;34500,Kountze Bulk Substation
TX,30.99428,-94.10605,138000,Mill Creek Substation
TX,30.86991,-93.78775,138000,Newton Bulk Substtaion
TX,31.0592,-94.10481,138000,Sam Dam Substation
TX,30.83669,-94.42414,138000,Turkey Creek Substation
TX,30.61993,-94.43506,138000;13800,Warren Substation
TX,29.90058,-97.99184,138000;12500,Ranch Road 12 Substation
TX,32.44447,-96.84601,138000,
TX,32.46797,-96.90769,138000,
TX,32.60923,-96.85789,138000,
TX,32.49437,-96.74159,138000;69000,
TX,32.45775,-96.87731,138000,
TX,32.53438,-96.80573,138000,
TX,32.63036,-96.70533,138000,Hutchins Substation
TX,32.46734,-96.99083,138000,Midlothian South Substation
TX,32.90138,-96.81005,138000;12500,Northaven Switching Station
TX,32.84681,-96.87284,138000,
TX,32.88314,-96.89345,138000;12500,Morrison Lane Substation
TX,32.89493,-96.99194,138000,
TX,30.88253,-94.10494,138000,
TX,31.00651,-94.18731,138000,
TX,30.26274,-94.1903,69000;13800,Fletcher Substation
TX,30.6731,-93.8905,138000,Kirbyville Substation
TX,30.37627,-94.17599,69000;13800,North Silsbee Substation
TX,30.34137,-94.0694,138000,Evadale Substation
TX,29.31243,-98.32021,345000,J. K. Spruce Switchyard
TX,32.81294,-96.8489,138000,
TX,32.81808,-96.85588,138000;12500,Record Crossing Substation
TX,32.80806,-96.83831,138000,
TX,32.84996,-96.81273,138000;12500,Lomo Alto Substation
TX,32.80368,-96.81921,138000;12500,Reagan Street Substation
TX,33.57431,-96.17514,138000;69000,
TX,29.28864,-99.64603,69000,Knippa Substation
TX,29.32103,-99.27757,69000,D'Hanis Substation
TX,29.29885,-99.46359,69000,Sabinal Substation
TX,29.21294,-99.79859,138000;69000,Uvalde Substation
TX,29.22244,-99.72988,69000,Uvalde Substation
TX,32.70575,-96.68255,138000,
TX,32.72734,-96.70057,138000,
TX,32.91538,-96.34972,138000,
TX,33.02284,-96.52547,138000,
TX,31.43897,-97.40296,69000;25000;4160,McGregor Substation
TX,31.52248,-97.19695,138000;12500,Waco Sanger Avenue Substation
TX,31.5122,-97.22215,138000;12500,Waco Woodway Substation
TX,31.08314,-97.45866,138000;12500,Belton Substation
TX,31.48529,-97.25075,138000;25000,Waco Atco Substation
TX,29.18816,-100.02421,138000;12500,Asphalt Mines Substation
TX,29.32463,-100.39235,138000;24500,Brackettville Substation
TX,29.32395,-100.39204,138000;34500,Eclipse Substation
TX,29.26826,-100.19803,138000,Odlaw Substation
TX,28.9449,-99.72874,138000,West Batesville Substation
TX,29.18353,-99.83479,69000,West Uvalde Substation
TX,32.90307,-96.11668,69000,
TX,32.91015,-96.63647,138000,
TX,32.73217,-96.25371,138000,
TX,32.77148,-96.28054,138000,Terrell Substation
TX,32.56993,-94.75663,138000,
TX,32.50646,-94.68742,138000;69000,Longview Heights Substation
TX,32.42823,-94.70236,138000,
TX,32.5108,-94.81581,69000,Greggton Substation
TX,32.49363,-94.80909,138000,Harrison Road Substation
TX,32.37757,-94.64134,138000,Knox Lee
TX,32.50661,-94.76995,138000;69000,Lake Lamond Substation
TX,32.45862,-94.73178,69000,LeTourneau Substation
TX,32.49244,-94.72992,69000,Longview Substation
TX,32.58186,-94.81252,138000,Spring Hill Substation
TX,32.46972,-94.71521,138000;69000,Whitney Substation
TX,30.97586,-102.28909,345000,Bakersfield Substation
TX,31.11572,-102.29505,138000,Castle Gap Substation
TX,31.13725,-102.20329,138000;69000;12500,McCamey Substation
TX,31.15353,-102.2233,345000;138000,North McCamey Subsation
TX,31.15506,-102.2268,138000,North McCamey Substation
TX,31.11922,-102.29791,138000,Oxy Tap Substation
TX,30.99215,-102.13384,138000,Tippet Substation
TX,32.58884,-95.10574,69000,Big Sandy Substation
TX,32.57299,-94.99797,138000;69000,Perdue Substation
TX,29.20465,-100.17121,138000;34500,Anacacho Substation
TX,32.11719,-100.15481,345000;138000,Central Bluff Substation
TX,29.32313,-99.74536,69000,Ferris Substation
TX,29.08552,-99.71146,69000,Leona Substation
TX,28.96336,-99.61685,69000,North Batesville Substation
TX,29.31536,-99.46466,69000,Sabinal Substation
TX,28.92079,-99.60626,69000,South Batesville Substation
TX,31.08004,-96.22218,138000;69000,Hilltop Lakes Substation
TX,30.91976,-96.07382,138000,North Zulch Substation
TX,30.78552,-95.96573,138000,Bedias Substation
TX,31.16661,-96.5245,69000,Petteway Substation
TX,31.63285,-95.81385,138000,
TX,31.59443,-95.76379,138000,
TX,31.74768,-95.83067,138000,
TX,31.68898,-95.73979,138000,
TX,31.65538,-95.70988,138000,
TX,31.65208,-95.70657,138000,
TX,29.61782,-98.73602,138000;34500,Ranchtown Substation
TX,28.84592,-99.19058,138000,Palo Duro Substation
TX,28.9313,-99.09173,138000,
TX,29.02209,-99.34345,69000,Frio Town Substation
TX,28.79043,-99.19392,69000;12500,Derby Substation
TX,28.68051,-99.20191,69000;12500,Dilley Substation
TX,28.66459,-99.17412,69000,Dilley Substation
TX,28.66879,-99.20512,138000;69000,Dilley Switching Station
TX,28.88812,-99.07932,69000,Pearsall Substation
TX,28.99036,-98.43815,69000,Pleasanton Substation
TX,29.53746,-100.89601,138000,Rough Canyon Substation
TX,29.46029,-101.02739,138000,
TX,29.44949,-101.05575,138000,Amistad Switchyard
TX,29.44824,-101.05471,138000,Amistad Switchyard
TX,29.40125,-100.91572,138000,Buena Vista Substation
TX,29.36704,-100.89329,138000,Del Rio Substation
TX,29.43245,-100.94094,138000,Picacho Substation
TX,29.74746,-101.13946,138000,Comstock Substation
TX,29.74803,-101.13839,138000,Comstock Substation
TX,30.55452,-101.5355,138000;69000,Illinnois #4 Substation
TX,31.4455,-97.10761,138000;13200,Robinson Substation
TX,31.48811,-97.19653,138000,Waco M&M Mars 1 Substation
TX,31.55958,-97.11982,138000;69000;12500,Waco East Substation
TX,32.34692,-95.34116,138000,
TX,31.5439,-97.20508,138000;12500,Waco Northwest Substation
TX,31.44208,-97.42576,138000,McGregor Substation
TX,31.54021,-97.40892,138000,Crawford Substation
TX,31.61184,-97.11038,138000;12500,Bellmead Substation
TX,31.57743,-97.17931,138000;13200;12500,Waco North Substation
TX,30.30478,-100.67482,138000;24900,Cauthorn Substation
TX,30.56765,-100.65576,138000;69000;12500,Sonora Substation
TX,32.93144,-96.82201,138000,
TX,32.93316,-96.84726,138000,
TX,32.97647,-96.80099,138000,
TX,32.96747,-96.71539,138000;12500,Richardson Collins Boulevard Substation
TX,32.93821,-96.71511,138000,Richardson Woodhaven Substation
TX,32.50604,-94.57806,69000,Hallsville Substation
TX,32.5384,-94.39459,69000,Marshall Substation
TX,32.56878,-94.36867,69000,North Marshall Substation
TX,32.01481,-97.13697,138000;69000,Hillsboro Substation
TX,32.37741,-96.85108,138000;69000,
TX,32.83023,-97.2685,138000,
TX,30.97961,-100.55122,138000;69000,PAVE PAWS Substation
TX,30.87805,-100.57007,138000;69000,Eldorado Live Oak Substation
TX,31.11855,-100.63075,138000;34500,Langford Wind Substation
TX,31.11627,-100.51324,138000,Santiago Substation
TX,31.40451,-100.5317,138000;12500,Schkade Substation
TX,31.44513,-100.47739,69000,San Angelo Avenue N Substation
TX,31.45173,-100.42482,138000;69000,Rusthill Substation
TX,31.46394,-100.4044,138000,San Angelo Coke Street Substation
TX,31.49598,-100.46637,138000,San Angelo Lake Drive Substation
TX,31.49401,-100.43521,138000;69000,San Angelo North Substation
TX,31.4882,-100.38531,138000,San Angelo Paulann Substation
TX,32.91371,-96.62452,138000,Newman Switching Station
TX,32.93418,-96.68004,138000,
TX,32.92135,-96.61419,138000,Castle Substation
TX,32.90092,-96.6776,69000,Garland Substation
TX,32.9021,-96.67768,138000;69000,Marquis Substation
TX,32.9369,-96.61135,138000,Naaman Substation
TX,32.90048,-96.66688,138000,Shiloh Substation
TX,32.91645,-96.63184,138000,Walnut Substation
TX,32.87083,-96.63459,138000,Centerville Substation
TX,32.8946,-96.60237,138000,Miller Substation
TX,32.86555,-96.60155,138000,Wynn Joyce Substation
TX,32.93715,-96.62488,138000,Crist Road Substation
TX,31.00492,-100.55538,69000;12500,Hulldale Substation
TX,31.0736,-100.50966,69000;12500,Arrot Substation
TX,31.19186,-100.49078,69000,Christoval Substation
TX,31.47393,-100.42593,69000,San Angelo Emerson Street Substation
TX,31.45008,-100.45574,69000,San Angelo Jackson Street Substation
TX,31.36231,-100.45076,69000;12500,San Angelo Lake Nasworthy Substation
TX,31.34378,-100.49677,69000,San Angelo Mathis Field Substation
TX,31.4645,-100.45714,69000,San Angelo Walnut Street Substation
TX,31.85647,-96.80025,138000,
TX,31.74224,-97.0757,69000,
TX,31.35532,-97.21291,69000,Lorena Substation
TX,31.88499,-97.0777,69000;4000,Abbott Substation
TX,31.29197,-97.26046,69000;26400;12500,Eddy Substation
TX,32.33664,-97.24017,138000,Grandview TMPP Substation
TX,31.3769,-97.21157,69000;4160,Lorena Substation
TX,32.05815,-96.89252,69000;12500,Mertens Substation
TX,31.74959,-97.11326,69000;4000,Ross Substation
TX,32.3425,-97.21501,138000,
TX,32.49087,-97.19503,138000,Lillian Substation
TX,33.16177,-97.15853,138000,Fort Worth Substation
TX,33.13538,-97.126,138000,
TX,33.15862,-97.08861,138000,
TX,33.17211,-97.08453,138000,Pockrus Substation
TX,33.14494,-97.10828,138000,Teasley Substation
TX,33.36954,-97.18641,138000,Sanger North Substation
TX,33.32233,-97.19178,138000,Rector Road Substation
TX,31.96477,-95.26237,,
TX,32.18454,-94.34349,,
TX,32.18356,-94.34646,,
TX,31.91428,-106.39068,115000,
TX,32.90504,-97.22445,138000,
TX,32.89367,-97.2013,138000,
TX,32.96455,-97.26319,138000,
TX,32.94177,-97.25606,138000,
TX,31.4193,-100.25245,69000;12500,Veribest Substation
TX,31.05387,-97.63702,138000;25000,Harker Heights South Substation
TX,31.06136,-97.47628,138000;12500,Belton Southwest Substation
TX,30.74197,-93.65111,138000,
TX,30.72332,-93.65027,138000,
TX,32.41468,-97.32231,138000,
TX,32.37178,-97.27905,138000,
TX,31.82891,-101.18234,69000,Sterling County Substation
TX,32.08625,-101.27561,138000,McDonald Road Substation
TX,36.492,-101.46619,34500,
TX,36.47559,-101.39166,115000;34500,
TX,32.71076,-102.65836,115000;69000,
TX,32.69734,-102.75286,115000;69000,
TX,32.88634,-102.93198,115000,
TX,32.8715,-102.93263,115000,
TX,32.96405,-102.81769,69000,
TX,32.6822,-102.79484,69000,
TX,32.60556,-102.72958,69000,
TX,32.99843,-96.77954,138000,
TX,33.09667,-96.78723,138000,
TX,31.29176,-94.72505,138000;12500,Lufkin South Substation
TX,29.94987,-97.88428,138000,Kyle Substation
TX,30.45405,-97.59986,138000,Pflugerville Substation
TX,29.7966,-94.65694,138000,
TX,30.80104,-97.42837,69000,Bartlett Substation
TX,30.35527,-94.11318,,
TX,29.60216,-95.00758,138000,Terminal Substation
TX,30.46364,-93.96078,138000,
TX,30.35561,-103.66325,69000,Alpine Substation
TX,31.09659,-93.98533,,Horton Hill Substation
TX,30.94986,-93.99955,,
TX,30.9223,-93.99507,138000,
TX,31.35369,-93.83295,138000,
TX,31.24782,-93.98895,,Pineland Substation
TX,27.7844,-97.40559,138000,Morris Substation
TX,27.74575,-97.42169,138000,Arcadia Substation
TX,31.0764,-97.71944,138000;26400;12500,Killeen Elms Road Substation
TX,31.75016,-106.30701,115000,Sol Substation
TX,32.22637,-94.89638,138000,
TX,32.52138,-97.14025,138000,
TX,32.50296,-97.05957,138000,
TX,32.50851,-96.94155,138000,
TX,32.4807,-96.90643,138000,Brazos Electric Coop
TX,33.19685,-97.10483,138000;69000,
TX,33.06426,-97.71697,138000,
TX,33.03992,-97.52291,138000,Newark Substation
TX,32.9497,-97.63275,138000,Reno Substation
TX,33.19843,-97.8294,138000,
TX,33.05122,-97.54827,138000,Aurora Substation
TX,33.21447,-97.58854,138000;69000,
TX,33.21722,-97.73324,138000,
TX,33.21424,-97.58727,138000,Decatur Substation
TX,33.66225,-97.43402,138000,
TX,33.64008,-97.33244,138000,
TX,30.35705,-97.53549,138000,Shadow Glen Substation
TX,33.13721,-96.6642,138000,
TX,33.27467,-97.79805,138000,
TX,33.37142,-97.88652,138000,
TX,33.2647,-97.79425,138000,
TX,29.33505,-98.51038,138000,Chavaneaux Road Substation
TX,29.73023,-95.3189,,
TX,32.43749,-94.84801,,
TX,34.06038,-102.51492,69000,
TX,32.85757,-96.92478,138000,
TX,34.98181,-101.94555,115000,
TX,29.00966,-95.43265,138000;12500,Brazosport Substation
TX,31.41725,-97.39454,138000;69000,McGregor Phillips Substation
TX,31.8977,-97.01809,345000,Sam Switching Station
TX,32.14908,-96.66591,69000,Barry Substation
TX,32.31277,-96.70382,69000,
TX,32.40908,-96.59694,138000,
TX,32.33748,-96.63703,138000,
TX,32.31851,-96.62223,138000,
TX,32.39942,-96.57939,138000,
TX,32.37466,-96.5396,138000,
TX,32.33639,-96.47743,138000,
TX,32.45606,-96.73681,69000,
TX,32.30168,-96.5996,138000,
TX,32.55326,-96.32021,138000,
TX,32.4041,-96.24131,138000,
TX,32.60099,-96.32836,138000,
TX,32.66934,-96.33276,138000,
TX,32.67022,-96.33162,138000,
TX,32.66731,-96.39798,138000,
TX,32.64248,-96.45234,138000,
TX,32.64801,-96.46635,138000,
TX,32.81659,-96.1599,138000,
TX,32.82569,-96.08645,,
TX,32.90436,-96.08561,138000,
TX,33.97887,-98.51174,,
TX,30.48532,-97.64504,138000,Round Rock Southeast Substation
TX,27.52419,-99.52078,138000,Anna Street Substation
TX,30.31876,-95.41186,138000,Fort Worth Pipe Substation
TX,32.8705,-97.59769,138000,Flat Rock Substation
TX,30.31629,-104.00885,138000;69000,Marfa Alamito Creek Substation
TX,30.31232,-104.0168,69000,Marfa Substation
TX,31.47193,-97.73801,,
TX,31.46194,-97.74167,69000,Coryell County Substation
TX,31.4753,-97.71998,69000,Sycamore Substation
TX,30.59159,-96.31106,138000,South Substation
TX,30.59371,-96.311,138000,South Switching Station
TX,26.13834,-97.17457,138000,South Padre Island Substation
TX,29.4444,-97.19222,69000,Shiner Substation
TX,30.24316,-97.50234,138000,Webberville Solar Substation
TX,29.43264,-97.15465,138000,Shiner Substation
TX,35.20184,-101.83497,115000,Pierce Substation
TX,32.35757,-102.56082,138000;69000,North Andrews Switching Station
TX,31.33298,-94.68893,138000;12500,Lufkin East Substation
TX,31.29197,-94.74566,138000,Lufkin Pershing Tap
TX,31.62236,-94.64303,138000;12500,Nacogdoches Stephen F. Austin Substation
TX,30.62231,-96.30639,138000,Post Oak Substation
TX,30.6166,-96.35109,138000,Texas A&M University Substation
TX,30.21031,-97.61713,138000,Onion Creek Substation
TX,30.20964,-97.61408,138000,Sand Hill Switchyard
TX,30.68187,-96.33836,69000,Sam Rayburn Substation
TX,32.26957,-101.4372,138000;69000,Big Spring Switching Station
TX,30.6305,-96.33561,69000,Shady Lane Substation
TX,29.71168,-95.64324,138000;34500,Barker Substation
TX,32.53246,-94.74095,,
TX,32.84783,-96.87165,138000,
TX,32.7209,-96.87349,138000,
TX,33.0088,-96.95814,138000,
TX,26.34134,-98.17391,138000,Duke Substation
TX,27.81427,-97.42705,138000,Citgo North Oak Park Substation
TX,33.00737,-96.83293,138000,
TX,30.40037,-100.51392,69000,Friess Ranch Substation
TX,30.17141,-100.05496,69000,American Petrofina Substation
TX,29.42793,-100.00176,69000;24900,Montell Substation
TX,30.70215,-101.11753,69000,Crockett Heights Substation
TX,30.71917,-101.19976,69000,Ozona Substation
TX,30.63032,-100.81972,69000;12500,Sonora Atlantic Substation
TX,32.94678,-96.83324,138000,
TX,29.01053,-97.98583,138000,Falls City Substation
TX,29.28923,-97.76651,69000,Nixon Substation
TX,29.42157,-98.50858,138000,Comal Street Substation
TX,29.55524,-97.78372,138000;69000,Deer Creek Substation
TX,28.93796,-97.8,138000,Helena Substation
TX,29.01506,-97.86679,138000,Magnolia Substation
TX,29.62656,-97.7213,69000,Malone Substation
TX,29.05645,-97.78765,138000,Milton Substation
TX,29.54402,-97.75735,69000,Nash Creek Substation
TX,29.27979,-97.74394,138000,Nixon Substation
TX,28.92356,-97.59966,138000,Nordheim Substation
TX,28.9115,-97.62426,138000,Nordheim West Substation
TX,29.43852,-97.52779,69000,Cost Substation
TX,29.48337,-97.5008,69000,Lakewood Substation
TX,29.31701,-97.63029,69000,Smiley Substation
TX,29.93963,-97.58524,69000;12500,Dale Substation
TX,29.51942,-97.4552,69000,Gonzales Substation
TX,29.27656,-97.29924,69000;2300,Hochheim Substation
TX,29.75943,-97.70563,69000;12500,Magnolia Mercer Substation
TX,29.61372,-97.47855,69000,Ottine Substation
TX,29.96203,-97.4521,138000;12500,Red Rock Substation
TX,27.56873,-99.50838,138000,Laredo Plant Statcom Substation
TX,27.57012,-99.50948,230000;138000,Laredo VFT South Yard
TX,27.57256,-99.50905,138000,Laredo VFT North Yard
TX,29.32162,-99.21792,138000,Razorback Substation
TX,29.43649,-99.23836,138000;12500,Seco Substation
TX,27.52368,-99.49015,138000,Laredo Heights Substation
TX,30.0826,-98.41219,69000,Blanco Substation
TX,30.28465,-98.36006,69000,Blanco Tap
TX,30.30062,-98.39847,69000,Johnson City Substation
TX,32.93103,-96.89973,138000,
TX,28.67898,-100.46375,138000;12500,Pueblo Substation
TX,30.6003,-95.14561,138000,Wolf Creek Substation
TX,31.48449,-97.72871,,
TX,33.55636,-101.86951,,
TX,31.39909,-97.47114,69000;12500,McGregor Hercules Substation
TX,31.77662,-106.31318,115000,
TX,31.80643,-106.51242,115000,Mesa Substation
TX,31.08486,-102.36507,138000;69000,Rio Pecos Substation
TX,31.83659,-106.57597,115000,
TX,30.93009,-95.88574,138000,Pee Dee Substation
TX,30.9045,-95.80284,138000,Bishop Substation
TX,30.84739,-95.25859,138000,Staley Substation
TX,30.73048,-94.9087,138000,Poco Substation
TX,30.7616,-94.9518,138000,Bold Springs Substation
TX,30.73004,-94.90643,138000,Israel Road Substation
TX,30.71891,-94.71352,138000,Indian Substation
TX,30.5831,-94.74775,138000,Menard Substation
TX,30.99412,-94.81686,138000,Corrigan Bulk Substation
TX,33.70818,-96.42865,138000,
TX,33.78638,-96.5585,138000,
TX,33.74165,-96.54513,138000,
TX,33.60186,-96.4112,69000,
TX,33.60168,-96.45881,138000,
TX,33.52654,-101.91417,69000,Chalker Substation
TX,33.52729,-101.91339,69000;13200;12470,Batton Substation
TX,33.62874,-96.89947,138000,
TX,33.62704,-96.86366,138000,
TX,33.61562,-96.69999,138000,
TX,33.57532,-96.6055,138000,
TX,33.58879,-96.00111,69000,
TX,34.20283,-99.33121,69000,North Vernon Substation
TX,33.50403,-94.60814,,Dekalb Substation
TX,32.89999,-96.89869,138000,
TX,34.28308,-99.32947,69000,White City Substation
TX,34.01432,-98.9222,69000,Electra Substation
TX,34.0221,-98.95698,69000,Vernon Substation
TX,35.21577,-100.25425,138000;115000;69000,Shamrock Substation
TX,35.4308,-100.27991,115000;69000,Howard Substation
TX,35.61904,-100.23624,69000,
TX,32.87956,-96.76524,138000,
TX,36.4001,-101.38777,115000,Hansford County Switching Station
TX,36.2641,-101.41049,34500;12470,Gruver Substation
TX,36.45542,-101.35115,115000;34500,
TX,36.35412,-101.82528,115000,Lasley Switching Station
TX,36.08407,-102.50176,115000,Hilmar Cheese Substation
TX,36.06827,-102.53589,230000;115000,
TX,35.95298,-101.89251,115000,Valero Sunray Wind Farm Substation
TX,36.02535,-101.97569,115000,Etter Rural Substation
TX,36.06992,-102.13712,115000,Exum Substation
TX,32.76625,-96.80513,138000,
TX,32.82975,-96.88333,138000,
TX,32.70487,-96.89223,138000,
TX,28.51988,-99.23791,138000;25000,Jardin Substation
TX,28.41476,-99.25811,138000;4160,Reveille Substation
TX,27.51348,-99.44421,138000,Gateway Substation
TX,27.47559,-99.46149,138000,Santo Nino Substation
TX,27.54054,-99.50033,138000,Zacate Creek Substation
TX,27.5091,-99.49861,69000,Washington Street Substation
TX,27.57614,-99.46624,138000,Del Mar Substation
TX,27.56752,-99.50698,138000;69000;12500,Laredo Plant Substation
TX,27.63602,-99.53021,138000,Mines Road Substation
TX,27.68543,-99.48051,138000;25000,Botines Substation
TX,27.69214,-99.47756,138000,North Laredo Switching Station
TX,27.61103,-99.49993,138000,Milo Substation
TX,27.32113,-98.99807,345000;34500,Bordas Substation
TX,27.31383,-99.41952,138000,Rio Brava Substation
TX,27.58818,-99.42984,138000,University Substation
TX,27.43798,-99.44829,138000,Sierra Vista Substation
TX,27.45432,-99.41759,138000,Wormser Road Substation
TX,27.43553,-98.82998,138000,Bruni Substation
TX,27.43957,-98.83591,138000;69000,Bruni Substation
TX,27.48661,-99.0091,138000;34500,Whitetail Substation
TX,27.56381,-98.9201,138000;34500,Cedro Hill Substation
TX,27.32779,-99.41442,138000,Molina Substation
TX,27.32758,-99.41156,345000,Cenizo Substation
TX,28.49651,-99.84011,138000;69000,Bevo Substation
TX,28.54428,-99.56925,69000,Big Wells Substation
TX,28.69,-99.81214,69000,Crystal City Substation
TX,28.50919,-99.87367,138000,Dimmit Substation
TX,28.49328,-99.88454,69000,Carrizo Springs Substation
TX,28.93963,-99.83361,69000,La Pyor Substation
TX,28.66504,-99.95559,69000,West Crystal City Substation
TX,28.69864,-99.75446,69000,Crystal City Substation
TX,28.51635,-99.83485,69000,Carrizo Springs Substation
TX,28.73283,-99.827,69000,Turtle Creek Substation
TX,27.94051,-98.86835,69000,Freer Substation
TX,28.26037,-99.16583,69000,Holland Substation
TX,28.64633,-98.90266,138000,Hindes Substation
TX,28.69522,-98.54002,138000,Cross Substation
TX,30.58446,-95.93413,138000,Crutchfield Substation
TX,30.73153,-96.04633,138000,Iola Substation
TX,30.61608,-96.16185,138000,Carlos Switching Station
TX,28.91556,-98.86284,69000;12500,Big Foot Substation
TX,28.86904,-98.69083,69000;12500,Charlotte Substation
TX,28.8352,-98.18306,138000;69000,Tordillo Substation
TX,28.68776,-98.48178,138000;69000,
TX,28.8379,-98.18445,69000,Fashing Substation
TX,28.70028,-98.46982,138000;69000,San Miguel Switchyard
TX,26.41084,-98.57683,138000;34500,LKHoward Substation
TX,26.56495,-98.69842,345000;34500,JackieHoward Substation
TX,26.48749,-98.5945,345000;34500,MigHoward Substation
TX,26.45769,-98.73702,345000,Del Sel Substation
TX,26.52265,-99.01921,138000,Roma Switching Station
TX,26.41136,-98.57639,138000,Liston Substation
TX,26.45227,-98.74112,138000;69000,Garza Substation
TX,27.08409,-98.92857,138000;12500,Randado Substation
TX,27.08352,-98.92852,138000;25000,Randado Substation
TX,27.15955,-98.95249,138000;34500,Sendero Substation
TX,26.54389,-99.09551,138000,Falcon Switching Station
TX,27.06871,-99.38446,138000,San Ygnacio Substation
TX,26.68762,-99.10948,138000;25000,Lopeno Substation
TX,30.36831,-96.08952,138000,Tubular Substation
TX,31.95667,-101.30175,345000;34500,Panther Creek Wind 2 Substation
TX,32.1664,-101.88149,345000,Grelton Substation
TX,32.72112,-101.63297,345000,Long Draw Substation
TX,31.76605,-101.5315,345000,Bearkat Substation
TX,32.00354,-101.2732,345000,Sand Bluff Substation
TX,33.00137,-99.60549,345000,Clear Crossing Substation
TX,32.63579,-99.53785,345000,West Shackleford Substation
TX,32.65067,-101.39612,345000;138000,Willow Valley Substation
TX,32.64807,-101.39576,345000,Faraday Substation
TX,33.03294,-101.68371,230000,Cirrus Substation
TX,32.70625,-101.73975,345000;34500,Mesquite Creek Wind Substation
TX,32.89803,-101.65792,345000;34500,Stephens Ranch Wind Project I Substation
TX,35.25496,-101.35964,345000,Alibates Substation
TX,35.28328,-102.43474,345000;34500,Spinning Spur 1 Substation
TX,35.2922,-102.58259,345000;34500,Spinning Spur 2 Substation
TX,35.31351,-102.05019,345000,AJ Swope Substation
TX,34.77308,-102.29813,345000,Hereford Wind Substation
TX,34.77338,-102.30455,345000,Windmill Substation
TX,34.51974,-102.03869,345000,Ogallala Substation
TX,34.31679,-101.24079,345000,Longhorn Wind Substation
TX,34.43223,-101.35959,345000,Tule Canyon Substation
TX,33.77829,-100.87665,345000,Cottonwood Substation
TX,32.86022,-101.0088,345000;138000,Dermott Substation
TX,34.34399,-100.89393,345000,Cross Substation
TX,34.37339,-100.08684,345000,Tesla Substation
TX,35.62023,-100.54136,345000,Miami Wind Substation
TX,35.40778,-100.81993,345000,Gray Substation
TX,35.41478,-101.25634,345000;34500,Pattern Panhandle Wind 1 Substation
TX,35.40223,-101.15384,345000,Railhead Substation
TX,35.44303,-101.37284,345000;34500,Pattern Panhandle Wind 2 Substation
TX,35.20591,-101.43496,345000,Route 66 Wind Substation
TX,35.25412,-101.18579,345000;34500,Grandview Wind Farm 1 Substation
TX,32.52472,-99.822,345000,Mulberry Creek Substation
TX,32.92533,-100.21678,345000,Kirchhef Substation
TX,33.47894,-99.66155,345000,Gauss Substation
TX,34.14199,-99.30595,69000,Sand Road Substation
TX,34.1588,-99.28644,69000,
TX,34.16228,-99.29631,69000,Vernon City Plant Substation
TX,34.29406,-99.36922,345000,Blue Summit Wind Substation
TX,34.23416,-99.43416,345000,Jim Treece Substation
TX,33.54223,-101.92677,69000,Thompson Substation
TX,33.32468,-97.31068,345000,West Krum Substation
TX,32.45953,-97.7346,138000,
TX,33.30507,-96.99985,138000,Aubrey Substation
TX,33.02717,-97.00058,138000,
TX,33.28938,-96.75714,138000,
TX,33.29029,-96.75704,138000,
TX,33.40024,-96.71056,138000,
TX,33.3646,-96.72465,138000,
TX,33.54691,-97.03622,138000,
TX,33.42852,-97.39851,138000,
TX,32.87666,-97.30781,138000,
TX,32.90414,-97.38396,345000;138000,Hicks Substation
TX,32.94102,-97.45448,138000,Peden Road Substation
TX,32.93512,-97.54845,138000,Center Point Substation
TX,32.97925,-97.54969,138000,Briar Substation
TX,33.0762,-97.45523,138000,
TX,33.07652,-97.47428,138000,Rhome Substation
TX,33.02757,-97.54914,138000,Boyd Substation
TX,31.00454,-97.25948,345000,East Bell County Substation
TX,31.96399,-96.518,345000,Navarro Switching Station
TX,31.95264,-97.8672,345000,Koppril Substation
TX,32.24483,-98.67393,345000,Romney Substation
TX,29.48062,-95.63047,138000,
TX,33.39826,-98.66272,138000,
TX,32.39236,-97.39291,138000,
TX,32.8084,-97.67594,345000,Parker Substation
TX,30.81528,-96.52774,69000,Sutton Substation
TX,32.22454,-101.40719,69000;4160,Big Spring Gulf Substation
TX,31.60699,-100.7627,69000;4160,Colorado River Municipal Water District #4 Substation
TX,31.55087,-100.17737,138000;4160,Colorado River Municipal Water District #2 Substation
TX,31.8644,-101.95019,138000;4160,Colorado River Municipal Water District #8 Substation
TX,31.54975,-100.50015,69000;4160,Colorado River Municipal Water District #3 Substation
TX,31.57434,-100.5728,69000,San Angelo Grape Creek Substation
TX,31.04626,-100.54145,345000,Big Hill Substation
TX,31.91085,-100.91128,69000;12500,Rollans Substation
TX,31.70279,-101.17868,69000;4160,Colorado River Municipal Water District #5 Substation
TX,31.64955,-100.86534,69000,Amoco Substation
TX,32.86829,-95.74757,138000,
TX,32.29061,-101.46844,69000;4160,Big Spring Colorado River Municipal Water District Substation
TX,32.16885,-101.47836,138000,Elbow Substation
TX,31.71217,-101.49433,138000,Saint Lawrence Substation
TX,32.0251,-101.27889,138000;34500,
TX,32.27101,-101.42168,138000,Cosden Substation
TX,32.32065,-101.34986,138000,Salem Substation
TX,32.3633,-101.48664,138000,Fairview Substation
TX,32.45973,-101.5158,138000,Luther Substation
TX,32.41848,-100.94376,138000,Colorado City Substation
TX,32.39984,-100.91546,138000,Barber Lake Substation
TX,31.43457,-101.58615,138000,Stiles Substation
TX,31.55984,-101.47972,138000,East Stiles Substation
TX,31.71888,-101.94092,138000,Salt Flat Road Substation
TX,31.71846,-101.9301,138000,Skywest Substation
TX,31.73334,-101.7994,138000,Driver Substation
TX,31.56701,-101.82126,138000,Pembrook Substation
TX,31.95443,-102.01447,138000,South Midland Substation
TX,31.65053,-101.75872,138000,Midkiff Substation
TX,32.04426,-101.99849,138000,East Midland Substation
TX,32.48611,-101.65666,138000,Koch Substation
TX,32.20767,-101.89967,138000,Sale Ranch Substation
TX,32.10745,-101.86787,138000,Buffalo Substation
TX,32.1282,-101.81887,138000,Triangle Substation
TX,32.02477,-101.91185,138000,Greenwood Substation
TX,32.30742,-101.93238,138000,Grady Substation
TX,32.45471,-101.7455,138000,Brown Substation
TX,31.81935,-102.34516,138000,Big 3 Substation
TX,31.79887,-102.39134,138000;12500,Odessa Southwest Substation
TX,31.83894,-102.43881,138000,Amoco South Foster Substation
TX,31.83599,-102.44348,138000;12500,Westover Substation
TX,31.82731,-102.32709,138000,Olefin Substation
TX,31.81956,-102.33485,138000,Rexene Nylon Substation
TX,31.83964,-102.33519,138000,Liquid Air Substation
TX,31.94871,-102.24681,138000;4160,Colorado River Municipal Water District #8 Substation
TX,31.9356,-102.22966,138000;12500,Midland Airport
TX,31.96705,-102.17531,138000,Midessa Substation
TX,31.99295,-102.07706,138000;12500,Midland Downtown Substation
TX,32.03738,-102.24626,345000;138000,Midland County Northwest Substation
TX,32.03852,-102.17583,138000;12500,Mockingbird Substation
TX,32.01959,-102.07649,138000;12500,Windwood Substation
TX,32.03603,-102.12552,138000;12500,Goddard Substation
TX,32.07499,-102.09009,138000,Tall City Substation
TX,32.14198,-102.42488,138000,Amoco Midland Farms Substation
TX,32.26155,-102.59074,138000,Unocal Parker-Bakke Substation
TX,32.19239,-102.57005,138000,XTO University Substation
TX,32.1538,-102.59257,138000,Emma Substation
TX,31.98883,-102.57726,69000,
TX,32.00605,-102.51677,138000,OXY North Cowden Substation
TX,32.00688,-102.49526,138000;12500,North Cowden Substation
TX,31.99475,-102.54917,138000,Ector North Substation
TX,32.06996,-102.58603,138000,Ector County Energy Center Substation
TX,31.975,-102.63651,138000;12500,Goldsmith Substation
TX,31.97372,-102.63603,138000,Goldsmith Gulf Substation
TX,31.92995,-102.61486,138000,Goldsmith South Substation
TX,31.89757,-102.56685,69000;4000,Odessa Basin Substation
TX,32.06375,-102.58421,138000;69000,Holt Switching Station
TX,32.20949,-102.22898,138000,Texaco Mabee Substation
TX,32.17694,-102.26887,138000,Fasken C Ranch Substation
TX,32.19751,-102.22604,138000,
TX,32.17934,-102.19124,138000,
TX,32.12985,-102.15961,138000,Oxy South Curtis Ranch Substation
TX,31.99481,-101.48221,138000,Polecat Creek Substation
TX,31.84316,-101.97827,138000,Spraberry Substation
TX,31.84138,-101.97795,69000,Spraberry Substation
TX,31.90451,-101.71541,138000,Rebel Substation
TX,32.08661,-101.28108,138000,
TX,32.22785,-101.5138,138000,Big Spring Air Park Substation
TX,32.24335,-101.50086,138000,Big Spring West Substation
TX,32.21121,-101.81898,138000,Stanton Wind Energy Substation
TX,32.13868,-101.79658,138000;69000,Stanton Substation
TX,32.14018,-101.7935,69000,Martin Cap Substation
TX,32.15871,-101.75795,138000;69000,Stanton East Substation
TX,32.48512,-101.36166,138000;25000,Getty Vealmoor Substation
TX,32.41472,-101.58965,138000,Knott Substation
TX,32.49815,-101.67711,138000;69000,Buzzard Draw Switching Station
TX,32.5235,-100.87368,138000;69000,China Grove Switching Station
TX,32.59456,-101.78798,138000,Ackerly Substation
TX,32.69016,-101.90271,69000,South Lamesa Substation
TX,32.52919,-101.71025,69000,Ackerly Substation
TX,32.65834,-101.4588,138000,Gail Substation
TX,32.6925,-101.78934,138000;12500,Key Substation
TX,32.2932,-102.64569,138000,Andrews Substation
TX,32.08192,-102.87125,138000;25000,Dollarhide Substation
TX,32.07685,-102.8763,138000,Notrees Switching Station
TX,32.42624,-103.0619,230000;115000,Andrews Substation
TX,32.4092,-102.88661,138000;4160,Phillips Andrews Substation
TX,32.42299,-102.79744,138000,Exxon Fullerton Substation
TX,32.45154,-102.6626,138000,
TX,32.38145,-102.78191,138000,Frankel City Substation
TX,32.35155,-102.73646,138000,Whalen Lake Substation
TX,32.22363,-102.67754,138000,Arena Substation
TX,32.16493,-102.77733,345000,Andrews County South Switching Station
TX,32.1635,-102.77687,345000;138000,Andrews County South Switching Station
TX,32.437,-102.53112,138000,
TX,32.4328,-102.54707,138000,Exxon Means Substation
TX,32.2917,-102.53834,138000;12500,Bakke Substation
TX,32.45725,-102.55565,138000;12500,Means Substation
TX,32.89639,-102.13773,69000,Oxy Welch Substation
TX,32.90231,-102.10132,69000;12500,Welch Substation
TX,32.6908,-102.0525,69000,
TX,32.71566,-102.06022,138000,West Lamesa Substation
TX,32.54989,-102.00807,138000,Patricia Substation
TX,32.1458,-102.4258,138000,Midland Farms Substation
TX,32.19175,-102.49755,138000,San Andres Substation
TX,31.76303,-103.14459,138000;69000,Wink Substation
TX,31.66573,-103.07248,69000,Winkler County #6 Substation
TX,31.76423,-103.17632,138000,AA Pipeline Substation
TX,31.76328,-103.16284,138000;69000,Wink Substation
TX,31.85206,-103.09602,69000,Kermit #2 Substation
TX,31.87918,-103.08098,69000,Keystone Substation
TX,31.84828,-103.08189,69000,Kermit #1 Substation
TX,31.78823,-103.13479,69000,Wink Gulf Substation
TX,31.79037,-103.13233,69000,Wink Basin Substation
TX,31.90726,-103.14504,69000;12500,Keystone Substation
TX,31.84152,-102.72702,138000;12500,Midway Substation
TX,31.77474,-103.13063,69000,California Substation
TX,31.76974,-103.03529,138000;12500,Vest Substation
TX,31.85793,-102.64814,138000,Sandridge Energy Substation
TX,32.14506,-102.80578,138000,Amoco Three-Bar Substation
TX,32.14633,-103.04224,138000,Unocal Dollarhide Substation
TX,31.93469,-103.04453,138000;12500,Cheyenne Substation
TX,29.22606,-99.69975,138000,Helios Substation
TX,33.49834,-101.90564,115000;69000,Quaker Substation
TX,31.59422,-102.89957,138000;12500,Monahans Substation
TX,31.58344,-103.02664,69000,
TX,31.57547,-103.02376,138000;69000,Wickett Substation
TX,31.58111,-102.99118,138000,
TX,31.63734,-103.07215,69000;7200,Northward Substation
TX,31.99066,-102.65312,138000,Goldsmith Amoco Substation
TX,31.64414,-102.50446,138000;12500,Edwards Substation
TX,31.74695,-102.54477,138000,Southwestern Portland  Substation
TX,31.71645,-102.59715,138000;12500,Judkins Substation
TX,31.52956,-102.67197,138000;12500,Sandhills Substation
TX,31.59804,-103.0212,138000;69000,Wickett Substation
TX,31.58391,-102.95997,138000,Permian Basin Station
TX,31.70422,-103.47616,138000,
TX,31.80242,-103.81831,138000;12500,Mason Substation
TX,31.78809,-103.61987,138000;25000,El Mar Substation
TX,31.7799,-103.48228,138000,Anderson Ranch Point of Interconnection
TX,31.77594,-103.40555,138000;33000,Loving Substation
TX,32.71402,-102.64576,,
TX,31.97291,-100.84402,69000,Spade Ranch Substation
TX,36.07951,-102.54014,69000,
TX,35.68885,-102.32668,230000;34500,Channing Substation
TX,35.51766,-102.25487,,Tascosa Substation
TX,35.1488,-101.81228,115000;13200,Osage Switching Station
TX,35.11425,-101.8593,115000;13200,Owens-Corning Substation
TX,35.18495,-101.80463,115000,Manhattan Substation
TX,35.14638,-101.94796,115000,Hillside Substation
TX,35.25347,-102.4165,69000,Vega Substation
TX,35.25052,-101.88373,69000,North Amarillo Substation
TX,35.2503,-101.84994,115000,Hastings Substation
TX,35.29566,-101.84098,230000;115000,Rolling Hills Interchange
TX,35.25083,-101.93722,115000;69000,Northwest Substation
TX,35.35254,-101.99086,69000,Cliffside Substation
TX,35.29717,-102.7103,345000;34500,Spinning Spur 3 Substation
TX,33.62958,-96.41939,138000,
TX,33.58881,-96.23573,138000,
TX,33.58487,-96.21499,138000,
TX,33.56263,-96.1993,138000;69000,
TX,35.54485,-101.86644,115000;12470,Fain Substation
TX,35.43028,-101.65217,115000,
TX,35.56984,-101.60256,115000,Canadian River Municipal Water Authority #3 Substation
TX,35.63108,-101.97343,115000;12470,Exell Substation
TX,33.58612,-101.84981,,
TX,30.68767,-96.26946,138000,Steep Hollow Substation
TX,33.57953,-101.85316,,
TX,31.38042,-97.27864,138000,Spring Valley Substation
TX,31.42791,-97.31751,138000,Cotton Belt Substation
TX,31.5508,-97.10428,138000,Baylor Substation
TX,31.20969,-97.30753,69000;12500,Troy Substation
TX,31.10941,-97.40233,138000;12500,Temple Northwest Substation
TX,31.13416,-97.33617,138000;12500,Temple North Substation
TX,31.20395,-97.43756,138000,Moffat Substation
TX,31.27529,-97.37578,138000,Moody Substation
TX,31.68588,-97.37504,138000,Bosque Substation
TX,31.67166,-97.30338,138000,China Spring Substation
TX,31.67112,-97.30424,138000;25000,China Spring Substation
TX,31.44024,-96.87622,138000;69000,Perry Substation
TX,31.68297,-96.4864,138000;69000;25000;12500,Mexia Substation
TX,31.52119,-96.54102,138000;25000;12500,Groesbeck Main Substation
TX,31.51412,-96.47551,69000,Groesbeck Substation
TX,31.50337,-96.68681,69000,Ben Hur Substation
TX,31.50776,-97.30093,138000,Windsor Substation
TX,31.81447,-97.39645,138000,Cayote Substation
TX,31.4871,-97.19582,138000,Waco M&M Mars 2 Substation
TX,31.54313,-97.07179,138000;12500,Waco Lasalle Substation
TX,31.52601,-97.13227,138000;12500,Waco South Substation
TX,31.54741,-97.16182,138000;13200;12500,Waco Colonial Avenue Substation
TX,31.64254,-97.0936,138000;13200;12500,Northcrest Substation
TX,31.58433,-97.10004,69000;4160,Waco Katy Substation
TX,31.52427,-97.00569,138000,Hallsburg Substation
TX,31.95881,-96.6869,69000,Navarro Mills Substation
TX,31.95125,-96.67232,69000,
TX,31.65213,-96.77497,69000,Prairie Hill Substation
TX,32.02132,-96.81158,69000,Emmett Substation
TX,31.97802,-96.64197,69000,Purdon Substation
TX,35.20023,-101.70621,115000;13200,Pullman Substation
TX,35.17812,-101.75085,115000;13200,Southeast Substation
TX,31.38644,-97.62996,69000,Santa Fe Switching Station
TX,31.43748,-97.58377,69000,Santa Fe Substation
TX,31.41462,-97.70854,69000,Fort Gates Substation
TX,31.13082,-97.83066,138000,
TX,31.11035,-97.84342,138000,Killeen Clarke Road Substation
TX,31.11,-97.8211,138000;25000;12500,Killeen Clear Creek Substation
TX,31.10912,-97.81283,138000;25000;12500,Killeen Fort Hood West Substation
TX,31.06304,-97.76844,138000;25000,Killeen South Substation
TX,31.37853,-97.62179,69000,Gatesville Switching Station
TX,31.34181,-97.58372,69000,Leon Junction Substation
TX,31.36265,-97.68902,69000,Gatesville Army Substation
TX,30.92926,-97.68633,138000,Cedar Valley Substation
TX,30.98737,-97.76668,138000,Ding Dong Substation
TX,31.00786,-97.68146,138000,Trimmer Substation
TX,31.13251,-97.76652,138000;25000,Killeen Fort Hood Substation
TX,31.08711,-97.5449,138000;25000,Nolanville Substation
TX,31.09775,-97.67181,138000;12500,Harker Heights Substation
TX,31.1012,-97.7076,138000;12500,Killeen Taft Street Substation
TX,31.07669,-97.37437,138000;12500,Temple South Substation
TX,30.84936,-96.98951,69000;12500,Cameron Substation
TX,30.89337,-97.04909,69000;12500,Marak Substation
TX,31.05707,-97.31509,345000,Panda Temple 1 Substation
TX,31.0575,-97.31656,345000,Panda Temple 2 Substation
TX,31.05631,-97.31271,345000,Knob Creek Switching Station
TX,30.91688,-96.92759,69000,Silver City Substation
TX,30.34948,-97.50927,138000,Manor Substation
TX,30.20263,-97.31264,138000,Swiftex Substation
TX,30.33466,-97.3405,138000;69000,Elgin Substation
TX,30.00556,-97.40442,138000,Hillbig Substation
TX,30.13098,-97.47371,138000;12500,Wyldwood Substation
TX,30.15887,-97.63566,138000,Stoney Ridge Substation
TX,30.14129,-97.62434,138000,Elroy Substation
TX,30.27538,-97.53973,345000;138000,Dunlap Substation
TX,30.24263,-97.50261,138000,Webberville Solar Substation
TX,33.55662,-101.84327,,Harwell Substation
TX,35.66261,-101.44347,69000,Industrial Substation
TX,35.66763,-101.43182,69000,Huber Cogeneration Station
TX,35.76008,-101.019,69000;4160,Adobe Creek Substation
TX,35.75167,-100.81548,69000,Nowhere Substation
TX,35.57712,-100.98131,69000;13800,Kite Substation
TX,35.82839,-101.44972,34500,
TX,35.25242,-101.65437,115000,Highland Park Substation
TX,35.57669,-101.04275,115000;69000,Gray County Interchange
TX,35.59001,-101.18444,69000;13200,Roxanna Substation
TX,35.57226,-101.12404,69000;13200,Damron Substation
TX,35.99482,-101.39199,230000;115000,Pringle Interchange
TX,35.69825,-101.3672,69000;13200,Phillips #1 Substation
TX,35.58894,-101.41067,69000;12470,Burnett Substation
TX,35.69511,-101.3608,115000;69000,Blackhawk Station
TX,35.6954,-101.37528,69000,Phillips #2 Substation
TX,35.63513,-101.39882,69000;13200,Weatherly Substation
TX,35.62219,-101.44125,69000,Canadian River Municipal Water Authority #22 Substation
TX,35.49565,-101.0424,115000;69000,Kingsmill Interchange
TX,35.6644,-101.31651,69000;13200,Spring Creek Substation
TX,35.71215,-101.35757,69000,Rocky Point Substation
TX,35.71031,-101.54635,115000,Canadian River Municipal Water Authority #1 Substation
TX,35.30553,-101.56868,115000,Pantex South Substation
TX,35.64571,-101.42752,115000;69000,Transpecto Substation
TX,35.66478,-101.43873,69000,Sid Richardson Cogeneration Station
TX,35.67578,-101.40587,115000;13200,Borger West Substation
TX,35.81094,-101.70169,115000,Sneed Substation
TX,35.8163,-101.5571,34500,
TX,35.82889,-101.54978,115000;34500,Herring Substation
TX,35.64537,-101.55853,115000;13200,Fritch Rural Substation
TX,35.67806,-101.54964,115000,Canadian River Municipal Water Authority #2 Substation
TX,35.51337,-101.40543,115000,Midstream Energy Substation
TX,35.48662,-101.40438,115000,Midstream Energy Tap
TX,35.37573,-101.68354,115000,Canadian River Municipal Water Authority #4 Substation
TX,35.2849,-101.73083,115000,ASARCO Substation
TX,35.48657,-101.23924,115000;34500,Llano Estacado Wind Substation
TX,35.38279,-101.56189,115000;13200,Carson County Substation
TX,35.38186,-101.53891,115000;34500,Majestic Wind Substation
TX,35.38209,-101.54037,115000,Martin Substation
TX,35.31859,-101.55544,115000,Pantex North Substation
TX,35.25116,-101.38218,115000;13800,Conway Substation
TX,35.21423,-101.61162,115000,Yarnell Substation
TX,35.05091,-101.92562,115000,Spring Draw Substation
TX,35.13221,-101.90486,115000;13200,Estacado Substation
TX,35.13333,-101.85651,115000;13200,Crouse Hinds Substation
TX,35.17734,-101.8965,115000;13200,34th Street Substation
TX,35.13375,-101.86522,115000;13200,Farmers Substation
TX,35.11785,-102.02873,69000,Waterfield Substation
TX,35.2176,-101.89828,115000,Bush Substation
TX,35.21711,-101.83868,69000,Van Buren Substation
TX,36.49445,-101.39153,345000;115000,
TX,36.4106,-101.00424,345000;34500,Palo Duro Wind Substation
TX,36.25531,-101.25435,69000,
TX,36.24445,-101.00059,115000,
TX,36.33167,-101.00297,69000,
TX,36.20455,-101.19032,115000,Spearman City Substation
TX,36.33952,-100.92781,115000;13200,Texas Farms Substation
TX,36.21164,-101.31927,115000;69000;34500,Spearman Interchange
TX,36.40886,-100.81709,230000;115000,Ochiltree Interchange
TX,35.85128,-101.97423,34500;12470,Dumas South Substation
TX,35.81937,-102.02636,34500;12470,Dumas Helium Substation
TX,36.4989,-101.78807,34500,
TX,36.49615,-101.58653,115000,Frisco Wind Farm Substation
TX,36.32847,-102.05333,34500,
TX,36.35714,-102.0263,115000;34500,Sherman County Substation
TX,36.13936,-101.8304,115000,Spurlock Substation
TX,36.39961,-101.38778,115000;34500,Exelon Wind 4 Substation
TX,35.90851,-101.86372,115000,Stokes & Sheldon Substation
TX,36.0263,-102.37042,115000,Hogue Substation
TX,33.55525,-101.87875,115000;22000,Wheelock Substation
TX,32.81276,-96.84759,138000,
TX,33.61339,-101.88727,115000;24940,Indiana Substation
TX,33.58505,-101.78327,69000;12470,Planters Substation
TX,33.63479,-101.76644,69000,Hettler Substation
TX,33.6935,-101.95751,69000,Shallowater Substation
TX,33.73046,-101.87195,69000;4160,Whitehead Substation
TX,33.73705,-101.86213,69000;23000,Monroe Substation
TX,33.78104,-101.86229,69000,New Deal Interchange
TX,33.62089,-101.80222,69000,Northeast Substation
TX,33.55669,-101.7992,230000;69000,Wadsworth Substation
TX,33.60353,-101.84218,69000,Massengale Station
TX,33.58489,-101.88652,69000,Brandon Station
TX,33.60653,-101.87952,69000,Erskine Substation
TX,33.62221,-101.9067,69000,Northwest Substation
TX,33.46236,-101.78841,115000;69000,Woodrow Interchange
TX,33.4841,-101.70998,69000,Posey Substation
TX,33.44768,-101.79675,69000,Union Substation
TX,33.46141,-101.85373,69000,Cooper Substation
TX,33.44741,-102.0092,69000,Frenship Substation
TX,33.52094,-101.97363,115000,Upland Substation
TX,33.56445,-101.83148,,Carver Substation
TX,33.56372,-101.85229,,Globe Substation
TX,33.55675,-101.90544,,
TX,33.57317,-101.87957,,
TX,33.5277,-101.82726,69000;13200,Ivory Substation
TX,33.54841,-101.80667,69000;13200,ACCO Substation
TX,33.5595,-101.83328,69000;23000,Clutter Substation
TX,33.5637,-101.89319,,Knoxville Substation
TX,33.4475,-101.90467,69000,Woodward Substation
TX,33.53474,-101.98549,115000;69000,Yuma Interchange
TX,33.56618,-101.98762,115000,Carlisle Substation
TX,33.55655,-101.93745,115000;23000,Doud Substation
TX,33.61451,-101.95581,115000,Erskine Substation
TX,32.70475,-96.76417,138000,
TX,32.98262,-101.66755,345000;34500,Stephens Ranch Wind Project II Substation
TX,32.84423,-96.75197,138000,
TX,32.74904,-96.85773,138000,
TX,30.06585,-97.23313,138000,Alum Creek Substation
TX,32.75931,-100.82357,138000,Camp Springs Wind 2 Substation
TX,32.78362,-100.94509,138000,Brand Tapping Station
TX,32.94225,-100.88666,69000;12500,Cogdell Substation
TX,32.70688,-100.99894,69000,Union Substation
TX,32.85933,-101.11514,69000,Fluvanna Substation
TX,32.94234,-100.88641,69000,Oxy Cogdell Substation
TX,32.84105,-100.92392,138000,Ennis Creek Substation
TX,32.74559,-100.75742,69000,Snyder Wind Farm Substation
TX,32.73329,-100.82463,69000,Plainview Substation
TX,32.73366,-100.82437,69000,
TX,32.71212,-100.86135,69000,SNTX Substation
TX,32.74708,-100.95503,138000,
TX,32.74848,-100.9616,138000,Sun Switching Station
TX,32.77639,-100.94516,138000,Golden Switching Station
TX,32.75965,-100.82367,138000,Camp Springs Wind 1 Substation
TX,32.66169,-100.96365,69000;4160,Scurry Sante Fe Substation
TX,32.62741,-101.05032,69000;12470,Scurry Substation
TX,32.58162,-100.97545,69000;12470,Ira Substation
TX,32.70397,-100.90264,138000;69000;12500,Snyder Substation
TX,32.55354,-101.13835,69000;12470,Lake Thomas Substation
TX,32.39224,-100.84149,69000;12470,Colorado City Substation
TX,32.52988,-100.84532,69000,
TX,32.53006,-100.83643,69000;4160,Colorado Basin Substation
TX,32.74231,-100.98568,138000;12500,Sacroc Substation
TX,32.69158,-101.05238,138000;12470,Knapp Substation
TX,32.62715,-101.05435,138000,Bluff Creek Substation
TX,32.74747,-100.95786,138000,
TX,32.7835,-100.94434,138000,Brand Substation
TX,32.84014,-100.92498,138000;69000,Ennis Creek Switching Station
TX,32.81276,-100.96079,138000,Scurry Chevron Substation
TX,32.8711,-100.97484,138000,Scurry Switching Station
TX,32.77416,-101.00446,138000,
TX,32.91884,-101.18466,138000;34500,Red Canyon Wind Substation
TX,32.9526,-101.1296,138000;34500,Brazos Wind 1 Substation
TX,32.93891,-101.31593,138000;34500,Brazos Wind 2 Substation
TX,32.62902,-101.14949,138000,Exxon Sharon Ridge Substation
TX,32.9279,-101.58427,138000;34500,Bull Creek Wind Substation
TX,32.28061,-101.18704,69000;12470,Iatan Howard Substation
TX,32.36022,-101.0144,69000;12470,Westbrook Substation
TX,32.30388,-101.30835,69000;24940;12470,Coahoma Substation
TX,32.13199,-101.39382,138000;34500,Ocotillo Wind Substation
TX,32.08035,-101.4167,138000;13200,Forsan Substation
TX,32.0648,-101.40855,138000,Drumright Switching Station
TX,32.28065,-101.40889,69000,Big Spring Carbon Substation
TX,33.229,-100.88028,138000,Salt Creek #1 Substation
TX,33.23106,-100.86992,138000,Salt Creek #2 Substation
TX,33.47376,-100.85723,138000;69000,Spur Substation
TX,33.75042,-100.99156,138000,McAdoo Wind Energy Substation
TX,32.88905,-96.71713,,
TX,32.88897,-96.73735,138000,
TX,31.75078,-106.33786,69000,
TX,31.90168,-106.42299,115000,Milagro Substation
TX,33.4091,-101.11376,69000,Kalgary Substation
TX,33.28967,-100.94778,69000,SMS Substation
TX,33.73384,-100.84187,69000,Afton Substation
TX,33.73393,-100.84187,69000,Glenn Substation
TX,33.54389,-100.89707,69000,Espuela Substation
TX,32.66769,-96.77171,138000,
TX,32.62589,-96.74164,138000,
TX,32.8998,-96.85536,138000,
TX,32.90298,-96.83097,138000,
TX,32.32887,-95.84664,138000,
TX,32.89742,-96.79405,138000,
TX,32.89956,-96.77008,138000,
TX,32.84683,-95.75842,138000,
TX,34.39166,-100.88916,69000,Turkey Substation
TX,34.34229,-100.89803,69000,Turkey Substation
TX,34.25242,-100.98978,69000,Flomot Substation
TX,34.10519,-100.8728,69000,Muleta Substation
TX,34.10613,-101.09844,69000,Whirlwind Substation
TX,34.01129,-100.83187,69000,Matador Substation
TX,33.89737,-100.84733,69000,Roaring Springs Substation
TX,33.52062,-97.21097,138000,
TX,32.81198,-96.70874,138000,
TX,32.78569,-96.77684,,
TX,32.79611,-96.7823,,
TX,32.77713,-96.7259,138000,
TX,32.69928,-96.85829,138000,
TX,32.70102,-96.83967,138000,
TX,32.75185,-96.74748,138000,
TX,32.78508,-96.81779,138000,
TX,32.78638,-96.81545,138000,
TX,32.54497,-96.17706,138000,
TX,33.59194,-102.02676,,
TX,32.86521,-96.89181,138000,
TX,32.18869,-94.67316,,
TX,32.1679,-94.78275,,
TX,32.68909,-95.47373,138000;69000,North Mineola Substation
TX,33.69382,-95.55573,138000,
TX,33.01206,-96.66589,138000,
TX,33.84432,-98.53244,138000,
TX,33.87374,-98.53447,138000,
TX,32.43327,-97.82283,,
TX,32.83609,-95.60485,138000,
TX,32.81387,-95.61627,69000,
TX,31.67341,-96.31465,69000;12500,Simsboro Magnolia Substation
TX,25.98456,-97.37989,345000;138000,Palmito Substation
TX,27.64899,-97.29198,69000,Laguna Substation
TX,27.55986,-97.50221,138000,Alazan Substation
TX,27.60772,-97.31307,138000,Barney Davis Substation
TX,27.83638,-97.49929,138000,
TX,27.81795,-97.50502,69000,
TX,27.84993,-97.61082,69000,Hearn Road Substation
TX,27.90948,-97.4247,138000,Mayo Substation
TX,27.94398,-97.3654,69000,Midway Substation
TX,27.81975,-97.42131,138000;69000,Gila Substation
TX,27.8209,-97.41837,138000,Nueces Bay Substation
TX,27.8149,-97.47798,69000,Air Liquide Substation
TX,27.81864,-97.50477,69000,Kepler Substation
TX,27.81183,-97.46802,69000,
TX,27.8114,-97.44437,138000,Cantwell Substation
TX,27.80482,-97.42213,138000,
TX,27.80791,-97.42014,138000,
TX,27.80808,-97.43145,69000,Industrial Substation
TX,27.81266,-97.42699,138000,
TX,27.7964,-97.44586,138000;69000,Highway 9 Substation
TX,27.7662,-97.45213,138000,West Oso Substation
TX,27.80513,-97.45704,138000,Javelina Substation
TX,27.82031,-97.53539,138000,Clarkwood Substation
TX,27.83221,-97.53767,138000,Hearn's Ferry Substation
TX,27.81644,-97.47941,69000,
TX,27.81527,-97.48054,,
TX,27.81523,-97.48428,69000,
TX,27.81496,-97.48078,138000;69000,Valero East Substation
TX,27.8151,-97.48332,69000,Valero West Substation
TX,27.82734,-97.52471,138000;69000,Koch Upriver Substation
TX,27.81104,-97.59603,138000,
TX,27.8099,-97.49649,138000,Champlin - Citgo West Substation
TX,34.8151,-102.39464,,Hereford Substation
TX,33.5637,-101.89319,,
TX,32.86754,-97.0054,138000,
TX,32.86871,-96.97736,138000,
TX,28.25521,-97.67631,69000,Skidmore Substation
TX,28.38059,-97.67078,69000,Chase Field Substation
TX,28.25105,-98.19877,69000,Clay West Substation
TX,28.28759,-98.2127,69000,West George West Substation
TX,28.1832,-97.7723,69000,Tynan Substation
TX,28.33482,-97.80611,69000,Bee Prison Substation
TX,28.24381,-97.79599,69000,Olmos Substation
TX,28.16036,-97.86159,69000,Mathis Substation
TX,28.33091,-98.0732,69000,George West Substation
TX,28.3909,-99.00111,138000,Los Angeles Substation
TX,28.37146,-98.80078,345000;138000,Fowlerton Substation
TX,28.40355,-98.19401,138000;69000,George West Switching Station
TX,28.40889,-98.20587,69000,Simmons City Substation
TX,28.45939,-98.51852,138000,Tilden Substation
TX,28.44178,-98.32001,69000,Choke Canyon Prison Substation
TX,28.4535,-98.28028,69000,Choke Canyon Substation
TX,28.54361,-98.34117,69000,North Calliham Substation
TX,28.45854,-98.19069,138000,Three Rivers Refinery Substation
TX,28.45534,-98.1868,138000,Sigmor Substation
TX,28.4549,-98.21903,138000,Choke Canyon Substation
TX,28.81551,-97.74064,138000;69000,Choate Substation
TX,28.87993,-97.83241,69000,Kenedy Substation
TX,28.87186,-97.99395,69000,Coy City Substation
TX,28.4933,-97.59852,69000,Berclair Substation
TX,28.42495,-97.79787,69000,Beeville Substation
TX,28.53353,-97.77399,69000,Normanna Substation
TX,28.59823,-97.78854,138000,Tuleta Substation
TX,28.6207,-97.7954,69000,Pettus Substation
TX,28.8944,-98.12005,138000,Lyssy Substation
TX,28.85889,-97.8786,138000,Karnes City Substation
TX,28.81768,-97.84393,69000,Kenedy Substation
TX,28.39703,-97.74337,69000,Beeville Substation
TX,28.48096,-98.1576,69000,Three Rivers Substation
TX,28.58137,-98.20015,69000,Sunniland Substation
TX,28.82453,-98.17066,69000,Fashing Substation
TX,27.91997,-97.96016,69000,Orange Grove Substation
TX,28.03485,-97.86671,69000,Sandia Substation
TX,27.99827,-97.90799,69000,Casa Blanca Substation
TX,27.91895,-97.96141,138000;69000,Orange Grove Switching Station
TX,28.30201,-98.13837,138000,George West Substation
TX,27.68857,-97.50222,69000,Corpus Christi Substation
TX,27.76861,-97.63611,69000,Robstown Substation
TX,27.95125,-97.42591,138000,Papalote Creek Wind Farm Substation
TX,27.80044,-97.66175,69000,Robstown City Substation
TX,27.79,-97.6589,69000,Robstown Substation
TX,27.84706,-97.71904,69000,Riverside Substation
TX,27.79689,-97.79142,69000,Banquete Substation
TX,27.94253,-97.57378,69000,Odem Substation
TX,27.87662,-97.62512,69000,Water Works Substation
TX,27.97543,-97.68471,69000,Edroy Substation
TX,28.00065,-97.35812,69000,Taft Substation
TX,27.96967,-97.47288,69000,Sodville Substation
TX,27.86782,-97.63215,69000,Smith Substation
TX,27.86012,-97.61944,69000,Stevens Substation
TX,33.86624,-101.83897,345000,Elk Station Switchyard
TX,34.19604,-101.38163,345000,South Plains Wind 2 Substation
TX,34.08052,-101.32385,345000,South Plains Wind 1 Substation
TX,34.05903,-101.17946,345000,White River Substation
TX,27.62646,-97.74095,69000,Driscoll Substation
TX,27.71099,-97.63586,69000,Corpus Christi Switch
TX,27.49223,-97.85512,138000,Kleberg Substation
TX,27.75561,-97.81932,138000,
TX,27.76168,-97.81832,138000,Bunsen Substation
TX,27.57949,-97.84294,69000,Bishop Substation
TX,27.56881,-97.82081,138000,
TX,27.56057,-97.83036,138000,Celanese Bishop Substation
TX,27.46922,-98.05341,138000,King Ranch Gas Plant Substation
TX,27.5307,-97.88623,138000,Kingsville Substation
TX,27.67009,-97.91049,69000,Central Substation
TX,27.68742,-98.06892,69000,Ben Bolt Substation
TX,27.72984,-98.08746,138000;69000,Alice Substation
TX,27.74608,-98.05384,69000,Stadium Substation
TX,27.93315,-98.60159,69000,Government Wells Substation
TX,27.84529,-98.61739,69000,Freer Substation
TX,27.74094,-98.24815,69000,San Diego Substation
TX,32.24969,-102.82739,138000,Gasland Substation
TX,32.42738,-103.05865,138000,Andrews County Northwest Substation
TX,31.3579,-94.73832,138000;12500,Lufkin Substation
TX,32.31362,-99.75283,69000,Cedar Gap Substation
TX,32.46014,-99.92871,69000,Ely Substation
TX,32.3874,-99.83659,138000,Moore Substation
TX,32.4785,-100.00511,69000,Merkel Substation
TX,32.4494,-100.07505,69000,Scott Substation
TX,32.4494,-100.07393,138000;12470,Butman Substation
TX,32.49274,-100.11797,69000,Trent Substation
TX,32.01702,-100.27452,138000,Fort Chadbourne Substation
TX,32.04673,-100.29299,138000,Oak Creek Switching Station
TX,32.02332,-100.29036,138000,Nicole Switching Station
TX,32.36817,-99.7764,138000,Wylie Substation
TX,32.39442,-99.7827,138000,Abilene Rebecca Lane Substation
TX,32.41738,-99.78721,138000,Abilene Twilight Trails Substation
TX,32.38704,-99.83682,138000;12500,Potter Substation
TX,32.46592,-100.13915,138000;24.9,McElmurray 24.9 Substation
TX,32.46589,-100.13885,138000,McElmurray Substation
TX,32.2431,-100.35715,69000;12470,Oak Creek Substation
TX,32.24654,-100.45959,69000,Lonestar Cement Substation
TX,32.48151,-100.33889,69000;480,Flintkote Substation
TX,32.49193,-100.363,69000,US Gypsum Substation
TX,32.48902,-100.36057,69000,US Gypsum South Substation
TX,32.45718,-100.44293,69000;12470,Sweetwater Substation
TX,32.23508,-100.45382,69000,Nolan West Substation
TX,32.24363,-100.45888,69000,Sweetwater Creek Substation
TX,32.24445,-100.45712,69000,Lonestar Cement Substation
TX,32.21198,-100.25645,138000,Turkey Track Wind Substation
TX,32.45805,-99.78953,138000;69000,Abilene Elm Creek Substation
TX,32.46519,-99.81136,138000,Abilene Industrial Park Substation
TX,32.5028,-99.78988,138000;69000,Abilene Northwest Substation
TX,32.36,-99.75479,138000,Sharp Substation
TX,32.35839,-99.70021,138000;12500,Walker Substation
TX,32.35902,-99.75122,138000;69000,Abilene South Substation
TX,32.4496,-100.23178,138000,Trent Wind Farm Substation
TX,32.33096,-100.37977,138000;34500,Sweetwater Wind 2 Substation
TX,32.44624,-100.541,69000;12470,Roscoe Substation
TX,32.41588,-100.71323,69000;12470,Loraine Substation
TX,32.46599,-100.40973,138000;12470,Sweetwater Downtown Substation
TX,32.44343,-100.39739,138000,Haynes Substation
TX,32.3825,-100.71519,138000,
TX,31.82188,-100.31102,69000,Bronte Atlantic Substation
TX,31.95059,-100.59718,69000,Spence Pump Substation
TX,31.89134,-100.29331,69000,Bronte Substation
TX,31.88513,-100.39732,69000,Bronte Ambassador Substation
TX,31.89216,-100.48484,69000,Robert Lee Substation
TX,31.91826,-100.61111,69000,Edith Substation
TX,32.07041,-100.67814,69000,Silver Substation
TX,32.05096,-100.68008,69000,Silver Substation
TX,32.01441,-100.73896,138000;69000,Cedar Hill Switching Station
TX,32.00614,-100.76872,69000,Perkins Substation
TX,32.69792,-95.86499,138000,
TX,31.41402,-100.08989,69000,Eola Substation
TX,31.21574,-99.83623,69000,Eden Substation
TX,31.49142,-99.69828,69000;4160,Colorado River Municipal Water District #1 Substation
TX,31.50625,-99.91808,69000,Paint Rock Substation
TX,32.14319,-100.09931,69000,Happy Valley Substation
TX,32.09587,-99.87993,69000,Bradshaw/Climax Substation
TX,32.0925,-99.88257,69000,Steamboat Station
TX,31.97096,-99.96215,69000,Winters Substation
TX,31.82068,-99.9564,69000,Hatchell Substation
TX,31.64573,-100.04727,69000,Rowena Substation
TX,31.55173,-100.25815,69000,Harriett Substation
TX,31.59334,-100.1781,69000,Miles Substation
TX,30.83157,-100.62308,69000;4160,Eldorado Shell Bailey Substation
TX,30.7579,-100.31106,69000;24900;12500,Middle Valley Substation
TX,30.79852,-100.46429,69000,Page Field Substation
TX,30.74738,-100.26423,69000,Fort McKavett Substation
TX,30.8607,-100.59662,69000;12500,Eldorado Substation
TX,30.57097,-100.64422,69000,Sonora City Substation
TX,30.89466,-99.11907,69000,Fredonia Substation
TX,30.5623,-99.26179,69000,Puncher Substation
TX,30.54649,-99.26912,69000,Mason Phillips Substation
TX,30.56267,-99.26098,69000,Puncher Substation
TX,30.76374,-99.41113,138000;12500,Streeter Substation
TX,30.64572,-99.59289,69000,Shell London Substation
TX,30.6871,-99.82382,69000,Hornet Substation
TX,30.68301,-99.82379,69000,Menard Phillips Substation
TX,30.51517,-99.76951,69000;24900,Junction Substation
TX,30.96027,-99.28164,69000;24900,Camp San Saba Substation
TX,30.95969,-99.28169,69000,Katemcy Substation
TX,31.13523,-99.34156,69000,Brady Substation
TX,31.15554,-99.3362,69000,North Brady Substation
TX,31.19634,-99.58401,69000,Melvin Substation
TX,31.21496,-99.75422,69000,Schaffner Substation
TX,30.84962,-95.5191,138000,Cincinnati Substation
TX,31.17385,-93.56469,138000,Toledo Bend Substation
TX,29.7319,-98.44122,138000,Bulverde Substation
TX,29.54644,-98.45941,138000,Blossom Substation
TX,32.18764,-102.00875,138000,Glass Ranch Substation
TX,33.00657,-99.60543,138000;34500,Solara Substation
TX,31.21791,-101.9375,69000,Rankin Substation
TX,30.89571,-101.93496,69000,Discovery Canyon Substation
TX,30.78775,-101.83205,69000,Cactus Tapping Station
TX,30.91048,-101.89966,69000,Iraan Substation
TX,31.13332,-102.19166,69000;4160,McCamey Shell Substation
TX,31.04844,-102.27662,69000,South Cross Substation
TX,30.78716,-101.81818,69000,Pecos River Substation
TX,30.91298,-101.94355,69000,Iraan Air Products Substation
TX,30.92241,-101.93246,69000,Marathon Yates Substation
TX,30.72507,-101.81545,69000,Sheffield Substation
TX,30.94926,-101.96582,138000;69000,West Yates Substation
TX,30.89775,-101.99226,138000,Mesa View Substation
TX,30.82462,-102.03242,138000,Mesa View Substation
TX,30.91596,-102.10968,138000,Desert Sky Wind Substation
TX,30.93167,-102.20174,138000,Indian Mesa Wind Substation
TX,31.105,-102.29657,69000,Bobcat Hills Substation
TX,30.97913,-102.27131,138000,Indian Mesa Substation
TX,30.98183,-102.27547,138000,Tunas Creek Substation
TX,30.9823,-102.27455,138000;34500,Pearl Substation
TX,30.98211,-102.27407,138000;34500,Sirius Substation
TX,30.99446,-102.29149,345000;34500,Bootleg Substation
TX,30.55365,-96.25776,138000,Greens Prairie Substation
TX,30.35071,-95.78152,138000,Dobbin Substation
TX,30.36993,-96.0939,138000,
TX,30.37034,-96.0939,138000,Mockingbird Substation
TX,30.33323,-95.69861,138000,Spring Branch Substation
TX,30.31576,-96.40577,69000;4160,Independence Substation
TX,30.52716,-96.71375,69000,Caldwell Industrial Substation
TX,30.72604,-96.4483,138000,
TX,30.72537,-96.44917,138000,Triangle Park Substation
TX,30.59292,-96.10006,138000,Carlos Substation
TX,30.79977,-96.29284,138000,Kurten Substation
TX,30.54194,-96.21649,138000,Speedway Substation
TX,30.74446,-96.40966,138000;69000,Bryan Substation
TX,30.67061,-95.98756,138000,Bedias Substation
TX,32.74386,-97.32623,138000,
TX,30.65601,-96.40778,69000,Industrial Park Substation
TX,30.6912,-96.39445,69000,North Substation
TX,31.74927,-101.46637,345000;34500,Rattlesnake Den Wind Substation
TX,31.46311,-99.54852,345000,Bow Wood Substation
TX,33.80291,-101.06976,345000,Wake Wind Wind Energy Substation
TX,34.39251,-101.31489,345000,Briscoe Wind Farm Substation
TX,34.6861,-102.66457,345000,Mariah del Norte Wind Substation
TX,34.71923,-102.25565,345000,Hereford Wind Substation
TX,35.3354,-101.15117,345000;34500,Colbeck's Corner Wind Farm Substation
TX,35.25565,-100.93783,115000,Kirby Switching Station
TX,35.18379,-100.93974,115000;69000,Jericho Substation
TX,35.16384,-100.94015,345000;34500,Salt Fork Wind Substation
TX,35.16681,-100.94008,345000,
TX,34.41071,-100.28223,69000,Childress Amoco Substation
TX,34.47003,-100.36449,69000,Carey Substation
TX,34.54547,-100.44985,69000,Estelline Substation
TX,34.43289,-100.27011,69000,Childress Airport Substation
TX,34.60022,-100.51791,69000,Red River Substation
TX,34.7198,-100.53371,69000,Memphis Substation
TX,34.74002,-100.5452,69000,Northwest Memphis Substation
TX,34.76134,-100.56837,69000,Memphis Substation
TX,34.85634,-100.66357,69000,Hedley Substation
TX,34.92576,-100.86572,69000,Clarendon Substation
TX,34.93981,-100.88995,69000,Clarendon Substation
TX,35.04809,-100.90192,69000,Howardwick Substation
TX,34.2485,-99.50983,69000,Chillicothe Substation
TX,34.41944,-100.22705,138000;69000,West Childress Substation
TX,34.4209,-100.21015,69000,Childress Substation
TX,34.37759,-100.06643,69000,Kirkland Substation
TX,34.32253,-99.82058,69000,Quanah Acme Mills Substation
TX,34.30156,-99.74059,69000,Quanah Substation
TX,34.43051,-100.22744,69000,Henry Substation
TX,34.436,-100.22474,69000,Childress 20th Street Substation
TX,26.2222,-97.69823,138000;69000,Harlingen Switching Station
TX,35.21215,-100.57394,115000,McLean Rural Substation
TX,35.18329,-100.25415,69000,Shamrock Substation
TX,33.99404,-99.16746,69000,Grayback Substation
TX,34.04271,-99.09374,69000,Harrold Substation
TX,34.05109,-99.37532,69000,Lockett Substation
TX,32.87519,-96.6681,,
TX,34.10333,-99.11266,345000,Bendix Substation
TX,31.85257,-102.30765,138000,
TX,31.85821,-102.21595,345000;138000,Midessa South Substation
TX,31.90742,-102.20458,138000,
TX,32.01128,-102.00967,69000;4160,Midland Basin Substation
TX,32.01849,-102.02519,69000;4160,Midland Gulf Substation
TX,31.73979,-102.31624,138000,Pleasant Farms Substation
TX,31.74082,-102.21313,138000,Pegasus Substation
TX,31.66289,-102.22506,138000,Pegasus South Substation
TX,31.43311,-102.13168,138000,Crane East Substation
TX,31.43843,-101.88489,138000,Upton Substation
TX,31.63355,-101.70785,69000;4160,Reagan Shell Substation
TX,31.56794,-101.8218,138000,Pembrook Substation
TX,31.52087,-101.80786,138000,Midkiff Switching Station
TX,31.68919,-101.64537,69000;12500,Glasscock Substation
TX,31.81313,-101.5262,69000,Garden City Substation
TX,31.78488,-101.83603,,
TX,31.86663,-101.46897,138000,Garden City East Substation
TX,31.85441,-101.79121,69000;12500,Tex Harvey Substation
TX,31.85341,-101.79139,138000,Tex Harvey Substation
TX,31.40627,-102.59785,69000;12500,Barnsley Substation
TX,31.32547,-102.56246,69000,Exxon Juan Cordona Substation
TX,31.42567,-102.37294,69000;4160,Crane County Airport Substation
TX,31.53623,-102.43616,69000,Dune Field Substation
TX,31.42317,-102.34136,69000,Crane Gulf Substation
TX,31.43199,-102.43771,69000;12500,Crane Atlantic Substation
TX,31.42904,-102.38026,69000;4160,Texas-New Mexico Pipeline Substation
TX,31.42293,-102.31568,69000,McElroy Substation
TX,31.43277,-102.13165,138000,Crane East Substation
TX,31.42871,-102.34722,69000;4160,Crane Humble Substation
TX,31.462,-102.35178,69000,Getty Substation
TX,31.41082,-102.33852,138000;69000;12500,Crane Substation
TX,31.40984,-102.33861,138000;69000,Crane Substation
TX,31.41083,-102.33729,138000,Crane Substation
TX,31.44058,-102.45914,138000,Arco Substation
TX,31.22125,-102.31252,138000;12500,Spudder Flat Substation
TX,31.22145,-102.27734,138000;34500,King Mountain Southwest Substation
TX,31.25264,-102.23839,138000;34500,King Mountain Northwest Substation
TX,31.27442,-102.1796,138000;34500,King Mountain Northeast Substation
TX,31.22745,-102.13304,138000;34500,King Mountain Southeast Substation
TX,29.76231,-93.92935,230000,
TX,31.45032,-102.8255,69000,Ward Switching Station
TX,31.23837,-103.15829,138000,Musquiz Substation
TX,31.29359,-103.11321,138000,Waha Substation
TX,31.27554,-103.10664,138000,County Road 101 Substation
TX,31.23817,-103.21611,138000,Wolf Bone Ranch Substation
TX,30.95349,-103.29181,138000;34500,Clovis Substation
TX,30.94726,-103.36536,138000;69000,Barrilla Junction Substation
TX,30.95264,-103.36145,138000;34500,Hovey Substation
TX,30.94832,-103.36171,345000;138000,Solstice Substation
TX,30.99519,-102.92458,69000;4160,Northern Natural Substation
TX,31.18467,-103.03536,69000;4160,Wolfcamp Substation
TX,31.38848,-102.86945,69000;12500,Royalty Substation
TX,31.04202,-103.65301,138000;69000,Saragosa Substation
TX,31.73485,-104.74905,138000,Kunitz Substation
TX,31.80983,-104.04775,138000,Salt Creek West Substation
TX,31.35436,-104.39397,,Elcor Substation
TX,31.75778,-104.30465,138000,Culberson Substation
TX,31.75785,-104.30375,138000;13200,Culberson Substation
TX,31.83373,-104.28689,138000,Black River Substation
TX,31.81014,-104.04775,138000,
TX,31.92076,-104.02412,138000,
TX,31.82196,-104.04595,138000;22000,Screwbean Substation
TX,31.81771,-104.04648,138000,
TX,31.8072,-103.93082,138000,Orla Southwest Substation
TX,31.79772,-103.93163,138000,
TX,31.80036,-103.93201,138000,
TX,31.35619,-103.33443,138000,Worsham Field Substation
TX,31.38264,-103.46201,138000,Collie Field Tap
TX,31.41466,-103.46939,138000,Collie Field Substation
TX,31.32469,-103.33821,138000,Quito Draw Substation
TX,31.378,-103.42373,138000,Birds of Prey Tap
TX,31.3741,-103.42679,138000,Birds of Prey Substation
TX,31.45077,-103.09776,138000,Pyote Substation
TX,31.39999,-103.49415,138000,Stafford Boulevard Substation
TX,31.25744,-103.43074,138000,Barrilla Draw Substation
TX,31.19955,-103.35952,138000,Flat Top Substation
TX,31.26104,-103.7932,138000,Faulkner Substation
TX,31.42951,-103.4987,138000,Pecos Substation
TX,31.39987,-103.49085,138000,IH 20 Substation
TX,31.39646,-103.62565,138000,Reeves County #4 Substation
TX,31.53126,-103.35569,138000,Bone Springs Substation
TX,31.51528,-103.45103,138000,Mi Vida Substation
TX,31.52348,-103.46135,138000,
TX,31.49732,-103.47196,138000,Barstow Northwest Substation
TX,31.51395,-103.45207,138000,Cochise Substation
TX,31.54465,-103.41085,138000,Bone Springs Tap
TX,31.59428,-103.24841,138000,Lonestar Substation
TX,26.19141,-97.66507,69000,East Harrison Substation
TX,26.20666,-97.66456,138000;69000,Oleander Substation
TX,31.09526,-102.5231,138000,Sun Valley Substation
TX,31.09668,-102.79487,69000,Pecos Valley Substation
TX,31.037,-103.02458,69000;24900,Gomez Substation
TX,30.92727,-102.95519,138000;69000,Fort Stockton Plant Substation
TX,30.88937,-102.88408,69000,Fort Stockton Substation
TX,30.90307,-102.91916,138000,Airport Substation
TX,30.9004,-102.87324,138000;69000,16th Street Substation
TX,30.95158,-102.48099,138000,Woodward Wind 1 Substation
TX,30.98009,-102.41696,138000,Woodward Wind 2 Substation
TX,31.00239,-102.67901,138000,Tombstone Substation
TX,30.88537,-102.42338,69000,White Baker Substation
TX,30.83301,-102.37233,138000,Ligon Substation
TX,30.75546,-102.46909,138000;34500,Patriot Substation
TX,30.81842,-102.36591,138000;34500,Keo Substation
TX,30.88603,-102.42346,138000;69000,White Baker Substation
TX,30.60747,-102.58086,138000,Century Plant Substation
TX,30.60728,-102.58153,138000,Century Plant Substation
TX,30.70191,-102.71373,69000,
TX,30.14202,-102.40289,69000,Sanderson Substation
TX,30.23151,-102.43655,69000,
TX,30.31227,-102.4411,69000,
TX,30.39893,-102.43739,69000,
TX,30.46177,-102.49097,69000,Armadillo Substation
TX,30.59131,-102.60288,69000,Puckett Tap
TX,30.62966,-102.54835,69000,Puckett Substation
TX,30.67266,-102.49386,69000,Northern Natural Gas Substation
TX,30.77273,-102.50412,69000,
TX,30.75964,-103.0681,69000,Belding Substation
TX,30.49295,-103.45376,69000,Bronco Substation
TX,30.465,-103.47533,69000;34500,Lasso Substation
TX,32.66144,-95.49168,,
TX,30.23579,-103.43801,69000,Altuda Substation
TX,30.63924,-102.94366,69000,Conoco Substation
TX,29.71191,-103.11743,69000,Persimmon Gap Substation
TX,30.38947,-103.52475,69000,Alpine Substation
TX,30.30701,-103.8017,69000,Paisano Camp Substation
TX,30.58521,-103.89855,69000;12500,Fort Davis Substation
TX,30.52241,-103.92692,69000;7200,Espy Wells Substation
TX,30.467,-103.94858,69000;12500,Kennedy Ponder Tap
TX,30.41452,-103.96379,69000,Valentine Tap
TX,30.02521,-104.19601,69000,Bryant Ranch Substation
TX,29.59295,-104.33445,69000,Acacia Substation
TX,29.56624,-104.35576,69000,Gonzales Substation
TX,29.82155,-104.325,69000,Shafter Mine Substation
TX,29.90742,-104.2762,69000,Chinati Substation
TX,30.02483,-104.19667,69000,Cinega Substation
TX,30.8956,-101.99199,138000,Long Loop Substation
TX,31.22849,-101.65608,138000,Santa Rita Substation
TX,31.03181,-103.45842,69000,Hoefs Road Substation
TX,26.20678,-97.70896,69000,Harlingen #1 Substation
TX,31.093,-101.46809,69000,Big Lake Phillips Pump Substation
TX,30.9696,-101.30948,138000,Esmeralda Substation
TX,30.99054,-101.07733,138000,Yucca Substation
TX,31.10945,-101.38928,138000,Wolfberry Substation
TX,31.10872,-101.3663,138000,
TX,31.06008,-101.46105,69000,Strauss Ranch Substation
TX,30.90885,-101.37879,69000,Midway Lane Substation
TX,31.02247,-101.58495,69000,Powell Field Substation
TX,31.11819,-101.57046,69000,Shell Powell Substation
TX,31.18499,-101.53575,69000,Humble Kemper Exxon Substation
TX,31.23,-101.29939,138000,Jerry Substation
TX,31.30831,-100.93897,138000,Hargrove Substation
TX,31.29737,-101.03617,138000,Pumpjack Substation
TX,31.25971,-100.84507,69000,Mertzon Substation
TX,31.34474,-100.64044,69000,Tankersley Substation
TX,31.25788,-100.81645,69000,Mertzon Substation
TX,31.29818,-101.16235,69000,Barnhart Substation
TX,31.12809,-101.17227,69000,Barnhart Substation
TX,31.22946,-101.2993,138000,Rock Hollow Substation
TX,31.29694,-101.03601,138000,Ketchum Mountain Substation
TX,31.30781,-100.93921,138000,Newton T. Busby Substation
TX,28.51255,-96.76696,69000,
TX,30.45788,-99.13089,69000,Doss Substation
TX,30.29897,-99.24014,138000,Harper Substation
TX,30.26196,-98.84334,69000,Goehmann Lane Substation
TX,30.47177,-98.84729,69000,Fredericksburg Phillips Substation
TX,30.25231,-98.88203,138000,Hollmig Substation
TX,30.26589,-98.88819,138000,Live Oak Substation
TX,26.1811,-97.72332,69000,West Harlingen Substation
TX,32.00126,-96.37577,138000;69000,
TX,30.65335,-98.45185,69000,Kingsland 1 Substation
TX,30.67912,-98.45786,69000,Kingsland 2 Substation
TX,30.82609,-98.48142,69000,Bluffton Substation
TX,30.73553,-98.44809,69000,Buchanan Substation
TX,30.59115,-98.44361,69000,Sunrise Beach Substation
TX,30.76634,-98.67741,138000;69000,Pitsburg Substation
TX,30.73634,-98.6107,69000,Sandstone Mountain Substation
TX,30.43889,-98.74731,69000,Nebo Substation
TX,30.37771,-97.9424,138000,Lakeway Tap
TX,30.37214,-97.94489,138000,Lakeway Substation
TX,30.55518,-98.25776,138000,Marble Falls Substation
TX,30.55228,-98.26136,138000,Starcke Substation
TX,30.5098,-98.20599,138000,Flatrock Substation
TX,30.58803,-98.2938,138000,Granite Mountain Substation
TX,30.75076,-98.41775,69000,Buchanan Substation
TX,30.68842,-98.39257,138000,
TX,30.60976,-98.37998,138000,Sherwood Shores Substation
TX,30.73145,-98.38565,69000,Inks Dam Substation
TX,30.75003,-98.41658,138000;69000,Coronado Substation
TX,30.64526,-98.25814,138000,Fairland Substation
TX,29.20024,-100.0379,138000,Blewett Substation
TX,30.74897,-97.8758,138000;69000,Andice Substation
TX,30.75909,-98.23745,138000,Burnet Substation
TX,32.76339,-97.19169,138000,
TX,31.11191,-97.87519,138000,Copperas Cove East Substation
TX,31.11322,-97.90699,138000,Copperas Cove Substation
TX,31.08451,-98.18371,138000,Lampasas Substation
TX,31.10978,-97.96091,138000,Copperas Cove Substation
TX,31.09134,-98.05398,138000,Kempner Substation
TX,31.04765,-98.19081,138000,Naruna Substation
TX,30.99161,-98.19821,138000,E. Babe Smith Substation
TX,30.95256,-98.26263,138000,Dobbyville Substation
TX,30.80658,-98.35328,138000,Graphine Mine Substation
TX,29.83974,-100.79568,138000,Whiting Substation
TX,29.83949,-100.79674,138000,Devils River Substation
TX,31.21533,-98.3908,138000,Lometa Substation
TX,31.192,-98.69032,138000;12500,San Saba Substation
TX,31.41495,-98.51188,138000,Goldthwaite Wind Substation
TX,31.43361,-98.17316,138000,Evant Substation
TX,31.29539,-98.93164,69000,Richland Springs Substation
TX,31.23734,-98.67459,69000,Terry Substation
TX,31.23592,-98.67175,138000;69000,San Saba Switching Substation
TX,31.70946,-98.86163,138000,Zephyr Substation
TX,31.81772,-98.66695,138000,Mercers Gap Switching Station
TX,31.63617,-98.96053,138000,Camp Bowie Substation
TX,31.66084,-98.92044,138000,Brownwood Switching Station
TX,31.80306,-98.69434,138000;34500,Logan's Gap Wind Substation
TX,34.0606,-101.18782,345000,
TX,31.33092,-94.77156,138000;12500,Hudson Substation
TX,31.4431,-94.77977,138000;25000;12500,Central Angelina Substation
TX,31.95307,-98.46717,69000,Proctor Substation
TX,31.92446,-98.50404,138000;69000,Hasse Substation
TX,31.89422,-98.60547,138000,Comanche Substation
TX,31.89304,-98.57289,138000,Shiloh Substation
TX,31.98403,-99.6693,69000,Novice Substation
TX,31.73943,-99.64223,69000,Talpa Atlantic Substation
TX,31.75829,-99.54746,69000,Valera Substation
TX,31.55846,-99.45796,69000,Gouldbusk Substation
TX,31.74431,-99.42689,69000,Coleman Junction Substation
TX,31.85541,-99.7879,138000,Lake Ivie Booster Substation
TX,31.57784,-99.72147,138000,Lake Ivie Pump Substation
TX,31.81454,-99.40405,138000,Coleman Substation
TX,31.76648,-99.09107,69000,Lake Brownwood Substation
TX,31.73335,-99.12795,69000,Bangs Substation
TX,31.82376,-98.79617,69000,Blanket Substation
TX,31.71857,-98.97416,138000;69000,Brownwood Substation
TX,31.34918,-94.7464,138000;12500,Lufkin Hill Street Substation
TX,31.19381,-94.7955,138000;12500,Diboll Substation
TX,31.95053,-97.31941,69000,Whitney Substation
TX,31.94953,-97.67537,69000,Meridian Substation
TX,32.06926,-97.7477,69000,Walnut Springs Switching Station
TX,31.74261,-98.37459,69000,Energy Substation
TX,31.78503,-97.81675,69000,Cranfills Gap Substation
TX,31.88997,-97.52196,69000,Powell Substation
TX,31.98019,-98.02825,69000,Hico Substation
TX,31.95747,-97.86494,69000,Hico Switching Station
TX,32.06875,-97.74782,138000;69000,Walnut Springs Switching Station
TX,31.71372,-98.1093,69000,Hamilton Substation
TX,31.93039,-97.65866,69000,Meridian Substation
TX,31.65448,-97.47238,69000,Valley Mills Substation
TX,31.73064,-97.55236,69000,Handley Substation
TX,31.78678,-97.59089,69000,Cliffton 2 Substation
TX,31.78615,-97.57195,69000,Clifton 1 Substation
TX,31.43822,-97.73427,69000,Gatesville #1 Substation
TX,31.4392,-97.74647,69000,Gatesville #2 Substation
TX,31.50377,-97.76264,69000,Gatesville Substation
TX,31.53558,-97.7977,69000,Pancake Substation
TX,31.61517,-97.89417,69000,Jonesboro Substation
TX,31.68234,-98.11858,69000,Hamilton Substation
TX,31.66249,-98.419,69000,Indian Gap Substation
TX,31.74304,-98.37411,69000,Energy Substation
TX,31.81803,-98.34432,69000,Gustine Substation
TX,30.16683,-97.94521,138000,Friendship Substation
TX,30.0754,-97.85113,138000;69000,Buda Substation
TX,29.99257,-97.84153,138000,Goforth Substation
TX,29.93556,-97.87888,138000,Rohr Substation
TX,30.2509,-97.71969,69000,Holly Plant Switchyard
TX,30.28826,-97.73255,69000,Harris Substation
TX,30.29496,-97.71865,69000,Fiesta Substation
TX,30.4032,-97.85693,138000;12500,Bullick Hollow Substation
TX,30.39296,-97.68929,138000;69000,McNeil Substation
TX,30.39477,-97.6891,138000,McNeil Substation
TX,30.33962,-97.68635,138000,Cameron Substation
TX,30.30966,-97.61541,138000,Daffan Gin Substation
TX,30.21443,-97.13469,138000,Paige Substation
TX,30.38945,-97.32474,138000,Butler Substation
TX,30.02053,-97.15796,138000;69000,Smithville Substation
TX,29.92926,-97.31133,69000,Rosanky Substation
TX,29.44616,-98.65743,138000,Potranco Substation
TX,30.56664,-97.06679,138000,
TX,30.8505,-97.19452,69000,Buckholts Substation
TX,30.68448,-96.96799,138000,Talbert Ridge Substation
TX,30.67107,-97.01889,138000,Rockdale Substation
TX,30.67291,-97.01917,69000,Rockdale North Substation
TX,30.59628,-97.13262,138000,Salty Substation
TX,30.62005,-97.21109,138000,Thorndale North Substation
TX,30.64662,-96.37423,69000,Atkins Substation
TX,30.65673,-96.33731,69000,Briarcrest Substation
TX,30.44048,-96.13112,138000,Highway 6 Substation
TX,30.50083,-96.25267,138000,Wellborn Switching Station
TX,30.47568,-96.21594,138000;69000,Millican Substation
TX,30.47284,-96.20443,69000,Millican Substation
TX,30.53291,-96.31119,138000,Koppe Bridge Substation
TX,30.53658,-96.44978,138000;69000,Snook Substation
TX,30.58574,-96.33338,138000,Dowling Road Substation
TX,30.59401,-96.31041,138000,Southwood Valley Substation
TX,30.93993,-96.58554,69000,Sinclair Hearne Substation
TX,31.00849,-96.80204,69000,Calvert Substation
TX,30.78885,-96.47507,69000,Tesco Tap
TX,30.85655,-96.57019,69000,Humble Hearne Substation
TX,30.88589,-96.52116,69000,APL Hearne Substation
TX,30.86292,-96.57907,69000,Texas Hearne Substation
TX,30.97469,-96.67282,69000,Calvert Substation
TX,31.0965,-96.67276,138000,Phillips Coal Substation
TX,31.04433,-96.6865,138000,
TX,30.87338,-96.76974,69000,Branchville Substation
TX,30.76358,-96.86353,138000,Milano Substation
TX,29.91357,-96.75615,345000,Fayette Plant #2 Substation
TX,29.93277,-96.87434,138000,La Grange Substation
TX,29.92747,-96.91991,138000,Riverside Substation
TX,29.32405,-97.08812,138000,Pilot Grove Substation
TX,29.35804,-97.04132,138000,Sweet Home Substation
TX,29.40099,-97.00908,138000,Mont Substation
TX,29.42938,-96.9876,138000;69000,Hallettsville Substation
TX,29.46203,-97.26924,69000,Kokernut Substation
TX,29.5373,-97.1396,69000,Moulton Substation
TX,29.68367,-96.78365,138000,Weimar Substation
TX,29.67237,-96.90777,138000,Schulenburg Substation
TX,29.94407,-97.01202,138000,Plum Substation
TX,30.02552,-96.99492,138000,Winchester Power Park Substation
TX,29.23274,-97.72785,138000,Gillette Substation
TX,29.06791,-97.36628,138000,Lost Creek Substation
TX,28.98797,-97.48095,138000,FM 237 Yorktown Substation
TX,28.97475,-97.49862,138000,Yorktown Substation
TX,30.27112,-96.47165,138000,Gay Hill Substation
TX,30.39429,-96.57332,138000,Lyons Substation
TX,30.42713,-96.8013,138000,Deanville Substation
TX,30.05032,-96.92086,138000,Warda Substation
TX,29.86845,-96.77542,138000,Fayette River Pump Substation
TX,29.8357,-96.6159,138000,Frelsburg Substation
TX,30.07785,-96.7106,138000,Round Top Substation
TX,30.27798,-96.32728,138000,Sandy Hill Substation
TX,30.18277,-96.57975,138000,Mill Creek Substation
TX,31.28377,-96.49956,138000,
TX,31.3039,-96.51122,69000,Kosse Substation
TX,31.37694,-96.78134,69000,Otto Junction Substation
TX,31.31423,-96.89444,69000,Marlin Substation
TX,31.29447,-96.89051,69000,Marlin South Substation
TX,31.28539,-96.88009,69000,Marlin South Tap
TX,31.19888,-97.03169,69000,Lott Substation
TX,31.13146,-96.90309,69000,Pleasant Grove Substation
TX,31.29288,-96.99354,69000,Midway Substation
TX,27.41405,-97.77648,69000,Ricardo Substation
TX,27.33207,-97.78922,69000,Riviera Substation
TX,27.31852,-97.81013,138000;69000,Loyola Substation
TX,27.10344,-97.52963,345000,Marana Switchyard
TX,27.184,-97.59694,345000;34500,Baffin Substation
TX,27.52866,-98.11244,69000,North Ella Substation
TX,27.38326,-98.12602,69000,Premont Substation
TX,27.24233,-98.14209,138000;69000,Falfurrias Substation
TX,27.36539,-98.59782,138000,Crestonio Substation
TX,26.46098,-97.75058,138000,Las Pulgas Substation
TX,26.34493,-97.67061,138000;34500,ThePalm Substation
TX,26.32152,-97.59936,138000;34500,Trees Substation
TX,26.47604,-97.69112,138000;34500,Red Fish Substation
TX,25.95385,-97.44553,138000,Central Avenue Substation
TX,26.09301,-97.38646,138000;34500,San Roman Wind Substation
TX,26.22753,-97.53404,138000,East Rio Hondo Substation
TX,26.19564,-97.4672,138000;34500,Cameron Wind Substation
TX,26.19548,-97.46618,138000,Paredes Switching Station
TX,26.35964,-98.31532,138000,Moore Field Substation
TX,26.32108,-98.35134,138000,Citrus City Substation
TX,26.44968,-98.17714,138000,Red Gate Substation
TX,26.49262,-98.44831,345000;34500,Los Mirasoles Substation
TX,26.62023,-98.31241,69000,McCook 2 Substation
TX,26.57561,-98.16471,69000,McCook 1 Substation
TX,26.406,-98.14028,69000,Faysville Substation
TX,26.89014,-98.16381,138000,Rachal Substation
TX,26.24529,-98.45157,138000,Goodwin Substation
TX,26.30655,-98.63487,138000,La Grulla Substation
TX,26.41104,-98.93675,138000,Garceno Substation
TX,26.42271,-99.02178,138000,Roma Substation
TX,26.39258,-98.81938,138000;69000,Rio Grande City Substation
TX,26.45279,-98.74225,69000,Rio Grande City Substation
TX,26.24798,-98.2388,138000,North McAllen Substation
TX,26.30911,-98.19413,138000,McColl Road Substation
TX,26.27198,-98.23789,138000,Palmhurst Substation
TX,26.31745,-98.23412,138000,West Edinburg Substation
TX,26.26909,-98.29281,138000,Alton Substation
TX,26.26086,-98.29729,138000,Key Switching Station
TX,26.26103,-98.33386,138000,Palmhurst Substation
TX,26.23519,-98.3664,138000,Palmview Substation
TX,26.22105,-98.39677,138000;69000,Bates Substation
TX,26.21789,-98.39713,138000,Frontera Substation
TX,26.13928,-98.19447,138000,Las Milpas Substation
TX,26.12552,-98.15386,138000;69000,Stewart Road Substation
TX,26.10319,-98.21398,138000,Hi Line Substation
TX,26.11178,-98.25552,138000,Hidalgo Substation
TX,26.20138,-98.25495,138000,West McAllen Substation
TX,26.16053,-98.25152,138000,South McAllen Substation
TX,26.15079,-98.29099,138000,Bentsen Substation
TX,26.20912,-98.33356,138000,South Mission Substation
TX,26.1668,-98.32368,138000,Railroad DC Tie
TX,26.17649,-98.28087,138000,Taylor Road Substation
TX,26.20335,-98.28433,138000,Sharyland Substation
TX,26.18801,-98.32144,138000,Mayberry Substation
TX,26.16769,-98.09778,138000,El Gato Substation
TX,26.21465,-98.14549,138000,Doedyns Substation
TX,26.20821,-98.05777,138000,Sioux Substation
TX,26.18953,-98.00816,138000,Gandy Substation
TX,26.23099,-98.11341,138000,North Alamo Substation
TX,26.25033,-98.13573,138000,Alberta Switching Station
TX,26.23404,-98.08044,138000,Val Verde Substation
TX,26.22958,-98.00879,138000,Weslaco Switching Station
TX,26.2927,-98.01036,138000,Elsa Substation
TX,26.30421,-98.08379,138000,Aderhold Substation
TX,26.28812,-98.14498,138000,Southeast Edinburg Substation
TX,26.32273,-98.16189,138000,Azteca Substation
TX,26.23733,-98.17394,138000,Pharr Substation
TX,26.20612,-98.19694,138000,Polk Avenue Substation
TX,26.16813,-98.20518,138000,Hall Acres Road Substation
TX,26.26541,-98.148,138000,Pharr Substation
TX,26.27069,-98.17911,138000,Merett Substation
TX,26.1438,-97.643,69000,San Benito Substation
TX,26.16719,-97.65079,138000,Haine Drive Substation
TX,26.14224,-97.64191,138000;69000,La Palma 69 kV Substation
TX,26.08718,-97.78564,69000,Rangerville Substation
TX,26.0918,-97.90049,69000,Rio Rico Substation
TX,26.11996,-97.72317,138000,Rangerville Substation
TX,26.13761,-97.94227,138000,Wesmer Substation
TX,26.15484,-98.00821,138000,Weslaco Unit Substation
TX,26.22847,-97.88759,138000,Heidelberg Substation
TX,26.23265,-97.97545,138000,Weslaco Substation
TX,26.23129,-97.82386,138000,South Santa Rosa Substation
TX,26.23058,-97.91185,138000,North Mercedes Substation
TX,26.22965,-97.99153,138000,North Weslaco Substation
TX,25.95325,-97.4126,138000,Waterport Substation
TX,25.9645,-97.37553,69000,Union Carbide Substation
TX,25.93804,-97.4263,138000,Coffee Port Substation
TX,25.93754,-97.40818,138000,Highway 511 Substation
TX,26.00153,-97.51982,138000,Olmito Substation
TX,26.00214,-97.51408,138000,Palo Alto Substation
TX,25.9946,-97.47794,138000,Titan Tire Substation
TX,25.97732,-97.38449,138000;69000,Loma Alta Substation
TX,25.96819,-97.37513,138000,Union Carbide Substation
TX,26.07282,-97.20353,138000,Causeway Substation
TX,26.0947,-97.29968,138000,Port Isabel Substation
TX,26.1226,-97.54726,138000,Laureles Substation
TX,26.07678,-97.52325,138000,Los Fresnos Substation
TX,25.94113,-97.5328,69000,Brownsville Switching Station
TX,25.93852,-97.50491,69000,Brownsville Substation
TX,25.93685,-97.53569,138000,Military Highway Substation
TX,25.94098,-97.53284,69000,Laredo Road Substation
TX,26.022,-97.59772,138000,Villa Cavazos Substation
TX,25.90978,-97.49764,138000,Sixth Street Substation
TX,25.89936,-97.46814,138000,Fort Brown Substation
TX,25.92533,-97.46534,138000,Filter Plant Substation
TX,25.88843,-97.4249,138000,Southmost Substation
TX,25.93849,-97.50557,138000,Midtown Substation
TX,25.93451,-97.47966,138000,Price Road Substation
TX,25.95095,-97.49211,138000,FM 802 Substation
TX,25.91357,-97.52247,138000;69000,Power Plant Substation
TX,26.48158,-97.75218,138000;69000,Raymondville #2 Substation
TX,26.92721,-97.78968,138000,Armstrong Substation
TX,26.46711,-97.71543,138000,East Raymondville Substation
TX,26.45128,-97.84684,138000,La Sara Substation
TX,26.43755,-97.78178,138000;69000,Raymondville #1 Substation
TX,35.21315,-101.83789,,
TX,28.03228,-97.09368,69000,Live Oak Substation
TX,28.0467,-97.06417,69000,Fulton Substation
TX,27.9776,-97.14208,138000;69000,Rockport Substation
TX,27.89993,-97.14538,69000,Seawall Substation
TX,27.82057,-97.07193,69000,Port Aransas Substation
TX,27.92685,-97.18176,138000;69000,Aransas Pass Substation
TX,27.82787,-97.20955,138000,Homeport Substation
TX,27.87211,-97.21684,138000,Ingleside Substation
TX,27.88054,-97.24178,138000,Ingleside Oxy Substation
TX,27.8798,-97.23991,138000,Air Liquide Substation
TX,27.89095,-97.28068,138000,
TX,27.89167,-97.27748,138000,
TX,27.90488,-97.28291,138000,Hecker Substation
TX,27.88575,-97.24606,138000,
TX,27.88203,-97.24661,138000,Ingleside Cogeneration Switchyard
TX,27.88893,-97.25753,138000,Gregory Switchyard
TX,27.88039,-97.24746,138000,Dupont PP1 Substation
TX,27.91508,-97.26864,138000,McCampbell Substation
TX,27.9233,-97.30925,69000,Gregory Substation
TX,27.88781,-97.32242,138000,Portland Substation
TX,28.02652,-97.64242,69000,West Sinton Substation
TX,27.99839,-97.64749,69000,West Sinton Switching Station
TX,28.18456,-97.31358,69000,Bonnieview Substation
TX,28.25342,-97.33991,138000,Medio Creek Substation
TX,28.09494,-97.4936,138000,Haisley Substation
TX,28.34943,-97.34494,69000,Refugio Substation
TX,28.20954,-96.98999,69000,Tatton Substation
TX,28.30121,-97.26649,69000,Refugio Substation
TX,28.27905,-97.2966,69000,Heard Substation
TX,28.23489,-97.29403,69000,Woodsboro Substation
TX,28.15543,-97.30305,69000,Bonnieview Substation
TX,28.83195,-97.3676,69000,Weser Substation
TX,28.75357,-97.61647,69000,Charco Substation
TX,28.8224,-97.22396,69000,Schroeder Substation
TX,28.55874,-97.64189,69000,Big Oak Substation
TX,28.66218,-97.38383,69000,Goliad Substation
TX,28.7803,-97.07032,69000,Aloe Substation
TX,28.5099,-96.79595,138000,Airco Substation
TX,28.3821,-97.19244,69000,Greta Substation
TX,28.59831,-97.04744,138000;69000,Warburton Substation
TX,28.555,-97.05849,69000,McFadden Substation
TX,31.80662,-106.32933,115000,
TX,28.66878,-96.85976,69000,Placedo Substation
TX,28.68055,-96.95306,138000,
TX,28.67555,-96.95867,138000,
TX,28.68231,-96.95498,138000,
TX,28.65125,-96.54001,138000,Formosa Plastics CFB Substation
TX,28.73131,-96.82154,69000,Placedo Substation
TX,28.6563,-96.75333,69000,Kamey Substation
TX,28.67381,-96.55815,69000,Point Comfort Substation
TX,28.7016,-96.94862,69000,Weaver Road Substation
TX,28.6818,-96.94849,138000,
TX,28.65138,-96.91403,138000,Big Three Substation
TX,28.58681,-96.68473,69000,Port Lavaca Substation
TX,28.68553,-96.91922,138000,Chocolate Bayou Substation
TX,28.50668,-96.77086,69000,
TX,28.5097,-96.76633,69000,
TX,28.51022,-96.76547,69000,
TX,28.51612,-96.76688,69000,
TX,28.4312,-96.46303,69000,Port O'Connor Substation
TX,28.41669,-96.66776,69000,Seadrift Substation
TX,28.51405,-96.77415,138000;69000,Union Carbide Substation
TX,28.85476,-96.9708,69000,Twin Pines Switching Station
TX,28.894,-97.13518,69000,Sam Rayburn Switchyard
TX,28.89436,-97.13414,138000,Sam Rayburn Switchyard
TX,28.89328,-96.99545,69000,Highlands Substation
TX,28.8006,-96.88313,69000,Lone Tree Substation
TX,28.80708,-96.98344,69000,North Victoria Substation
TX,28.84291,-96.97919,69000,Leary Lane Substation
TX,28.81951,-96.92969,69000,Foster Field Substation
TX,28.82049,-96.94252,69000,Lone Tree Substation
TX,28.84621,-96.9732,69000,Twin Pines Substation
TX,28.84125,-97.00985,138000;69000,Magruder Substation
TX,28.7867,-97.0105,138000;69000,Victoria Switching Station
TX,32.41999,-96.83585,138000,
TX,28.79309,-96.55335,138000,
TX,28.80383,-96.63068,69000,Van Humble Substation
TX,29.10825,-96.53717,138000,
TX,29.10824,-96.53602,138000,ETP Substation
TX,29.07803,-96.55411,69000,Cordele Substation
TX,28.80651,-96.64569,69000,Vanderbilt Substation
TX,29.10457,-96.45405,69000,Louise Substation
TX,29.04346,-96.48804,69000,Ganado Substation
TX,29.00446,-96.63795,69000,Edna Substation
TX,28.9608,-96.72627,69000,El Toro Switching Station
TX,28.96023,-96.70848,69000,El Toro Substation
TX,28.90865,-96.80394,69000,Inez Substation
TX,29.10513,-97.02211,69000,Fordtran Substation
TX,28.92263,-97.09647,69000,Nusery Substation
TX,28.86794,-96.0156,138000,Celanese Bay City Substation
TX,28.78507,-95.93797,138000,Wadsworth Substation
TX,28.78429,-95.93868,138000,Conoco Substation
TX,28.7841,-95.94386,138000,
TX,28.97827,-95.90376,69000,Bay City Substation
TX,28.77241,-96.12542,69000,Tin Top Substation
TX,28.75761,-96.31349,69000,Carancahua Substation
TX,28.68907,-96.45301,69000,Olivia Substation
TX,28.77532,-95.99818,138000,South Texas Project Pump Substation
TX,28.75692,-96.2014,69000,Palacios Substation
TX,29.06474,-96.19233,69000,Danevang Substation
TX,29.01309,-96.25695,69000,Midfield West Substation
TX,29.07802,-96.21518,138000;69000,Danevang Substation
TX,28.8864,-96.52488,138000,Red Bluff Substation
TX,28.99309,-95.91201,138000,Tenaris Substation
TX,28.97977,-96.01189,69000,Bay City Pump Substation
TX,29.01235,-95.96933,138000,Magill Substation
TX,31.89668,-95.73126,138000,
TX,29.19334,-96.07169,138000,Lane City Pump Substation
TX,29.23008,-96.4172,69000,Round Mott Substation
TX,29.20606,-96.25139,69000,Industrial Park Substation
TX,29.14391,-96.22726,69000,Painview Substation
TX,29.23512,-96.26878,69000,El Campo Substation
TX,29.23394,-96.27847,138000;69000,Ricebird Substation
TX,29.19097,-96.35552,69000,Hillje Substation
TX,29.0192,-95.89758,69000,Van Vleck Substation
TX,28.9978,-96.15057,69000,Clemville Substation
TX,28.98341,-96.14308,69000,Clemville South Substation
TX,28.99344,-96.14173,69000,Salt Dome Substation
TX,29.00108,-96.14091,69000,Tres Palacious Substation
TX,29.01087,-96.13316,69000,Clemville North Substation
TX,29.02794,-96.13346,69000,Clemville Switching Station
TX,32.5023,-99.70085,138000;69000,Rainy Creek Substation
TX,32.48866,-99.7002,138000,Abilene Aileen Substation
TX,32.47352,-99.72957,69000,Walnut Street Substation
TX,32.47905,-99.75862,69000,Vogel Street Substation
TX,32.40416,-99.72571,138000,Maple Street Substation
TX,32.43488,-99.63922,69000,Elmdale Substation
TX,32.45331,-99.69802,138000,Abilene East Switching Station
TX,32.45279,-99.69978,138000;69000,Abilene East Substation
TX,32.40215,-99.74304,138000,Country Club Substation
TX,32.41801,-99.75675,69000,Over Street Substation
TX,32.432,-99.75293,69000,Abilene McMurry Substation
TX,32.45272,-99.75442,69000,Shelton Street Substation
TX,32.43366,-99.7853,69000,Hartford Street Substation
TX,32.43787,-99.84485,69000,Dyess Air Force Base #1 Substation
TX,32.41451,-99.83504,69000,Dyess Air Force Base #2 Substation
TX,32.41747,-99.81899,69000,Dyess Air Force Base #3 Substation
TX,32.43933,-99.72803,69000,Abilene Oil Mill Substation
TX,32.35953,-99.7,138000,Vinson Station
TX,32.38791,-99.71743,69000,West Texas Gulf Substation
TX,32.36714,-99.52551,138000,Church Substation
TX,32.36587,-99.52564,138000,Estes Station
TX,32.32905,-99.62309,138000,Potosi Substation
TX,31.91351,-98.97849,138000;69000,Holder Substation
TX,32.09445,-98.9727,69000,Rising Star Substation
TX,32.1218,-99.16873,69000,Cross Plains Substation
TX,32.10572,-99.22792,69000,Dressey Substation
TX,33.98025,-100.32695,69000,Paducah South Substation
TX,34.0147,-100.29937,69000,Paducah City Substation
TX,34.00519,-100.29928,138000;69000,Paducah Clare Street Substation
TX,32.78318,-96.65989,138000,
TX,32.75835,-99.89128,69000,Anson Substation
TX,32.73708,-99.87675,69000,Anson Substation
TX,32.63168,-99.80922,69000,Hawley Humble-Exxon Substation
TX,32.58027,-99.76679,69000,Delk Substation
TX,33.07973,-99.57957,69000,Paint Creek Substation
TX,32.69372,-99.67485,69000,Nugent Substation
TX,33.0721,-99.55698,138000,California Creek Substation
TX,32.54689,-99.77087,69000,Abilene Onyx Substation
TX,32.65885,-99.41176,69000,Hubbard Booster #1 Substation
TX,32.61058,-99.69159,69000,Fort Phantom Clear Fork Pump Substation
TX,32.59651,-99.68025,69000,Fort Phantom East Pump Substation
TX,32.55456,-99.63972,69000,Roberts Prison Substation
TX,32.58261,-99.68234,138000,Fort Phantom Switchyard
TX,32.53224,-99.68824,138000,Neas Substation
TX,32.53258,-99.68637,138000,Horton Substation
TX,32.54183,-99.53868,138000;34500,Post Oak Substation
TX,32.62878,-99.54042,345000;138000;34500,Mesquite Substation
TX,32.27178,-99.01067,69000,Nimrod Substation
TX,32.09794,-98.88324,69000,Rising Star Substation
TX,32.26292,-98.19109,138000,Wright Substation
TX,32.24313,-98.22363,138000,Norfork Substation
TX,31.98353,-98.19021,69000,Carlton Substation
TX,32.07552,-98.43183,69000,Mountary Substation
TX,32.02096,-98.55175,69000,Downing Substation
TX,32.20518,-98.23285,138000,Stephenville Substation
TX,32.18677,-98.15728,138000,Selden Substation
TX,32.12185,-97.94553,138000,Johnsville Substation
TX,33.20898,-96.64977,138000,
TX,33.18899,-96.63733,138000,
TX,33.03619,-96.71007,138000,
TX,32.71226,-99.22464,69000,Hubbard Booster #2 Substation
TX,32.72364,-99.29265,69000,Albany Substation
TX,32.66539,-99.23482,69000,Albany Foundry Substation
TX,32.54635,-99.16338,69000,Moran Substation
TX,32.37193,-99.20152,69000,Putnam Substation
TX,32.40934,-99.38662,69000,Baird City Substation
TX,32.38369,-99.19403,138000;69000,Putnam Switching Station
TX,32.41567,-99.50442,69000,Clyde Substation
TX,32.25755,-99.53945,69000,Denton Valley Substation
TX,32.35795,-99.58954,69000,Clyde Magnolia Station
TX,33.00427,-96.68688,138000,
TX,33.98389,-100.02579,69000,McAdams Substation
TX,33.98229,-99.72278,69000,Crowell Substation
TX,34.16166,-99.73868,69000,Copper Breaks Substation
TX,33.22086,-99.23301,69000,Throckmorton Woodson Oil Substation
TX,33.77014,-100.04793,69000,Truscott Humble Substation
TX,33.58458,-99.80097,138000,Benjamin Substation
TX,33.74873,-99.8102,69000,Truscott City Substation
TX,33.4483,-99.66038,69000,Munday Substation
TX,33.32454,-99.67102,69000,Weinert Substation
TX,33.1053,-99.17866,69000,Bush Knob Substation
TX,33.17842,-99.1786,69000,Throckmorton Substation
TX,33.64464,-99.42139,345000;34500,Vertigo Wind Substation
TX,33.64631,-99.42079,345000,Foxtail Switching Station
TX,33.36987,-99.58915,345000;34500,Baker Ranch Substation
TX,32.8551,-99.86873,69000,Corinth Substation
TX,32.94388,-99.80951,69000,Stamford Substation
TX,33.12309,-99.74786,69000,Haskell Substation
TX,33.15532,-99.72905,69000,Haskell Substation
TX,33.25875,-99.69597,69000,Josselett Substation
TX,33.29015,-99.60693,69000,Haskell Texas Pipeline Substation
TX,33.13957,-100.22624,138000;69000,Aspermont Substation
TX,33.18262,-100.31171,69000,Swenson Substation
TX,33.17636,-100.39152,69000,Peacock Substation
TX,33.27091,-100.62641,69000,Jayton Substation
TX,33.35976,-100.6648,69000,Girard Substation
TX,33.2459,-100.57295,69000,Jayton Substation
TX,33.2065,-100.86737,69000,Clairemont Substation
TX,33.16046,-100.76572,69000,Clairemont Substation
TX,33.00315,-100.52605,69000,Wolfgang Switching Station
TX,32.99424,-100.53164,69000;34500,Mozart Substation
TX,32.8392,-100.45381,69000,Rotan Substation
TX,32.74866,-100.37783,69000,Roby Substation
TX,32.67188,-100.35836,69000,Longworth Substation
TX,32.93514,-100.22778,69000,Hamlin Texas Pipeline Substation
TX,33.08866,-100.19626,69000,Aspermont Continental Oil Substation
TX,32.97324,-100.15491,69000,Hamlin Shell Pump Substation
TX,32.89236,-100.09863,69000,Hamlin Substation
TX,32.88926,-100.12133,69000,Hamlin Substation
TX,32.8376,-100.18403,69000,Hamlin Plasterco Substation
TX,32.86616,-100.26483,69000,Round Top Substation
TX,33.18925,-99.88994,69000,Rule Substation
TX,33.42032,-99.75178,69000,Gillespie Substation
TX,33.42231,-99.81876,69000,Knox City Substation
TX,33.40364,-99.83339,69000,Pointer Switching Station
TX,33.3171,-99.85678,69000,Rochester Substation
TX,33.178,-100.23346,69000,Aspermont Substation
TX,33.35168,-100.20998,69000,Bissett Substation
TX,33.5189,-100.15742,69000,King Substation
TX,33.39723,-100.01036,69000,Katz Substation
TX,33.38893,-99.89145,69000,Knox Substation
TX,29.69641,-96.57273,69000,Glidden Substation
TX,29.7541,-96.39918,69000,Bernardo Substation
TX,29.55028,-96.53847,138000,Sky Global Power One Substation
TX,29.55006,-96.53791,138000,Rock Island Substation
TX,29.49721,-96.66655,138000,Sheridan Substation
TX,29.46717,-96.6198,138000,Colorado Substation
TX,29.49492,-96.45331,69000,Garwood Ideal Substation
TX,29.50485,-96.45963,69000,Pioneer Substation
TX,29.51568,-96.409,69000,Garwood Pump Substation
TX,29.52016,-96.41616,69000,B&B Gravel Substation
TX,29.51442,-96.46521,69000,Garwood Relift Substation
TX,29.41968,-96.3465,69000,Garwood Lone Star Substation
TX,29.58006,-96.33273,69000,Eagle Lake Substation
TX,29.60236,-96.37849,69000,Prairie Pump Substation
TX,29.57193,-96.38409,69000,Parker Substation
TX,29.44779,-96.39191,69000,Garwood City Substation
TX,29.50684,-96.3327,69000,Matthews Substation
TX,29.55918,-96.33472,69000,Lakeside Pump Substation
TX,29.69838,-96.54283,69000,Columbus Substation
TX,29.64985,-96.51568,69000,Stafford Hill Substation
TX,29.57019,-96.4018,69000,Riverside Pump Substation
TX,29.56426,-96.46246,69000,Altair Substation
TX,29.39207,-96.38704,138000;69000,Nada Substation
TX,29.70125,-96.57369,138000,Mockingbird Substation
TX,28.9195,-95.37607,138000,Bryan Substation
TX,29.26379,-95.90056,138000,Texas Gulf Sulfur Substation
TX,29.3247,-96.11862,138000,Caney Creek Substation
TX,29.28915,-96.06892,138000,Colorado Bend Substation
TX,29.28763,-96.06464,345000,Colorado Bend 2 Substation
TX,29.18538,-95.99215,345000,Bailey Substation
TX,28.95219,-95.43465,138000,Seadoc Substation
TX,28.94882,-95.43273,138000,Seaway Substation
TX,28.92815,-95.5639,138000;69000,Franklins Camp Substation
TX,28.87214,-95.66776,69000,Sargent Substation
TX,28.98813,-95.35739,138000,Camden Substation
TX,33.19935,-97.10916,138000,
TX,31.76959,-101.52061,345000;138000,Einstein Substation
TX,31.8172,-101.97556,138000,Endeavor Substation
TX,31.81772,-101.97326,138000,Pronghorn Substation
TX,31.95936,-101.9232,138000,
TX,31.958,-101.92638,138000,Blue Acre Substation
TX,33.21363,-97.10279,138000,McKinney Street Substation
TX,29.09985,-95.49277,138000;12500,Retrieve Substation
TX,28.98752,-95.39411,138000,
TX,28.9905,-95.40744,138000,
TX,28.98506,-95.35824,345000;138000,
TX,29.00676,-95.40513,138000,Copper Substation
TX,29.00366,-95.40597,138000,
TX,29.00169,-95.39662,138000,BASF Substation
TX,28.92486,-95.32401,138000,Cortez Substation
TX,28.93225,-95.31783,138000,Quintana Substation
TX,28.9335,-95.3397,138000,Marine Substation
TX,28.99229,-95.35739,138000,Sintek Substation
TX,28.97868,-95.34161,138000,
TX,28.95564,-95.31675,138000,
TX,28.97588,-95.35,138000,
TX,28.98559,-95.39375,138000,
TX,28.96286,-95.39172,138000,Booster Substation
TX,28.95758,-95.381,345000;138000,Jones Creek Substation
TX,29.95603,-93.94881,138000,
TX,33.20835,-97.1817,138000,
TX,33.22554,-97.0927,138000,
TX,32.22166,-98.66018,69000,Gorman Substation
TX,32.11798,-98.53509,69000,De Leon Substation
TX,32.07241,-98.46987,69000,De Leon Magnolia Substation
TX,32.37395,-98.76882,138000;69000,Leon Switching Station
TX,32.37285,-98.7691,69000,Leon EBAA Substation
TX,32.26523,-98.47455,138000,Flat Creek Switching Station
TX,32.33108,-98.46577,138000,Silver Star Wind Substation
TX,32.26081,-98.46836,138000,Lingleville Substation
TX,32.3229,-96.19777,138000,
TX,32.2405,-96.14679,138000,
TX,32.35729,-96.10464,138000,
TX,32.33499,-96.05471,138000,
TX,32.44141,-96.83439,138000,
TX,32.44253,-96.83588,138000,
TX,32.27372,-95.744,,
TX,32.317,-95.60555,,
TX,32.33485,-95.71203,138000,
TX,32.2221,-95.83705,138000,
TX,32.23107,-95.8366,138000,
TX,32.23106,-95.66366,138000,
TX,32.03711,-95.78767,138000,
TX,32.05475,-95.60338,,
TX,33.19242,-96.50522,138000,
TX,32.09943,-95.92101,138000,
TX,32.21955,-95.87551,138000,
TX,32.1849,-96.01496,138000,
TX,33.21825,-96.61482,138000,
TX,33.02185,-96.71572,138000,
TX,32.9214,-96.61434,,
TX,32.84048,-96.77357,,
TX,32.26452,-96.86319,69000,
TX,32.29791,-96.75587,69000,
TX,32.26001,-96.89274,69000,
TX,32.43575,-96.80152,69000,
TX,32.52775,-96.66952,69000,
TX,32.6017,-96.82753,138000,
TX,32.58589,-96.78159,138000,
TX,33.07862,-96.09892,69000,
TX,33.07832,-96.07649,69000,
TX,33.11281,-96.13512,138000;69000,
TX,33.15111,-95.56579,138000,
TX,32.25555,-96.86455,,Forreston Substation
TX,33.05841,-94.84625,345000,
TX,33.01261,-96.49993,138000,
TX,32.08957,-96.51695,138000,
TX,29.60837,-95.12648,138000;12500,Clear Lake Substation
TX,33.17788,-97.54668,138000,
TX,34.06094,-101.83642,69000,
TX,33.21878,-101.4078,69000;4160,Diekemper Substation
TX,33.18627,-101.3905,69000;23000;4160,Garza Substation
TX,33.18666,-101.40805,115000;69000,Graham Interchange
TX,32.80416,-98.09998,138000,
TX,33.65501,-95.56859,138000,
TX,33.20931,-98.15719,,
TX,30.91074,-94.01578,,
TX,32.06729,-95.28501,,
TX,31.2689,-94.57427,138000;25000,Huntington Substation
TX,31.73877,-95.62674,138000,
TX,31.65166,-94.65421,138000;12500,Nacogdoches North Substation
TX,31.76035,-94.1789,138000,
TX,31.80285,-94.17109,138000,
TX,31.80174,-94.17162,138000,
TX,33.11294,-94.16739,69000,
TX,32.39117,-98.97918,138000,
TX,30.32214,-95.29483,138000,Security Substation
TX,30.32233,-95.15877,138000,Jayhawker Creek Company Substation
TX,30.22678,-95.4049,138000,Cedar Hill Substation
TX,30.26598,-95.35185,138000,Mallard Substation
TX,30.20613,-95.44745,138000;34500,Forest Substation
TX,30.3212,-95.38713,138000;13800,Crystal Substation
TX,30.42559,-95.45392,138000;13800,Sheawill Substation
TX,30.42677,-95.45329,138000,Caney Creek Substation
TX,30.41587,-95.32812,230000,Peach Creek Substation
TX,30.44408,-95.52214,138000;4160,LNG Substation
TX,30.44008,-95.52012,230000;138000,Lewis Creek 230 kV Substation
TX,30.43784,-95.52246,138000;13800,Lacon Substation
TX,30.33699,-95.50777,138000,Longmire Substation
TX,30.31948,-95.5562,138000,Woodhaven Substation
TX,30.37466,-95.51753,138000,Panorama Substation
TX,30.39222,-95.51507,138000,Egypt Substation
TX,30.29927,-95.49274,230000;138000,Ponderosa Substation
TX,30.31144,-95.62535,138000,Deer Lake Substation
TX,30.59751,-95.72722,138000,Sandy Substation
TX,30.0862,-95.44038,138000;34500,Springwood Substation
TX,26.09212,-97.39712,138000,Marconi Substation
TX,30.03369,-94.90841,138000,Klemp Substation
TX,30.03651,-94.90871,138000,Exposaic Substation
TX,30.03199,-94.89803,138000,Rolke Road Substation
TX,30.0355,-94.89054,230000,
TX,30.1041,-94.99554,138000,Huffman Substation
TX,30.05054,-95.01323,138000;13800,Eastgate Substation
TX,30.18094,-95.14478,138000;13800,Apollo Substation
TX,30.21489,-95.28703,138000;34500,Johnstown Substation
TX,30.20114,-95.25302,138000,
TX,31.52341,-102.96739,138000,
TX,32.98569,-97.26171,138000,Facebook Data Center
TX,30.07922,-94.23465,230000,Amelia North Substation
TX,30.12001,-94.92542,138000;13800,New Long John Substation
TX,30.23905,-94.97117,138000,Tarkington Substation
TX,30.21885,-95.13887,138000;13800,Splendora Substation
TX,30.32909,-95.0862,138000;13800,Cleveland Substation
TX,30.23282,-94.68164,230000,Batiste Creek Substation
TX,30.04522,-94.37401,230000;138000;13800,China Substation
TX,29.93515,-94.49012,138000,
TX,30.0103,-94.48537,138000,Petry Woods Substation
TX,29.97272,-94.58005,138000,Devers Marsh Substation
TX,32.7195,-101.93623,138000,Lamesa Solar Substation
TX,31.0544,-102.85103,138000;34500,Riggins Substation
TX,31.2542,-102.29616,138000;34500,Upton County Solar 2 Substation
TX,31.24893,-102.28889,138000;34500,Upton County Solar 1 Substation
TX,31.25374,-102.30618,138000,Castillo Substation
TX,32.86383,-101.00968,345000;34500,Dermott Wind Substation
TX,32.88608,-101.09463,138000;34500,Fluvanna Wind 1 Substation
TX,27.58899,-97.53476,138000;34500,Santa Cruz Substation
TX,26.52216,-97.65537,345000;34500,Bruenning's Breeze Substation
TX,33.64455,-99.42079,345000;34500,Green Pastures Wind Substation
TX,33.68905,-99.04725,69000,Baylor Switching Station
TX,33.59738,-99.03939,69000;4160,Seymour Basin Substation
TX,33.5439,-99.17971,69000,
TX,33.74239,-99.14334,69000,Lake Kemp Substation
TX,33.51111,-99.42852,69000;4160,Bomarton Substation
TX,33.58872,-99.26377,69000;12500,Seymour Substation
TX,29.76554,-100.07919,69000,New Barksdale Substation
TX,30.1597,-95.80991,138000;24900,Macedonia Substation
TX,30.15603,-95.92632,138000,Seaway Substation
TX,29.91458,-96.05243,69000;12500,Sunnyside Substation
TX,30.04826,-95.92643,138000;34500,Waller Substation
TX,29.90208,-96.21247,69000;12500,Quanex Substation
TX,30.0849,-95.98244,138000;69000,Prairie View Substation
TX,29.70192,-95.84657,138000,Foster Substation
TX,29.48906,-95.46653,138000;34500,Arcola Substation
TX,29.05322,-95.552,69000,Dow Pump Substation
TX,29.1458,-95.67466,69000,Texas Pipeline Substation
TX,29.06443,-95.73493,138000;69000,FM 524 Substation
TX,29.07267,-95.7483,69000,
TX,29.07132,-95.74703,69000,
TX,29.07558,-95.74526,69000,
TX,29.06999,-95.74543,138000,
TX,29.07572,-95.76037,138000,
TX,29.07873,-95.75793,138000,
TX,29.0456,-95.74537,69000,Hilcorp Substation
TX,29.46024,-95.25798,345000;138000,Meadow Substation
TX,29.92019,-95.65382,138000,
TX,29.92104,-95.65465,138000,
TX,29.91268,-95.72442,138000;34500,Fry Road Substation
TX,29.31079,-94.77155,138000;12500,Seawall Substation
TX,29.51528,-95.04247,138000;12500,South Shore Substation
TX,29.48891,-95.10943,138000;12500,Butler Road Substation
TX,29.4916,-94.98446,138000,P. H. Robinson Peaker Substation
TX,29.3575,-94.93817,69000,
TX,29.35543,-94.94027,69000,
TX,29.36848,-94.9411,69000,Marathon Pipeline Substation
TX,29.36659,-94.94059,69000,Liquid Carbonics Substation
TX,29.36786,-94.9472,69000,Praxair Substation
TX,29.34817,-94.93941,69000,ARCO Substation
TX,29.37942,-94.95332,69000,Intercity Substation
TX,29.37168,-94.94945,69000,Carbide Substation
TX,29.38653,-94.95604,69000,Texas City Water Substation
TX,29.36267,-94.93924,69000,Grant Avenue Substation
TX,32.90853,-94.71307,138000;69000,
TX,32.91124,-94.71376,138000,
TX,32.92111,-94.71911,138000,
TX,29.37294,-94.91545,138000,
TX,29.37568,-94.905,69000,Marathon Oil Substation
TX,29.37179,-94.91122,69000,
TX,29.38206,-94.89177,69000,
TX,29.36766,-94.90125,69000,Bayview Substation
TX,29.37686,-94.89778,69000,
TX,29.37993,-94.894,69000,
TX,29.37658,-94.90096,69000,
TX,29.38007,-94.89991,69000,
TX,29.38015,-94.89727,69000,
TX,29.38193,-94.89475,69000,
TX,32.80932,-94.56766,,
TX,32.67147,-94.29214,,
TX,29.37825,-94.9347,138000,
TX,29.36211,-94.93034,138000,
TX,32.967,-94.66585,,
TX,32.79875,-94.67861,,
TX,32.24684,-94.55438,,
TX,32.36098,-94.59237,138000,
TX,29.62275,-95.11777,138000,Genoa Substation
TX,29.60987,-95.18435,138000,
TX,29.64323,-95.04045,138000,McCabe Substation
TX,29.62315,-95.04191,138000,Shore Substation
TX,29.64597,-95.05364,138000,Mirage Substation
TX,29.59767,-95.0313,138000,Hanna Substation
TX,29.60142,-95.01444,138000,Hunter Substation
TX,32.17107,-94.28993,138000,
TX,32.46755,-94.49612,138000,
TX,29.67991,-95.01181,138000;12500,Sandy Point Substation
TX,29.68144,-95.02144,138000,Alkane Substation
TX,29.62336,-95.0454,138000,Big Bay Substation
TX,29.6287,-95.04507,138000,Orion Substation
TX,29.6269,-95.04851,138000,Choate Substation
TX,29.60667,-95.44689,138000;12500,Intermediate Substation
TX,29.6531,-95.41338,138000,
TX,32.38622,-94.6424,,
TX,32.74759,-94.33977,,
TX,29.93963,-95.53309,345000;138000;34500,T. H. Wharton Substation
TX,29.99011,-95.45766,138000,Jester Substation
TX,29.9681,-95.4855,138000,Veteran Substation
TX,32.67365,-94.17465,69000,Karnack Tap
TX,32.78025,-94.37051,138000,
TX,32.43404,-94.68859,138000,
TX,32.0623,-96.42851,138000,
TX,34.00027,-98.55577,138000,
TX,32.50255,-94.74423,,
TX,32.20949,-95.31813,138000,
TX,31.97515,-97.25515,69000,
TX,31.96734,-95.09359,138000,
TX,31.98092,-95.25754,138000,
TX,32.95868,-94.8697,,
TX,32.46377,-95.456,138000,
TX,32.40146,-95.25828,138000,
TX,32.30545,-95.29544,138000,
TX,32.11284,-95.14821,138000,
TX,32.26719,-94.98359,138000,
TX,32.26705,-94.98459,138000,
TX,29.76771,-95.33408,,
TX,32.40243,-94.85699,,
TX,32.91242,-95.56947,69000,
TX,32.52426,-95.67014,138000,
TX,32.74185,-97.06917,138000,
TX,32.35625,-95.27032,138000,
TX,32.36216,-95.27681,138000,
TX,33.10248,-95.0516,,
TX,32.69167,-94.75286,138000,
TX,32.9861,-97.16619,138000,
TX,32.96249,-96.74403,138000,
TX,31.81741,-94.85095,138000,
TX,30.74232,-95.55135,138000,Wyntex Substation
TX,33.3684,-95.10999,,
TX,33.39935,-95.15622,138000,
TX,33.40617,-95.15654,,
TX,30.30353,-94.25356,230000,
TX,29.77095,-95.61836,,
TX,31.94471,-106.3642,115000,Pipeline Substation
TX,29.72063,-95.07139,138000,
TX,29.72124,-95.10596,138000,
TX,29.76007,-95.00555,138000,
TX,30.03141,-94.05237,,
TX,30.01201,-94.03564,,
TX,31.7842,-106.41984,115000,
TX,31.8085,-106.42052,115000,
TX,32.93009,-97.28232,138000,
TX,32.77037,-97.25632,138000,
TX,29.83014,-95.11739,138000,
TX,32.95861,-95.27933,138000;69000,
TX,32.80067,-96.80805,138000,
TX,29.70564,-95.25002,138000,
TX,29.96263,-93.93031,,
TX,33.11242,-97.10417,138000,
TX,29.71661,-95.09013,138000,
TX,29.86538,-94.89449,138000,
TX,33.12031,-98.58991,69000,
TX,33.13315,-98.55929,138000,
TX,32.7303,-97.87257,138000,
TX,32.73444,-97.80118,138000,
TX,32.7802,-97.71821,69000,
TX,32.78068,-97.70358,138000,
TX,32.78172,-97.70262,138000;69000,
TX,34.98545,-101.82075,115000,
TX,34.98492,-101.90088,115000,Valley View Substation
TX,35.21729,-101.69954,,
TX,34.84955,-102.34615,115000,Hereford Northeast Substation
TX,34.84796,-102.31549,115000,
TX,34.91003,-102.18763,115000,
TX,34.74963,-102.47801,,Deaf Smith #6 Substation
TX,34.5181,-102.8672,115000,Parmer County Substation
TX,34.52568,-102.85136,115000,Deaf Smith #24 Substation
TX,34.59629,-102.74571,115000,Cargill Substation
TX,34.60744,-102.72785,115000,Fridona Rural Substation
TX,34.81438,-102.39405,,
TX,34.45328,-102.97289,115000,Deaf Smith #20 Substation
TX,34.38893,-103.03867,69000,Farwell Substation
TX,34.39177,-102.97333,69000,
TX,34.33136,-102.90749,69000,
TX,35.8201,-101.98312,,
TX,35.82131,-101.9987,,
TX,31.33815,-103.50294,138000,Salt Draw Substation
TX,33.32741,-101.87691,69000,
TX,33.19564,-102.04908,69000,
TX,33.03694,-102.03326,69000,
TX,33.1891,-101.66576,69000,Draw Tap
TX,33.52779,-101.69701,69000,Ransom Canyon Substation
TX,29.53108,-97.14023,138000;69000,Moulton South Substation
TX,26.44489,-98.47722,345000,Pomelo Substation
TX,31.1048,-96.29461,138000,Ridge Substation
TX,31.42188,-96.24629,138000;34500,Limestone Substation
TX,31.6654,-95.90607,138000,Butler Substation
TX,31.35608,-96.16035,138000,Amerigas Substation
TX,31.23031,-96.13054,69000;12500,Brown Magnolia Substation
TX,31.40086,-96.42647,138000,Olethea Substation
TX,31.6473,-96.29682,138000;25000,Teague Main Substation
TX,31.54376,-96.2483,69000,Freestone Substation
TX,31.17482,-95.85249,138000,Pleasant Springs Substation
TX,31.32924,-95.88863,138000,Pleasant Springs Tap
TX,31.35213,-96.01661,138000;25000;12500,Centerville I-45 Substation
TX,31.38191,-94.86742,138000,Temple Inland Substation
TX,31.23782,-95.58248,138000,Mustang Prairie Substation
TX,31.36438,-95.42522,138000,Latexo Substation
TX,31.35832,-95.31856,138000,Berea Substation
TX,31.46011,-95.68741,138000;4160,Grapeland Magnolia Substation
TX,31.42222,-95.66802,138000,Explorer Substation
TX,31.37081,-95.47709,138000;69000;25000;12500,Crockett Substation
TX,30.75271,-95.2253,138000,Point Blank Substation
TX,30.86875,-95.66147,138000,Cedar Substation
TX,30.84337,-95.49518,138000,Walker Substation
TX,30.52442,-95.38883,138000,Dorrell Substation
TX,30.53221,-95.46244,138000,Evergreen Switching Station
TX,30.53217,-95.46298,138000,Temco Substation
TX,30.57259,-95.47324,138000,Georgia Substation
TX,30.68064,-95.50064,138000,Goree Substation
TX,30.7209,-95.66945,138000,Mount Zion Substation
TX,30.56872,-95.10366,138000,Cold Spring Substation
TX,30.41847,-95.01181,138000,
TX,30.49501,-94.96674,138000,Coley Creek Substation
TX,30.84031,-95.40836,138000,Rivtrin Substation
TX,29.76974,-100.78753,138000;34500,Fermi Substation
TX,30.70402,-94.95258,138000,Ogletree Substation
TX,30.71429,-94.91753,138000,Livingston Substation
TX,29.75322,-95.11638,138000,
TX,29.72378,-95.08283,138000,
TX,29.75252,-95.12998,138000,
TX,29.75223,-95.1289,138000,
TX,29.82392,-95.15246,138000,
TX,29.91089,-95.61687,,
TX,29.91325,-95.21456,138000,
TX,30.03979,-93.99152,230000,
TX,30.43306,-94.58331,138000,Bragg Substation
TX,30.64609,-94.81501,138000,Gulf Switching Station
TX,30.64592,-94.81487,138000,Gulf Livingston Substation
TX,30.83799,-95.17241,138000,Carlisle Substation
TX,30.83775,-95.17291,138000,Gulf Trinity Substation
TX,30.85029,-95.10916,138000,Onalaska Substation
TX,30.75329,-95.04918,138000,Blanchard Substation
TX,30.41307,-94.92687,138000,Hightower Substation
TX,31.41962,-94.67842,138000,Herty North Switching Station
TX,31.35835,-94.67938,138000,Champion Paper Mill Substation
TX,31.22443,-94.71637,138000,Diboll Substation
TX,31.36926,-94.73897,138000,Biomass Substation
TX,30.99256,-94.80372,138000,Corrigan Substation
TX,30.9757,-95.1638,138000,Magnolia Groveton Substation
TX,31.00621,-94.99997,138000,Kickapoo Substation
TX,29.74931,-94.23742,138000,
TX,31.618,-95.48809,138000,Slocum Substation
TX,31.50851,-95.45845,138000,Grapeland Substation
TX,31.29141,-94.26668,138000,Broaddus Substation
TX,31.3365,-94.39775,138000,Etoile Substation
TX,32.62951,-100.54696,138000;12500,Wetsel Substation
TX,32.62806,-100.5456,345000;138000,Claytonville Substation
TX,33.21969,-101.40864,69000,Two Draw Substation
TX,33.15242,-101.37202,69000;4160,Yancy Substation
TX,33.16973,-101.38807,69000,
TX,33.18863,-101.5952,69000,Central Substation
TX,33.00661,-101.66646,69000,Draw Substation
TX,32.97935,-101.35804,69000,Garza Substation
TX,33.00353,-101.16236,69000,Justiceberg Substation
TX,33.44032,-101.63487,69000;23000;4160,Slaton Substation
TX,33.40322,-101.61651,69000,Slaton Substation
TX,33.35783,-101.55588,69000;4160,Southland Substation
TX,33.28676,-101.55701,69000,Hackberry Substation
TX,31.51965,-94.35211,138000;12500,Chireno Substation
TX,31.57895,-94.639,138000;12500,Nacogdoches South Substation
TX,31.60844,-94.67628,138000;12500,Nacogdoches Substation
TX,31.56753,-94.6787,138000;25000,Nacogdoches Southwest Substation
TX,30.15295,-93.72161,,
TX,31.68436,-98.60366,345000;34500,Tater Hill Substation
TX,31.81883,-98.66365,345000,Corn Trail Switching Station
TX,30.01227,-94.05105,,
TX,30.00254,-93.99341,230000,
TX,30.01662,-94.03658,,
TX,33.81674,-96.56857,138000,Denison Dam Substation
TX,32.90471,-96.66103,138000,
TX,29.41669,-98.80621,138000,Rafter Substation
TX,32.83412,-97.02106,138000,
TX,32.71513,-97.04787,138000,
TX,32.84433,-96.93486,138000,
TX,32.8955,-96.98395,,
TX,32.84442,-96.99111,138000,
TX,31.76691,-94.74369,,
TX,31.83549,-94.90285,138000,
TX,31.68024,-94.54717,138000,
TX,29.86482,-94.90542,138000,
TX,29.76785,-95.01192,138000,
TX,29.8573,-94.91581,138000,
TX,29.85471,-94.92761,345000,
TX,29.85684,-94.89027,138000,
TX,29.87143,-94.911,138000,
TX,33.45385,-94.14063,138000,
TX,33.44616,-94.15453,138000,
TX,33.46696,-94.15326,69000,
TX,33.47487,-94.10354,,AEP SWEPCO Richmond Road Substation
TX,33.45495,-94.14848,138000,
TX,33.48091,-94.40831,138000,
TX,33.47973,-94.42174,138000,
TX,33.46471,-94.39866,,
TX,33.37395,-94.50303,,
TX,33.42397,-94.65866,,
TX,33.49759,-94.77714,,
TX,33.60426,-94.68353,,
TX,33.19934,-94.49575,138000,
TX,33.16997,-94.05531,,
TX,33.35287,-94.97732,69000,
TX,33.26424,-95.00038,69000,
TX,32.76879,-97.12403,138000,
TX,33.24067,-94.86053,138000;69000,
TX,33.2157,-94.89387,138000,
TX,33.17616,-94.98181,69000,
TX,33.16485,-94.99378,69000,
TX,33.15679,-95.0271,69000,
TX,33.16095,-95.10714,69000,
TX,33.17847,-95.21987,69000,
TX,32.70287,-96.41648,138000,
TX,32.79252,-96.34222,138000,
TX,33.49122,-101.39808,,
TX,33.58641,-102.31086,115000,
TX,33.61577,-102.34845,115000;69000,
TX,33.63167,-102.34719,69000,
TX,33.58822,-102.43032,,
TX,33.58795,-102.43062,115000,
TX,32.71994,-97.03144,138000,
TX,32.76887,-97.53105,138000,
TX,33.19245,-94.67574,69000,
TX,32.85042,-96.00743,138000,
TX,32.81738,-95.99888,138000,
TX,32.82704,-95.97172,138000,
TX,31.98455,-97.28449,138000,
TX,33.11125,-98.56576,138000,
TX,33.90464,-98.54231,138000,
TX,32.65386,-96.80382,138000,
TX,32.92693,-97.04395,138000,Airport N West Substation
TX,32.29473,-95.25967,138000,
TX,32.45598,-97.02914,138000,
TX,32.66186,-96.81535,138000,
TX,33.57818,-96.61514,,
TX,32.7929,-97.22244,138000,
TX,32.23153,-95.23658,138000,
TX,33.03087,-97.35042,138000,
TX,33.25,-97.09859,138000,Kings Row Substation
TX,32.65614,-97.13078,345000,
TX,32.52996,-94.90303,,
TX,32.53017,-94.90375,,
TX,33.42383,-96.64431,138000,
TX,33.42284,-96.64373,138000,
TX,32.97372,-97.01205,138000,
TX,32.68003,-97.08332,345000,
TX,33.00518,-96.61387,138000,
TX,32.50407,-94.59024,,
TX,32.68328,-97.18622,138000,
TX,32.65377,-97.30501,138000,
TX,32.43889,-96.85031,,
TX,31.87635,-95.29336,138000,
TX,31.78303,-106.42009,115000,Austin Substation
TX,32.85497,-96.64845,138000,
TX,32.81109,-97.15857,138000,
TX,32.86681,-97.23871,138000,
TX,32.98361,-96.65807,138000,
TX,31.76519,-106.39795,115000,
TX,31.76502,-106.39256,69000,
TX,33.07017,-96.77655,138000,
TX,32.79292,-97.28506,138000,
TX,32.78724,-96.69845,138000,
TX,36.14159,-102.87305,69000,
TX,27.43933,-98.90663,345000;34500,Bordas II Substation
TX,29.4507,-98.32237,138000,Martinez Substation
TX,32.86744,-96.78853,,
TX,32.59286,-95.20062,,Hawkins Substation
TX,32.59475,-95.21513,,
TX,29.70976,-95.23862,,
TX,29.71732,-95.23323,138000,
TX,29.72495,-95.1758,138000,
TX,29.72637,-95.17595,138000,
TX,29.45677,-95.35479,,
TX,32.19835,-97.80764,69000,
TX,32.56988,-94.85023,,
TX,32.57851,-94.63891,,
TX,33.59026,-102.3763,69000,City of Levelland Substation
TX,33.03419,-95.21287,69000,
TX,32.79532,-95.42738,,Quitman Substation
TX,32.79452,-95.42739,69000,
TX,32.84425,-95.48005,69000,
TX,32.83273,-95.25829,69000,
TX,32.60069,-95.06667,138000,
TX,32.60882,-95.19364,138000,
TX,32.5967,-96.48835,138000,
TX,32.59398,-96.49371,138000,
TX,32.5219,-96.37353,138000,
TX,33.16505,-94.96374,69000,
TX,33.05724,-94.84165,345000,
TX,32.45961,-94.9463,138000,
TX,32.44627,-94.69082,138000,
TX,32.49907,-97.55611,138000,
TX,29.00696,-96.06525,69000,
TX,33.45865,-102.56398,230000,
TX,33.44648,-102.45664,,
TX,32.3345,-97.6731,138000,
TX,31.833,-103.90264,138000,
TX,31.84814,-103.8828,138000,Amber Jack Substation
TX,32.75911,-102.67875,115000,
TX,32.75535,-102.68344,115000,
TX,26.3211,-98.35196,,
TX,31.85673,-101.78023,138000,
TX,30.50144,-100.58708,69000,Bond Road
TX,35.52891,-100.28979,115000,
TX,35.52928,-100.29057,115000,
TX,33.31261,-97.52856,138000,
TX,31.8406,-101.97794,138000,
TX,31.34663,-101.80082,138000,
TX,32.99576,-102.80843,115000,
TX,32.9974,-102.81752,115000,
TX,33.02756,-102.82959,115000,
TX,35.41052,-100.13006,69000,
TX,35.41595,-100.12662,69000,
TX,31.48779,-103.52404,138000,
TX,33.51094,-98.36114,345000,
TX,33.49551,-98.51108,69000,
TX,33.49652,-98.51084,69000,
TX,33.49649,-98.36113,69000,
TX,33.57004,-97.79087,138000;69000,
TX,33.67953,-97.48196,138000;69000,
TX,33.6248,-97.62032,138000,
TX,32.97282,-102.74331,230000,Denver City Substation
TX,33.01048,-102.75761,230000,
TX,32.60273,-97.86936,138000,
TX,32.41013,-97.87099,138000;69000,
TX,32.41268,-97.86916,138000;69000,
TX,32.38787,-97.78592,138000,
TX,32.71628,-97.93228,138000,
TX,32.93289,-98.14673,138000;69000,
TX,32.34829,-98.05365,138000,
TX,32.26675,-96.00281,138000,
TX,29.79011,-98.52762,345000;138000,Bergheim Substation
TX,28.37283,-98.14999,69000,
TX,32.19878,-102.22676,138000,
TX,32.73263,-102.79396,115000;69000,
TX,33.0097,-102.90338,115000,
TX,33.5566,-96.61149,138000,
TX,33.61369,-96.62921,138000;69000,
TX,32.88942,-95.21678,138000,
TX,33.01553,-95.17623,69000,
TX,32.92643,-95.19537,69000,
TX,32.97808,-95.1866,69000,
TX,32.94302,-94.98628,,
TX,32.49856,-98.63652,,
TX,31.76155,-106.36129,,
TX,29.87762,-95.10303,,
TX,32.94989,-96.77133,138000,
TX,29.74249,-95.21356,138000,
TX,29.73939,-95.17524,,
TX,34.9844,-101.84743,,Palo Duro Substation
TX,31.03077,-104.83221,69000,
TX,32.42871,-94.44933,,
TX,33.76696,-98.40695,138000,
TX,33.79043,-98.48473,138000,
TX,33.8288,-98.51956,138000,
TX,35.66831,-100.74147,69000,
TX,35.66555,-100.6286,69000,
TX,35.66569,-100.62784,69000,
TX,35.93887,-100.29636,69000,
TX,32.92544,-95.42824,69000,
TX,33.04079,-95.30835,69000,
TX,32.70973,-95.50688,138000,
TX,32.63026,-95.79311,138000,
TX,32.61644,-95.99716,138000,
TX,33.02875,-94.99875,,
TX,32.97798,-94.72061,,Bowie-Cass electric distribution substation
TX,31.67141,-95.08566,138000,
TX,31.65162,-95.07453,,
TX,34.51614,-102.4247,115000,
TX,34.53023,-102.42453,,
TX,30.56822,-97.0689,345000;138000,
TX,30.56742,-97.06937,138000,
TX,30.56886,-97.06965,138000,
TX,33.6265,-100.32253,,
TX,34.18349,-101.66159,,
TX,34.2051,-101.74257,,
TX,34.53801,-101.78535,,
TX,36.37737,-103.02939,69000,
TX,32.37113,-94.86849,,
TX,35.6944,-101.35298,115000,
TX,32.86223,-97.02074,138000,
TX,32.26593,-97.18614,69000,
TX,31.77171,-106.36667,69000,
TX,31.82479,-106.21103,115000,
TX,31.86407,-106.33966,115000,Biggs Substation
TX,31.85898,-106.31565,115000,
TX,31.83029,-106.31617,115000,
TX,33.00262,-96.9974,138000,
TX,32.63189,-96.92665,138000,
TX,32.86542,-96.84462,138000,
TX,33.01079,-96.28922,138000,
TX,29.72886,-95.17686,138000,
TX,29.72917,-95.17832,138000,
TX,29.72268,-95.15801,138000,
TX,32.43771,-96.85121,,
TX,32.20493,-94.80099,138000,
TX,32.22267,-94.77712,138000,
TX,32.29246,-96.76005,69000,
TX,32.29574,-96.75512,69000,
TX,32.31856,-96.67522,138000,
TX,29.96083,-94.81112,138000,
TX,32.47178,-98.64089,,Ranger Substation
TX,32.72224,-94.94158,69000,
TX,33.03164,-97.35282,138000,
TX,33.03283,-97.3481,138000,
TX,32.9997,-97.36062,138000,
TX,33.02559,-97.26644,138000,
TX,32.78212,-97.79678,69000,
TX,32.7812,-97.79659,138000,
TX,32.80305,-97.90928,138000;69000,
TX,32.8065,-97.87045,69000,
TX,32.75176,-97.07401,138000;12500,Executive Parkway Substation
TX,33.51794,-96.5761,138000,
TX,33.20325,-97.1338,138000,Locust Substation
TX,32.42172,-94.93229,,
TX,32.99742,-97.0618,138000,
TX,32.88295,-96.89223,138000,
TX,29.63451,-95.10936,,
TX,31.73871,-105.48388,,
TX,31.5174,-94.01595,138000,
TX,32.14128,-95.12583,,
TX,32.13153,-95.13381,,
TX,32.1858,-95.21593,138000,
TX,31.99017,-94.89009,,
TX,31.83297,-94.90059,138000,
TX,31.93889,-94.98961,138000,
TX,32.80122,-97.31334,138000,
TX,33.01286,-97.29472,138000,
TX,33.19337,-96.43797,138000;69000,
TX,33.16042,-96.40854,138000,
TX,33.02917,-96.35669,138000,
TX,32.3138,-97.52329,138000,
TX,32.31572,-97.61346,138000,
TX,32.295,-97.62359,,
TX,32.20142,-97.56935,,
TX,29.99933,-96.95302,,
TX,31.25859,-99.54611,345000;34500,
TX,31.07337,-95.5957,138000,
TX,31.86623,-94.45326,138000,
TX,31.90409,-94.34385,138000,
TX,32.23599,-95.56322,138000,
TX,32.82594,-96.86232,138000,
TX,32.43193,-94.35274,,
TX,32.73207,-96.98662,138000,
TX,33.67229,-96.61711,,
TX,34.15414,-101.70606,69000,
TX,29.58255,-95.8632,,
TX,29.76035,-96.14623,138000,
TX,33.01185,-97.23594,138000,
TX,32.79915,-98.06591,138000,
TX,35.44761,-100.86593,115000;69000,Bowers Substation
TX,31.93818,-96.13469,138000,
TX,29.86233,-93.95991,,
TX,29.86814,-93.97355,,
TX,29.88692,-93.99478,,
TX,29.87373,-93.97091,230000,
TX,29.89294,-93.97325,,
TX,29.99697,-94.07553,,
TX,29.98199,-94.05986,,
TX,32.94043,-96.76166,138000,
TX,31.85685,-106.48111,,
TX,33.56768,-96.61025,138000,
TX,33.01563,-94.17325,,
TX,33.07344,-94.26216,,
TX,32.27372,-95.06044,138000,
TX,28.48132,-98.15646,138000;69000,
TX,32.29755,-96.00784,138000,
TX,31.96663,-106.58662,69000,
TX,31.88021,-106.31443,345000,Picante Substation
TX,31.81922,-106.40383,115000,
TX,31.58771,-102.95501,138000;69000,Yucca Drive Switching Station
TX,32.66149,-97.28866,,
TX,31.86635,-106.58902,,
TX,31.80707,-106.51928,115000,
TX,32.96537,-96.78878,,
TX,33.89729,-98.4855,138000,
TX,33.15506,-96.89397,138000,
TX,29.76353,-94.9074,,
TX,29.75049,-94.92248,345000,
TX,31.71241,-106.29307,,Wrangler Substation
TX,28.3464,-99.67463,138000;12500,
TX,27.93469,-97.36108,138000,
TX,31.19678,-97.03343,,
TX,33.42772,-96.54342,138000,
TX,31.66154,-106.31475,69000,
TX,29.75579,-95.15462,138000,
TX,32.1581,-94.33554,69000,
TX,32.22933,-94.47294,,
TX,32.24061,-94.38555,,
TX,32.18042,-94.36269,69000,
TX,31.43554,-93.78002,138000,
TX,31.35285,-93.83726,,
TX,30.16195,-93.84059,230000,
TX,30.16409,-93.88206,230000,
TX,30.45773,-93.94799,138000,
TX,30.75263,-93.97799,138000,
TX,30.92959,-94.00039,,
TX,30.02717,-94.06912,,
TX,29.97492,-93.94128,69000,
TX,29.96171,-93.93158,,
TX,30.05902,-94.05533,,
TX,30.06153,-94.04029,,
TX,30.08394,-94.07397,230000,
TX,30.2985,-94.06016,138000,
TX,29.95378,-93.88277,230000,
TX,29.96354,-93.89325,,
TX,30.04268,-94.02446,230000,
TX,30.46369,-97.14419,,
TX,32.29062,-97.83545,69000,
TX,32.3977,-97.91897,138000,
TX,32.84515,-96.56915,138000,
TX,33.25863,-94.07233,138000,
TX,32.1596,-94.28632,138000,
TX,33.24533,-96.89338,138000,
TX,33.23063,-97.07204,138000,
TX,28.70483,-98.42581,69000,
TX,28.72057,-98.41043,69000,
TX,27.83623,-97.5244,69000,
TX,28.74274,-99.75943,69000,
TX,27.84883,-97.61637,138000,
TX,28.02992,-97.52352,138000,
TX,26.20778,-98.39772,230000;138000,Energía Buena Vista
TX,29.67712,-98.04777,138000,
TX,30.04342,-96.98232,345000;138000,
TX,31.94154,-102.32727,138000,
TX,32.83908,-97.34358,138000,
TX,32.44441,-97.06499,138000,
TX,31.3138,-103.22223,138000,
TX,31.29444,-103.15368,138000,
TX,31.80805,-103.90487,138000,
TX,31.80239,-103.23999,138000,
TX,32.60474,-100.55951,345000,
TX,31.78928,-103.68201,138000,
TX,31.97603,-103.54421,138000,
TX,29.80058,-98.66501,138000,Esperanza Substation
TX,32.7142,-99.28843,69000,
TX,29.92214,-96.21177,69000,
TX,28.98068,-95.30728,138000,
TX,32.338,-97.73332,345000,Wolf Hollow Substation
TX,33.21869,-97.21025,138000,
TX,33.21502,-97.2115,138000,
TX,33.19764,-97.1077,69000,
TX,33.24992,-97.15866,138000,
TX,33.46709,-94.25947,,
TX,33.95551,-101.35981,,
TX,31.43777,-97.58197,69000,
TX,32.15435,-98.29952,69000,
TX,32.37479,-98.3545,138000,
TX,32.3742,-98.35455,138000,
TX,32.39798,-97.91858,138000,
TX,32.12437,-96.29686,138000,
TX,32.13956,-96.23761,138000,
TX,32.10617,-96.47038,138000,
TX,32.10528,-96.47015,138000,
TX,32.27842,-95.97699,138000,
TX,32.27459,-95.09804,138000,
TX,31.93134,-106.59803,69000,
TX,33.35256,-96.4567,138000,
TX,32.53773,-95.86189,138000,
TX,33.14455,-94.98284,69000,
TX,33.14995,-95.02743,69000,
TX,33.19043,-94.8449,69000,
TX,33.66409,-95.45033,138000,
TX,29.09913,-95.4925,138000,
TX,33.23549,-94.74452,69000,
TX,32.81936,-96.83359,138000,
TX,32.86165,-97.01592,138000,
TX,32.86451,-97.03836,138000,
TX,32.86453,-97.04314,138000,
TX,32.96131,-96.89619,,
TX,29.80097,-95.28015,138000,
TX,32.57259,-96.94448,138000,
TX,32.55889,-97.31712,138000,
TX,29.75081,-95.12635,138000,
TX,29.76443,-95.35251,138000;69000;12000,Gable Street Substation
TX,33.63434,-95.69804,69000,
TX,33.19953,-97.10117,138000,
TX,33.46207,-101.94775,,
TX,32.45547,-95.23362,138000,
TX,30.91619,-94.73688,,
TX,33.22739,-97.16195,138000,
TX,32.75835,-97.33642,138000,
TX,32.32215,-94.30718,,
TX,32.3261,-94.31647,,
TX,33.13376,-94.04285,69000,
TX,33.05181,-94.07182,69000,
TX,33.05835,-94.84219,345000,
TX,32.42857,-94.45201,,
TX,33.6178,-95.05394,,
TX,32.53656,-94.94945,138000,
TX,32.47167,-94.35673,69000,
TX,32.78729,-97.65608,138000,
TX,33.07771,-96.09917,138000;69000,
TX,32.50321,-97.79749,138000,
TX,31.14201,-102.13627,,
TX,31.0337,-102.47174,345000,
TX,31.01361,-102.30952,345000,Nevill Road Switching Station
TX,31.08306,-102.39364,138000,Soaptree Switching Station
TX,31.07185,-102.39351,138000,Lynx Substation
TX,31.03764,-103.72255,138000,Coral Substation
TX,31.0469,-103.72058,138000,Cryo Substation
TX,31.5105,-103.46451,345000;138000,Sand Lake Switching Station
TX,31.93065,-103.65165,138000,Kyle Ranch Substation
TX,31.79335,-103.86139,138000,
TX,31.80691,-103.86083,345000;138000,Riverton Switching Station
TX,31.86329,-103.85889,138000,
TX,31.86238,-103.86337,138000,
TX,31.85203,-103.87264,138000,
TX,31.87425,-103.86119,138000,Tunstill Substation
TX,31.98273,-104.06326,138000,Owl Hills Substation
TX,31.93302,-104.32357,138000,
TX,31.93176,-104.32362,138000,
TX,31.88478,-104.34402,138000,
TX,31.80856,-103.98285,138000,
TX,31.81427,-103.98301,138000,3-Mile Draw Substation
TX,31.64461,-103.66518,138000,Mentone Substation
TX,31.64644,-103.84801,138000,
TX,31.50925,-103.51808,138000,
TX,31.50967,-103.51736,138000,Pecone Substation
TX,31.45796,-103.59993,138000,
TX,31.50868,-103.6165,138000,Mcllvain Substation
TX,31.90413,-103.70996,138000,
TX,31.79558,-103.73123,138000,Lindley Ranch Substation
TX,31.68286,-103.70067,138000,
TX,31.54584,-103.82293,138000,
TX,31.54743,-103.8248,138000,
TX,31.54497,-103.82703,138000,
TX,31.66667,-104.1189,138000,Maverick Draw Substation
TX,31.77825,-103.62672,138000,
TX,31.78297,-103.6387,345000;138000,Quarry Field Switching Station
TX,31.64286,-102.6995,138000,
TX,31.61753,-102.79229,138000,
TX,31.60752,-102.79383,138000,
TX,31.6018,-102.9328,345000;138000,Wolf Switching Station
TX,31.78679,-103.62379,138000,
TX,31.27664,-103.11306,138000,
TX,31.2691,-103.0887,138000,
TX,31.27533,-103.11778,138000,Trans-Pecos Substation
TX,31.27363,-103.09507,138000,
TX,31.28293,-103.10706,138000,
TX,31.29161,-103.11713,138000,Lotebush Substation
TX,31.29443,-103.15795,138000,
TX,32.93699,-97.06105,138000,
TX,31.16763,-103.0661,138000,
TX,31.33088,-103.02616,138000,
TX,31.35256,-103.06773,138000,
TX,31.34334,-103.07633,138000,
TX,31.31749,-103.09663,138000,
TX,31.2984,-103.09997,138000,
TX,31.51569,-103.27826,138000,
TX,31.55657,-103.17979,138000,
TX,31.52277,-103.18294,138000,
TX,31.53944,-103.18309,138000,
TX,31.55401,-103.1294,138000,
TX,31.42268,-103.16188,138000,
TX,31.4175,-103.16035,138000,
TX,31.37759,-103.28785,138000,
TX,31.35613,-103.32853,138000,
TX,31.36783,-103.67407,138000,
TX,31.35937,-103.68228,138000,
TX,31.64505,-103.32179,138000,
TX,31.42744,-103.49945,138000,Pecos Substation
TX,31.24071,-103.44527,138000,
TX,31.27578,-103.44644,138000,
TX,31.33282,-103.50379,138000,Eagle Claw Midstream Substation
TX,27.61904,-98.84008,345000;34500,Torrecillas Substation
TX,31.77946,-103.4557,138000,
TX,31.77883,-103.45587,138000,
TX,32.40712,-98.80429,,
TX,33.6994,-98.08736,,
TX,29.3505,-100.56177,138000,Pinto Creek Substation
TX,31.77595,-103.10687,138000,
TX,31.81771,-103.39459,138000,
TX,31.77861,-103.43239,138000,
TX,31.84115,-102.96457,138000,
TX,31.85929,-102.91483,138000,
TX,31.80027,-102.92548,138000,
TX,31.84139,-102.86826,138000;34500,
TX,31.86969,-102.57422,138000,
TX,31.23551,-99.42189,345000;34500,
TX,31.51655,-100.59874,345000;34500,
TX,31.75901,-101.65776,345000;34500,
TX,31.77451,-101.55894,345000;34500,
TX,29.31317,-98.40913,138000,Southton Substation
TX,29.61089,-95.23888,,
TX,26.52378,-98.74551,345000;34500,
TX,32.47231,-95.93729,138000,
TX,32.47893,-96.03042,138000,
TX,32.43716,-96.11358,138000,
TX,32.80275,-96.5739,138000,
TX,33.03495,-96.20065,138000,
TX,32.92358,-95.96604,,
TX,33.00281,-96.07677,345000;138000,
TX,33.00446,-96.07462,138000,
TX,33.00943,-96.0708,138000,
TX,31.1369,-97.73454,138000,
TX,32.15339,-97.1225,69000,
TX,31.94248,-96.52527,138000,
TX,33.12531,-102.76604,345000;230000;115000,Yoakum Substation
TX,33.04029,-101.68543,345000,
TX,33.1509,-101.68343,345000,
TX,33.30343,-101.60063,345000,
TX,33.62704,-101.87726,345000,
TX,33.62862,-101.87711,345000,
TX,30.087,-94.07886,230000,
TX,30.01215,-94.05987,,
TX,32.63912,-97.25588,345000,
TX,29.74278,-95.21313,,
TX,29.74298,-95.21344,,
TX,32.24717,-96.50321,138000,
TX,29.75117,-94.90777,,
TX,29.95984,-98.91433,138000,
TX,32.3024,-102.86152,345000,
TX,32.28,-102.87806,345000,
TX,32.2879,-102.84043,345000,
TX,31.71867,-102.70482,138000,
TX,32.10193,-100.1671,345000,
TX,33.46763,-95.37162,345000,
TX,32.45735,-102.66924,138000,
TX,29.24392,-95.65469,138000,
TX,29.24385,-95.65258,138000,
TX,32.86691,-100.87284,345000,
TX,32.33645,-99.05997,345000,
TX,32.30704,-99.16396,345000,
TX,32.51198,-99.38636,345000,Latimer Switchyard
TX,32.46266,-99.45322,345000,
TX,25.91439,-97.51955,138000,
TX,26.64893,-99.03904,345000,
TX,27.59202,-97.64591,345000,
TX,26.94149,-97.6423,345000,
TX,28.85504,-95.88802,345000,
TX,26.28824,-97.4962,138000,
TX,26.28759,-97.49663,138000,
TX,33.52109,-98.67848,138000;69000,
TX,33.53887,-98.52128,138000,
TX,33.50964,-98.56452,138000,
TX,33.37001,-99.59232,345000,
TX,33.34412,-99.62465,345000,
TX,34.20779,-99.51532,345000,
TX,30.25686,-97.73797,138000,Rainey Street Substation
TX,31.79291,-100.57511,345000,
TX,31.83189,-100.71868,345000,
TX,31.44695,-99.89131,345000,
TX,31.44405,-99.88811,345000,
TX,31.26059,-99.86909,345000,
TX,31.25268,-99.79073,345000,
TX,31.04887,-100.62235,345000,
TX,33.30544,-96.63298,138000,
TX,30.63116,-95.00875,,
TX,33.38192,-95.69035,138000,
TX,34.46428,-101.31322,,
TX,34.40578,-101.2778,,
TX,33.86222,-98.58966,138000,
TX,33.49512,-96.14503,138000,
TX,33.49496,-96.14572,138000,
TX,33.40429,-96.07538,138000,
TX,33.40485,-96.07554,138000,
TX,33.54962,-97.17954,138000,
TX,33.54972,-97.18015,138000,
TX,34.22959,-101.31124,,
TX,33.98806,-101.33597,,
TX,33.98856,-101.3378,,
TX,33.07165,-94.27725,138000,
TX,33.0717,-94.27648,138000,
TX,32.97053,-97.14278,138000,
TX,27.11033,-99.33886,345000,Reloj del Sol Wind Farm Substation
TX,33.01733,-94.3671,,
TX,32.77405,-98.90132,138000,
TX,33.01429,-97.07545,138000,
TX,32.26038,-94.71415,138000,
TX,30.66929,-97.85716,138000,
TX,31.19779,-103.36175,,
TX,31.45085,-103.09599,,
TX,31.11441,-103.25181,138000,
TX,31.17197,-103.1336,138000,
TX,31.16976,-103.10916,138000,
TX,32.12047,-102.5303,345000,
TX,32.12122,-102.52872,345000,
TX,30.98011,-102.2291,345000,
TX,30.97557,-102.2567,345000,
TX,31.23406,-102.30671,,
TX,31.2506,-102.31529,,
TX,31.25035,-102.31425,,
TX,32.06342,-96.59314,345000,
TX,32.06258,-96.593,345000,
TX,32.53508,-96.42337,138000,
TX,32.53396,-96.4223,138000,
TX,30.75217,-97.8787,138000,
TX,31.75619,-95.63574,138000;69000,
TX,27.81887,-97.59943,138000,
TX,28.69555,-96.94515,,
TX,28.69728,-96.94576,,
TX,32.79412,-99.92207,345000,
TX,32.79198,-99.92155,345000,
TX,33.00382,-99.60533,138000,
TX,33.00166,-99.61468,345000,
TX,28.12522,-97.77939,345000,
TX,28.12644,-97.78106,345000,
TX,33.53598,-98.34179,345000,
TX,27.90361,-97.25848,138000,Resnik Substation
TX,28.05683,-97.44598,345000,Steel Dynamics Substation
TX,28.04431,-97.43837,345000,Angstrom Substation
TX,29.24366,-95.43132,138000,
TX,28.99416,-96.12624,138000,
TX,28.97504,-95.99498,138000,
TX,29.06654,-95.76113,138000,
TX,26.51505,-98.60963,69000,
TX,26.35829,-97.767,345000,
TX,26.33349,-97.52734,345000,
TX,26.29849,-97.77097,345000,
TX,26.53983,-97.65945,345000,
TX,33.69797,-95.5574,138000,
TX,33.66602,-95.50606,138000,
TX,33.64129,-95.38362,138000,
TX,33.64293,-95.34243,138000,
TX,33.64414,-95.62648,138000;69000,
TX,28.00171,-97.71793,345000,
TX,28.00147,-97.71472,345000,
TX,28.21826,-97.55666,345000,
TX,28.19899,-97.44472,345000,
TX,28.57635,-97.95334,345000,
TX,28.57787,-97.95123,345000,
TX,28.62347,-97.93535,345000,
TX,29.77949,-100.8144,138000,Maxwell
TX,28.97515,-95.3379,138000,
TX,29.23636,-95.19916,,
TX,29.2363,-95.19805,,
TX,31.75127,-96.88929,345000,Hubbard 1 Wind Farm Substation
TX,30.9324,-102.20061,,
TX,31.20774,-102.18185,345000,Roadrunner
TX,31.06704,-101.94376,345000,
TX,31.56766,-96.81265,345000,
TX,31.54106,-96.941,345000,
TX,32.65882,-98.31029,138000,
TX,32.65944,-98.31084,,
TX,33.13276,-98.55849,,
TX,31.75357,-106.49041,69000,
TX,33.60375,-99.63596,345000,
TX,33.6065,-99.64161,345000,
TX,26.37946,-97.80989,345000,
TX,26.20574,-97.61457,138000,
TX,26.25206,-97.52594,138000,
TX,33.55566,-99.20159,69000,
TX,33.55622,-99.20088,69000,
TX,33.46175,-97.29182,345000,
TX,33.55077,-97.33037,345000,
TX,31.83135,-106.41703,,
TX,33.20184,-97.10137,138000,
TX,32.38575,-102.94921,138000,
TX,34.04766,-102.6298,230000,
TX,34.7865,-102.073,345000,
TX,33.52341,-102.87825,115000,
TX,33.50398,-102.77917,115000,
TX,33.52811,-102.60985,115000;69000,
TX,31.09618,-100.03292,138000,
TX,31.2495,-101.15544,345000,
TX,33.26463,-96.76817,138000,
TX,32.94722,-97.38052,138000,
TX,35.22625,-102.18339,,
TX,33.93355,-101.67138,230000,
TX,33.7521,-101.48425,115000,
TX,31.17318,-101.80882,,
TX,32.23561,-100.45392,69000,Nolan West 2 Substation
TX,32.88462,-100.58666,345000,
TX,32.87315,-100.58264,345000,
TX,32.87534,-101.20845,138000,
TX,33.65351,-97.14801,138000,
TX,33.65097,-96.91451,138000,
TX,33.63297,-97.0058,138000;69000,
TX,33.54955,-96.99931,138000,
TX,33.00771,-100.56063,345000,
TX,33.74394,-99.67002,345000,
TX,33.92236,-99.78723,345000,
TX,26.68566,-99.10989,138000,
TX,26.70405,-99.05176,138000,
TX,26.56513,-98.69977,345000,
TX,33.71966,-97.42673,138000,
TX,33.57675,-97.52414,138000,
TX,33.68467,-97.83438,69000,
TX,33.38676,-98.61087,138000,
TX,33.56128,-97.82532,138000,
TX,33.256,-97.20492,138000,
TX,33.44314,-98.19766,69000,
TX,33.49665,-98.50981,69000,
TX,33.42212,-98.71562,69000,
TX,33.36292,-98.77683,138000;69000,
TX,33.00531,-96.58641,138000,
TX,33.7957,-98.48331,138000,
TX,33.84375,-98.47695,138000,
TX,33.86045,-98.5869,138000,
TX,33.93876,-98.58264,138000,
TX,33.37221,-98.52229,138000,
TX,33.22586,-98.53621,138000,
TX,33.21811,-98.61916,69000,
TX,33.29101,-94.16036,138000,
TX,33.40178,-94.16079,138000,
TX,29.34833,-94.9279,,
TX,31.48641,-95.48331,69000,
TX,31.59673,-95.45271,69000,
TX,30.68919,-101.26976,138000,
TX,29.32645,-95.8123,345000,Cedar Creek Substation
TX,29.32763,-95.81395,345000,
TX,29.35968,-95.77073,345000,
TX,29.35848,-95.76928,345000,
TX,29.39321,-95.73365,345000,
TX,32.94863,-97.118,138000,
TX,29.47938,-95.75732,,
TX,29.3885,-95.85111,,
TX,31.53438,-103.8048,138000,
TX,33.2462,-99.42091,345000,
TX,30.14839,-95.29842,230000,
TX,34.03261,-102.63029,230000,
TX,35.25439,-101.36267,345000,
TX,34.43162,-101.36281,345000,
TX,33.89693,-101.81369,345000,
TX,33.55833,-101.78506,345000,
TX,33.55664,-101.78486,345000,
TX,33.47551,-101.74822,345000,
TX,33.4749,-101.74599,345000,
TX,33.92944,-98.8316,345000,
TX,33.73222,-99.72629,345000,
TX,33.1428,-98.16141,138000,
TX,33.03324,-97.88169,138000,
TX,33.02744,-97.87101,138000,
TX,32.93895,-97.64362,138000,
TX,33.89703,-98.48453,138000,
TX,33.92735,-98.54391,,
TX,32.86654,-96.66971,138000,
TX,33.53872,-98.76539,69000,
TX,33.95568,-98.66456,,
TX,33.95611,-98.66457,,
TX,33.95354,-98.6837,,
TX,33.95779,-98.55106,138000,
TX,33.94287,-98.49806,138000,
TX,33.9394,-98.49857,,
TX,35.95214,-101.87745,,
TX,35.95321,-101.87781,,
TX,33.64199,-96.57281,138000,
TX,33.3182,-96.53215,138000,
TX,33.32303,-96.50148,138000,
TX,33.29435,-96.49105,138000,
TX,33.19662,-96.43863,138000,
TX,33.19333,-96.43904,138000,
TX,33.39772,-96.27477,138000,
TX,33.46616,-96.12009,138000,
TX,33.29217,-96.39905,69000,
TX,33.27471,-96.6288,138000,
TX,32.78286,-102.67561,230000;115000,Seminole
TX,32.75492,-102.68348,,
TX,32.72606,-102.78653,69000,
TX,32.58871,-102.67137,69000,
TX,32.78435,-102.84704,69000,
TX,32.7831,-102.88667,69000,
TX,32.78632,-102.9505,115000;69000,
TX,32.77688,-102.95303,115000,
TX,32.77508,-102.95291,115000,
TX,32.81265,-102.94929,69000,
TX,33.03899,-102.73345,230000,
TX,33.04173,-102.73346,230000,
TX,33.07617,-102.7338,230000,
TX,33.07738,-102.73528,230000,
TX,33.18316,-102.88714,69000,
TX,33.18212,-102.8882,69000,
TX,33.15303,-102.90454,69000,Allred Substation
TX,32.50243,-101.4728,138000,
TX,34.51658,-102.42247,115000,
TX,34.46748,-102.30194,115000,
TX,34.46733,-102.21496,,
TX,34.4672,-102.06904,230000;115000,Newhart
TX,34.37841,-102.12623,,
TX,34.38821,-101.8344,115000,
TX,34.36858,-101.72372,115000,
TX,34.22745,-101.69871,115000,
TX,34.50989,-102.07599,69000,
TX,34.52915,-101.9196,,
TX,34.44503,-101.91967,69000,
TX,34.36993,-101.99253,69000,
TX,34.12344,-101.84457,115000;69000,
TX,34.18395,-101.57488,115000,
TX,34.18397,-101.57406,115000,
TX,34.1845,-101.51991,69000,
TX,34.20458,-101.70011,115000;69000,
TX,32.36356,-102.97911,138000,
TX,32.42258,-102.79471,138000,
TX,33.75087,-101.48427,115000,
TX,33.6515,-101.45164,115000,
TX,33.8806,-101.57445,69000,
TX,33.88149,-101.57372,69000,
TX,32.42174,-102.79303,138000,
TX,32.4251,-102.80291,,
TX,31.09429,-100.06063,138000,
TX,33.7751,-100.87191,345000,
TX,30.98932,-101.96254,345000,
TX,30.98565,-101.71701,345000,
TX,30.98773,-101.7168,345000,
TX,31.17176,-101.35789,345000,
TX,30.96823,-101.46242,345000,
TX,33.03026,-97.08197,,
TX,32.72678,-95.00641,138000,
TX,33.47471,-95.30048,345000,
TX,33.4473,-95.34444,345000,
TX,30.72118,-93.69474,138000,
TX,30.75559,-93.77794,138000,
TX,33.41506,-95.34987,345000,
TX,32.24895,-94.9611,138000,
TX,30.41287,-97.45906,138000,
TX,30.413,-97.46046,138000,
TX,33.32595,-97.31403,345000,
TX,28.24255,-97.5301,345000,
TX,32.47584,-97.88659,138000,
TX,32.56926,-98.82917,,
TX,31.71239,-101.49331,138000,
TX,36.0607,-102.54,115000,
TX,35.9539,-101.87855,,
TX,35.95427,-101.87856,,
TX,35.95406,-101.87853,,
TX,33.4609,-94.32858,,
TX,33.84322,-99.05738,345000,Western Trail Wind Farm Substation
TX,33.96515,-101.51488,115000;69000,
TX,33.94706,-101.09817,,
TX,33.15915,-99.27165,345000,
TX,26.53532,-97.59897,,
TX,31.56208,-98.47926,345000,
TX,27.57909,-99.50723,138000,
TX,32.52634,-100.68323,,
TX,34.61039,-102.51633,,
TX,31.42703,-98.54023,345000,
TX,35.19889,-102.31047,345000,
TX,35.13573,-102.27914,345000,
TX,33.74328,-99.67265,345000,
TX,33.70557,-97.35316,138000,
TX,33.65995,-101.38737,,
TX,34.37902,-100.09057,345000,
TX,29.54425,-95.96308,,
TX,29.53873,-95.96185,,
TX,32.06475,-96.86711,69000,
TX,28.88194,-99.17811,138000,
TX,28.88232,-99.17779,138000,
TX,31.53242,-100.62012,69000,
TX,31.09385,-102.35932,138000,
TX,31.09291,-102.35972,138000,
TX,33.52075,-102.48838,115000,
TX,32.9745,-96.91568,138000,
TX,34.09984,-99.19974,345000,
TX,32.81415,-96.76907,,
TX,31.78549,-106.46059,,
TX,33.38775,-96.06749,138000,
TX,33.45751,-95.67013,138000,
TX,33.4563,-95.67045,138000,
TX,33.51621,-95.63694,138000,
TX,33.64359,-95.15284,,
TX,33.2348,-95.25778,345000,
TX,33.48143,-95.26962,,
TX,32.69724,-95.86569,,
TX,32.32956,-95.42176,138000,
TX,29.89487,-97.27009,345000,
TX,29.89614,-97.26975,345000,
TX,32.35303,-97.38321,138000,
TX,33.1517,-96.8454,138000,
TX,33.1515,-96.84674,138000,
TX,29.19205,-95.66387,138000,
TX,29.19075,-95.66391,138000,
TX,34.54016,-102.17802,,
TX,31.89717,-96.46987,345000,
TX,29.39688,-95.73751,345000,
TX,30.7067,-96.06603,138000,
TX,31.45988,-96.82763,345000,
TX,30.41206,-97.5743,138000,
TX,31.16146,-101.08091,138000;69000,
TX,31.58505,-94.81227,138000,
TX,33.55814,-97.85266,69000,
TX,32.00309,-102.03261,138000,
TX,32.00334,-102.03189,138000,
TX,32.01874,-102.02535,,
TX,32.02849,-102.00888,138000,
TX,31.35645,-100.44042,,
TX,32.11501,-95.28679,138000,
TX,32.18072,-96.10756,138000,
TX,32.18471,-96.09836,138000,
TX,32.12721,-96.10268,138000,
TX,33.49726,-99.02017,69000,
TX,33.28743,-98.9883,69000,
TX,31.52968,-94.91992,138000,
TX,29.17456,-95.7607,138000,
TX,29.17329,-95.76091,138000,
TX,31.73601,-104.44408,138000,
TX,31.68482,-104.45692,138000,
TX,32.73451,-97.15131,138000,
TX,30.58481,-97.8105,138000,
TX,30.54426,-97.78239,138000,
TX,32.93296,-97.06028,138000,
TX,32.9267,-97.06023,138000,
TX,33.06158,-96.85943,138000,
TX,34.31955,-102.4277,115000;69000,
TX,34.36503,-102.42809,115000,
TX,33.87006,-101.33527,,
TX,35.54969,-100.95577,69000,Lyons Substation
TX,32.68907,-94.90911,,
TX,31.85345,-96.62196,345000,Limestone Wind Substation
TX,31.86457,-97.01584,345000,
TX,30.90925,-101.26319,345000,
TX,31.79914,-101.46643,345000,Bernoulli Substation
TX,31.73808,-101.29354,345000,
TX,33.92038,-97.68192,69000,
TX,32.39511,-98.74059,,
TX,32.88778,-96.99889,138000,
TX,31.11931,-99.32287,,
TX,33.84837,-102.32816,69000,
TX,33.80126,-102.32655,69000,
TX,33.78602,-102.44745,69000,
TX,33.78757,-102.51961,69000,
TX,33.91143,-102.3212,69000,
TX,31.72112,-104.44217,138000;34500,
TX,33.51799,-94.08477,69000,
TX,33.48006,-94.08649,69000,
TX,30.06364,-94.2266,230000,
TX,33.30455,-102.32748,115000;69000,
TX,33.49134,-102.05789,230000,
TX,33.26825,-102.57745,115000,
TX,33.03597,-102.35691,69000,
TX,33.05128,-102.52669,115000,
TX,32.9787,-102.33603,115000;69000,
TX,33.18123,-102.61181,69000,
TX,33.1822,-102.61108,69000,
TX,33.05078,-102.60327,69000,
TX,32.96372,-102.65803,69000,
TX,33.02232,-102.29188,69000,
TX,33.25496,-99.52076,345000,
TX,33.10215,-99.30622,345000,
TX,33.17784,-99.57132,345000,
TX,33.17839,-99.56946,345000,
TX,32.91223,-98.79158,138000,
TX,32.89574,-98.77896,138000,
TX,32.74747,-98.90317,138000,
TX,33.65163,-101.64803,,
TX,33.66419,-101.66594,,
TX,33.59431,-101.62176,,
TX,33.66575,-101.46802,,
TX,33.73899,-101.4858,,
TX,33.7391,-101.48518,,
TX,34.17579,-101.75881,,
TX,30.23198,-97.61386,345000;24900,Hornsby Substation
TX,30.23141,-97.61584,345000;24900,Tesla Battery Substation
TX,32.95204,-96.97633,,
TX,32.3512,-95.3115,138000,
TX,32.39022,-95.3379,138000,
TX,32.38776,-95.34215,138000,
TX,32.57483,-99.7956,69000,Quaint Station
TX,31.31994,-96.8888,69000,
TX,32.43495,-94.70379,,
TX,32.49004,-95.422,138000,
TX,32.43062,-94.45927,138000,
TX,30.44322,-97.705,138000,Ashton Woods
TX,31.15381,-97.33253,138000,
TX,32.4475,-100.52263,69000,
TX,34.44952,-101.3823,,
TX,26.14044,-97.97208,138000,
TX,33.8011,-97.50764,,
TX,32.23183,-97.75469,,
TX,32.20227,-97.35981,138000,
TX,34.20273,-102.30608,,
TX,34.21189,-102.73324,115000,
TX,34.2123,-102.73229,,
TX,32.69864,-97.97977,,
TX,34.01268,-98.23872,,
TX,34.01097,-98.23485,,
TX,32.16379,-95.40066,138000,
TX,32.84412,-94.72329,,
TX,32.84803,-94.72741,,
TX,33.68174,-97.158,69000,
TX,32.26595,-94.98439,138000,
TX,30.38651,-94.0302,138000,
TX,32.98535,-97.18551,,
TX,33.43305,-94.72099,345000,
TX,33.19497,-96.43814,138000,
TX,30.53242,-94.9743,,
TX,30.36905,-95.44951,138000,
TX,30.67668,-95.54173,230000,Veteran substation
TX,30.7572,-95.71965,345000;230000,Rocky Creek substation
TX,33.10075,-98.89907,345000,
TX,33.78852,-97.72491,,
TX,30.07915,-93.82137,,
TX,30.36831,-94.31417,,
TX,30.74808,-94.43568,,
TX,31.51738,-106.1317,69000,
TX,32.6221,-94.15243,,Leigh Substation
TX,34.24488,-101.27594,,
TX,36.44432,-100.32934,,
TX,32.93958,-97.29702,138000,Keller Magnolia substation
TX,31.35933,-95.19248,,
TX,32.31719,-95.48507,,
TX,32.52623,-95.54002,138000,
TX,33.42043,-94.09071,,
TX,33.35524,-94.13575,138000,
TX,29.7917,-94.40252,230000;138000,
TX,30.61461,-93.8767,138000,
TX,30.15558,-97.7735,138000,
TX,36.36438,-101.4796,345000,
TX,36.46788,-101.4767,345000,
TX,31.17043,-101.8131,,
TX,31.17173,-101.81335,,
TX,35.01426,-101.31215,345000,
TX,29.22817,-95.42875,138000,
TX,33.02284,-102.80144,115000,
TX,33.0265,-102.82873,115000,
TX,30.56982,-97.88961,138000,
TX,31.95944,-94.03801,138000,
TX,31.57618,-94.12917,138000,
TX,31.24312,-93.97337,,
TX,31.24285,-93.97309,,
TX,33.34894,-94.25468,138000,
TX,33.05423,-94.28448,138000;69000,
TX,32.45303,-94.2377,,Cross Roads Substation
TX,32.67745,-94.8292,,
TX,30.5467,-97.46294,138000,
TX,32.03058,-95.48974,,
TX,32.40533,-101.732,,
TX,30.14998,-95.05292,230000,
TX,30.16094,-95.0955,230000,
TX,30.54482,-97.44964,138000,
TX,32.44397,-97.75235,138000,
TX,32.98172,-96.75628,,
TX,32.9799,-96.75528,,
TX,32.98578,-96.75591,,
TX,30.42,-97.58203,138000,
TX,32.98965,-96.7549,,
TX,34.29236,-102.49779,69000,
TX,34.30127,-102.82839,69000,Progress Substation
TX,34.23965,-102.74596,69000,
TX,34.25748,-102.74108,69000,
TX,34.21592,-102.90826,69000,
TX,34.42436,-102.30458,,
TX,34.22193,-102.7194,,
TX,34.2881,-102.89778,115000,Lariat Substation
TX,31.7721,-106.40759,115000,
TX,31.86104,-106.44526,115000,
TX,31.96312,-106.43492,115000,
TX,31.72778,-106.35965,,
TX,31.7589,-106.39599,69000,
TX,31.78385,-106.36204,115000;69000,
TX,31.98575,-106.42931,115000,
TX,30.98424,-104.81945,69000,
TX,31.18036,-105.35033,69000,
TX,31.17675,-105.36293,69000,
TX,31.40896,-106.03011,69000,
TX,31.58362,-106.25535,69000,
TX,31.51017,-106.15551,69000,
TX,31.642,-106.29898,69000,
TX,31.6725,-106.25,115000,Sparks Substation
TX,31.6852,-106.19798,115000,Horizon Substation
TX,31.72852,-106.21708,115000,Pellicano Substation
TX,31.76496,-106.46935,69000,
TX,31.96562,-106.5835,115000,
TX,31.9669,-106.58508,,
TX,31.61796,-106.28568,69000,Valley Substation
TX,31.68276,-106.30566,69000,
TX,31.84946,-106.56563,115000,
TX,33.06669,-103.06266,69000,New-Tex Substation
TX,34.1336,-101.50186,69000,
TX,33.94004,-101.51433,69000,
TX,34.07459,-101.50895,69000,
TX,34.02213,-101.50768,115000,
TX,31.79632,-106.51277,,
TX,33.18312,-103.05958,69000,Prince Substation
TX,34.18576,-101.43326,,
TX,28.95556,-95.38251,138000,
TX,28.95425,-95.38244,138000,
TX,29.67998,-96.53075,69000,
TX,30.05443,-95.73037,,
TX,32.43587,-96.67243,138000,
TX,30.01238,-94.79335,,
TX,30.05929,-94.77874,,
TX,30.06692,-94.09304,,
TX,29.99045,-94.02124,230000,
TX,29.98401,-93.99821,138000,
TX,34.14364,-101.2401,,
TX,32.98329,-96.65173,138000,
TX,31.62407,-97.03327,138000,
TX,34.25885,-101.43333,,
TX,32.07744,-96.44391,138000,
TX,32.34716,-96.56001,138000,
TX,32.44088,-97.06899,138000,
TX,32.44249,-97.06404,138000,
TX,32.46048,-97.04448,138000,
TX,32.46047,-97.04524,138000,
TX,29.86303,-95.14227,138000,
TX,32.41932,-97.56686,138000,
TX,29.40284,-98.49317,13200,Newell Salvage Co. #1 Substation
TX,33.06084,-96.60869,138000,
TX,29.48815,-94.55467,,
TX,30.77445,-94.43267,138000,
TX,29.86557,-93.9348,,
TX,30.70545,-95.47094,,
TX,32.07192,-96.46377,138000,
TX,32.07099,-96.4754,138000,
TX,32.07608,-96.51826,138000,
TX,32.03006,-96.37228,138000,
TX,32.10269,-96.38821,138000,
TX,32.10103,-96.39229,138000,
TX,32.7314,-97.83948,138000,
TX,29.82292,-94.93299,,
TX,26.1089,-97.82441,138000,
TX,26.11233,-97.81339,138000,
TX,34.73421,-101.95518,69000,
TX,34.63155,-101.84791,,
TX,34.74605,-101.84919,,
TX,34.64672,-101.7593,,
TX,34.57278,-101.7237,,
TX,34.74865,-101.61751,,
TX,34.64677,-101.58151,,
TX,34.4766,-101.57562,,
TX,34.37519,-101.5582,69000,
TX,33.6478,-97.36385,69000,
TX,33.68949,-97.5261,69000,
TX,33.25596,-96.62652,138000,
TX,33.59845,-95.90571,69000,
TX,32.5886,-95.77848,138000,
TX,32.68613,-95.72663,69000,
TX,32.67389,-95.71386,,
TX,33.84645,-96.63068,138000,
TX,33.61501,-96.69952,138000,
TX,32.53752,-96.79957,138000,
TX,32.53862,-96.79983,138000,
TX,29.86678,-97.7086,69000,
TX,32.90284,-97.38647,138000,
TX,32.42735,-97.83635,138000,
TX,32.78338,-97.45109,,
TX,32.77401,-97.45205,,
TX,31.54454,-100.48199,,
TX,31.13518,-99.34207,,
TX,32.10002,-97.33089,138000,
TX,28.72987,-98.78402,138000,
TX,28.83797,-100.54895,138000,
TX,29.93984,-100.54019,138000,
TX,31.18204,-101.40686,,East Big Lake Substation
TX,31.14504,-103.59011,,
TX,32.70525,-96.00771,,
TX,32.61698,-95.67496,138000,
TX,32.65511,-95.70393,138000,
TX,32.43078,-95.58231,138000,
TX,32.43449,-95.37133,138000,
TX,32.32876,-95.84785,138000,
TX,32.47248,-95.72286,138000,
TX,32.47183,-95.7214,138000,
TX,32.47241,-95.72569,138000,
TX,32.47252,-95.72467,,
TX,32.17288,-95.65085,138000,
TX,32.10345,-95.5243,138000,
TX,32.05053,-95.40271,138000,
TX,32.05052,-95.39556,138000,
TX,32.12686,-95.39458,138000,
TX,31.82154,-95.51401,138000,
TX,31.69541,-96.21286,138000,
TX,31.71124,-96.21415,138000,
TX,31.71012,-96.18077,138000,
TX,31.77012,-96.403,69000,
TX,31.77754,-96.39528,69000,
TX,31.78117,-96.46868,69000,
TX,31.92585,-96.42731,69000,
TX,32.54004,-96.31254,138000,
TX,31.91565,-96.35004,69000,
TX,32.03897,-96.28106,138000,
TX,32.04128,-96.20616,138000,
TX,32.2614,-96.35771,138000,
TX,32.31924,-96.67541,138000,
TX,32.23318,-96.70062,345000,
TX,32.23265,-96.69992,345000,
TX,32.48645,-95.85729,138000,
TX,32.55884,-96.77043,138000,
TX,32.1835,-96.98225,69000,
TX,32.18697,-96.8931,69000,Italy Substation
TX,31.95287,-97.0618,138000,
TX,33.5093,-96.39184,69000,
TX,33.4294,-96.32746,69000,
TX,33.0016,-96.72211,138000,
TX,32.92024,-96.76255,138000,
TX,33.01365,-96.70229,138000,
TX,33.75294,-96.8489,138000,
TX,33.68099,-97.079,69000,
TX,33.61257,-97.042,69000,
TX,29.76434,-95.96454,138000,
TX,33.21333,-97.21093,138000,
TX,33.21718,-97.21084,138000,
TX,33.22905,-97.07136,138000,
TX,33.22912,-97.07204,,
TX,33.43621,-94.06056,,Taylor Street Substation
TX,33.40849,-94.11839,,
TX,33.32561,-94.37354,,
TX,33.64019,-97.32982,138000,
TX,33.49461,-97.04753,138000,
TX,33.48677,-97.18289,138000,
TX,33.3832,-96.24354,69000,
TX,33.16057,-96.36149,69000,
TX,33.56426,-96.24927,69000,
TX,33.55467,-96.25828,138000,
TX,32.91657,-96.35055,138000,
TX,32.9142,-96.25332,138000,
TX,32.93365,-96.11927,138000,
TX,33.0045,-96.0753,138000,
TX,32.90076,-96.31106,138000,
TX,32.96296,-97.67553,138000,
TX,33.09685,-98.00269,138000,
TX,32.92066,-97.86063,138000,
TX,32.92008,-97.9265,69000,
TX,32.92038,-98.02853,69000,
TX,32.76801,-97.66895,138000,
TX,32.77324,-97.61064,138000,
TX,33.1293,-97.49632,138000,
TX,32.242,-101.90537,138000,
TX,32.77221,-96.40476,138000,
TX,32.88796,-97.70563,138000,
TX,32.95937,-97.72262,138000,
TX,31.78341,-95.47598,138000,
TX,31.85376,-95.2253,138000,
TX,33.63524,-95.9387,138000,
TX,33.63633,-95.93897,138000,
TX,33.70279,-95.95061,138000,
TX,34.01668,-98.56071,138000,
TX,34.09702,-98.61369,,
TX,33.99786,-98.55386,138000,
TX,33.12212,-96.8599,138000,
TX,31.2483,-93.76824,138000,
TX,31.51935,-94.3509,138000,
TX,31.6423,-94.41156,138000,
TX,32.58936,-94.44275,,
TX,31.00977,-93.7035,69000,Wiergate Substation
TX,28.83495,-95.86108,345000,
TX,29.12012,-96.10808,345000,
TX,29.1589,-96.14281,345000,
TX,29.15596,-96.14989,138000,
TX,29.15728,-96.14886,138000,
TX,29.16806,-95.44638,138000,
TX,31.93566,-94.2383,138000,
TX,31.76092,-94.1796,,
TX,32.24387,-94.4465,,
TX,32.3667,-94.19085,69000,
TX,32.13052,-94.14279,69000,
TX,32.30633,-94.17096,69000,
TX,32.61031,-94.22114,69000,Mid-Valley Pipe Substation
TX,31.35108,-94.00366,,
TX,31.53306,-94.12482,,
TX,31.76249,-93.90005,,
TX,31.68234,-94.16377,,
TX,31.68247,-94.16651,138000,
TX,32.6614,-96.91234,138000,
TX,32.66153,-96.86158,138000,
TX,31.74977,-98.21441,69000,
TX,32.40416,-99.10757,345000,
TX,33.87835,-101.6952,69000,
TX,33.94824,-101.69677,,
TX,34.02173,-101.62724,,
TX,33.78395,-101.66525,69000,
TX,31.62678,-95.57136,69000,
TX,31.79177,-103.92729,138000,
TX,27.47502,-99.4615,138000,
TX,31.81386,-95.86636,138000,
TX,31.92145,-95.81758,138000,
TX,31.96222,-95.27923,,
TX,29.45127,-98.64018,138000,
TX,29.47397,-98.68196,138000,Verde Circle Substation
TX,33.00775,-102.88877,115000,
TX,33.00767,-102.97444,69000,
TX,33.00275,-102.87597,115000,
TX,32.99533,-102.96094,230000;115000,
TX,32.9306,-103.04859,69000,
TX,32.87382,-103.01429,69000,
TX,32.71863,-102.91484,69000,
TX,32.95494,-102.85604,69000,
TX,32.98789,-102.81842,115000,
TX,32.98101,-102.84683,115000,
TX,32.94361,-102.82053,115000,
TX,33.02282,-102.76659,115000,
TX,32.96347,-102.53361,69000,
TX,32.96453,-102.69018,69000,
TX,33.17431,-103.00365,69000,
TX,33.19584,-102.29099,69000,
TX,33.1805,-102.28306,69000,
TX,33.12365,-102.33656,69000,
TX,32.91577,-102.27916,69000,
TX,32.85671,-102.24484,69000,
TX,32.85658,-102.24569,69000,
TX,32.85857,-102.28021,115000;69000,
TX,32.83908,-102.29538,69000,
TX,32.95821,-102.27899,69000,
TX,32.85655,-102.36538,69000,
TX,33.59029,-99.70531,138000,
TX,32.64376,-97.28459,138000,
TX,33.34139,-102.32651,69000,
TX,33.38402,-102.18532,69000,
TX,33.38439,-102.32734,69000,
TX,33.32527,-102.05003,69000,
TX,33.19524,-102.20563,69000,
TX,32.91201,-102.12241,115000,
TX,32.81001,-102.12676,115000,
TX,33.59113,-102.50253,69000,
TX,33.57178,-102.35194,69000,
TX,33.51031,-102.41099,115000,
TX,33.46556,-102.3492,69000,
TX,33.40755,-102.44545,69000,
TX,33.45821,-102.55983,,
TX,33.4875,-102.48821,69000,
TX,33.44944,-102.61271,69000,
TX,33.44747,-102.52418,69000,
TX,33.40678,-102.46124,69000,
TX,33.75037,-102.32734,69000,
TX,33.73908,-102.33153,69000,
TX,33.70812,-102.33746,69000,
TX,32.88676,-102.91352,,
TX,32.76883,-102.81197,115000,
TX,34.81626,-102.36246,115000,
TX,34.83555,-102.3397,115000,
TX,34.99785,-101.9378,115000,
TX,34.83627,-102.42431,115000,
TX,35.44248,-100.13805,115000,Coburn Creek Substation
TX,34.11724,-99.29527,138000;69000,Southwest Vernon Substation
TX,33.19739,-96.80987,138000,
TX,27.68014,-97.33748,138000,
TX,32.44876,-102.16278,138000,
TX,32.44994,-102.16355,138000,
TX,32.37699,-102.14269,138000,
TX,32.17641,-102.1805,138000,
TX,32.14525,-102.16394,138000,
TX,32.14459,-102.16304,138000,
TX,32.03606,-102.2484,138000,
TX,32.02026,-102.0517,345000;138000;12500,Midland East Substation
TX,32.00826,-102.02516,138000,
TX,32.01167,-102.02618,138000,
TX,31.91467,-101.99847,345000;138000,
TX,31.95325,-102.01432,138000,
TX,31.93974,-102.01127,138000,
TX,29.29711,-98.72069,138000,Shepherd Substation
TX,33.53351,-101.83648,69000,
TX,29.71232,-95.13555,345000,
TX,27.62873,-99.26844,345000,
TX,27.11027,-99.40086,345000,
TX,32.53069,-100.832,138000,
TX,32.52976,-100.832,138000,
TX,31.51982,-101.80339,138000,
TX,31.82513,-102.1186,138000,
TX,31.82443,-102.11854,138000,
TX,31.83329,-102.19124,138000,
TX,31.85668,-102.32354,138000,
TX,30.41604,-97.35708,138000,
TX,30.41481,-97.35633,138000,
TX,30.46947,-97.35278,138000,
TX,30.54542,-97.46318,138000,
TX,31.5115,-97.1809,138000,
TX,31.51018,-97.1821,138000,
TX,31.97372,-97.35806,138000,
TX,32.22698,-97.31537,138000,
TX,32.28341,-97.29191,138000,
TX,32.28647,-97.30196,138000,
TX,32.1533,-97.37386,138000,
TX,30.57962,-96.29123,138000,Graham Road Substation
TX,26.21549,-97.74767,138000,
TX,27.72494,-97.71726,138000,
TX,32.82179,-97.32428,138000,Saginaw Switching Station
TX,32.75701,-97.16183,138000,
TX,32.81891,-97.09651,138000,
TX,32.76136,-97.33453,138000,
TX,33.03909,-97.41103,138000,
TX,32.90927,-97.4694,138000,
TX,32.90823,-97.46789,138000,
TX,32.97166,-96.91725,138000,
TX,30.08072,-96.08327,,
TX,32.80308,-96.82058,138000,
TX,32.78661,-96.81458,138000,
TX,29.8261,-94.88692,138000,
TX,30.35648,-96.05882,,
TX,32.89221,-96.90733,138000,
TX,32.88436,-97.00027,138000,
TX,32.74067,-96.92915,138000,
TX,32.74386,-96.80266,138000,
TX,32.72423,-97.03156,138000,
TX,32.51381,-96.97561,138000,
TX,32.51933,-97.00671,138000,
TX,32.52082,-97.01912,138000,
TX,32.53134,-96.85118,138000,
TX,32.79921,-96.68753,138000,
TX,32.73122,-96.65543,138000,
TX,32.73043,-96.65337,138000,
TX,32.64116,-96.6461,138000,
TX,32.60365,-96.69575,138000,
TX,32.66765,-96.61379,138000,
TX,32.80421,-96.46396,138000,
TX,32.94289,-96.82608,138000,
TX,32.91116,-96.7418,138000,
TX,34.0259,-102.46249,69000,
TX,32.9084,-96.71083,138000,
TX,33.0125,-96.42142,138000,Lavon Substation
TX,33.0175,-96.41938,138000,Wylie Switchyard
TX,33.14185,-96.23605,138000,
TX,32.7935,-95.98692,138000,
TX,32.82882,-96.11282,138000,
TX,33.05817,-96.83101,138000,
TX,32.67791,-96.88316,138000,
TX,29.51861,-98.65788,138000,Tezel Substation
TX,30.96592,-101.5854,345000,
TX,30.95868,-101.59601,345000,
TX,31.74338,-96.88696,345000,
TX,31.72346,-96.8476,345000,
TX,32.47218,-94.64145,138000,
TX,33.64485,-102.66156,69000,
TX,33.71877,-102.74585,69000,
TX,31.11005,-103.2558,,
TX,31.01577,-103.10526,69000,
TX,31.01599,-103.10398,69000,
TX,30.92585,-102.95442,138000,
TX,33.48865,-102.82266,115000,
TX,33.7046,-102.17477,69000,
TX,33.64586,-102.18585,69000,
TX,33.91251,-102.302,69000,
TX,33.92201,-102.32614,69000,
TX,33.88156,-102.15412,69000,
TX,33.57799,-102.07815,69000,
TX,33.5379,-102.16432,69000,
TX,33.99733,-102.15363,69000,
TX,33.84107,-102.05507,69000,
TX,33.84053,-102.05428,69000,
TX,36.43492,-100.65726,,
TX,36.43509,-100.65883,,
TX,34.30498,-102.13416,,
TX,34.26647,-102.13275,,
TX,34.20598,-102.13352,,
TX,34.20203,-102.11117,115000,
TX,34.20295,-101.9001,115000,
TX,34.37324,-101.86877,69000,
TX,34.28034,-101.90069,,
TX,30.00293,-95.15663,138000,
TX,33.87289,-102.7419,69000,
TX,34.02989,-102.738,69000,
TX,34.18226,-102.73302,69000,
TX,33.9274,-102.67504,69000,
TX,33.81792,-102.89882,69000,
TX,34.02709,-102.87485,69000,
TX,33.75832,-102.97467,69000,
TX,33.68052,-102.91146,69000,
TX,34.33027,-102.75654,69000,
TX,34.29106,-102.39208,69000,
TX,34.33999,-102.51726,69000,
TX,34.382,-102.59456,69000,
TX,34.26267,-102.59698,69000,
TX,34.1437,-102.62096,69000,
TX,34.00993,-102.41704,69000,
TX,33.87589,-101.9409,69000,
TX,29.4263,-94.99261,,
TX,29.57051,-95.59852,,
TX,32.98154,-97.30473,,
TX,33.89001,-97.62984,,
TX,33.80949,-98.19818,,
TX,33.83401,-98.26036,,
TX,29.24262,-99.74213,138000,
TX,33.79387,-97.23054,69000,
TX,32.73132,-95.19364,,Holly Lake Substation
TX,30.49281,-99.77065,69000,
TX,33.02535,-94.70443,69000,
TX,30.66878,-96.34677,69000,Rodgers Substation
TX,32.6456,-97.31375,138000,
TX,27.73256,-97.71713,138000,
TX,32.2376,-99.77643,138000,Snodgrass Substation
TX,32.10656,-99.17395,69000,
TX,32.3328,-94.8057,138000,
TX,32.3451,-99.29722,138000/24.9/12.4,Tomato Substation
TX,32.35215,-99.29384,138000,Solanum Station
TX,32.19425,-99.78822,69000,Jim Ned Substation
TX,36.01394,-100.26776,69000,Glazier Substation
TX,32.48275,-99.92667,69000,Capella Station
TX,35.1621,-101.8847,,
TX,30.35199,-97.97936,,The Hills Subtation
TX,33.03657,-97.19092,345000,Oncor Dunham Substation
TX,33.03913,-97.191,,Oncor Dunahm Substation
TX,29.55975,-94.39244,,
TX,36.10014,-100.82049,69000,
TX,32.99326,-95.17322,138000,
TX,32.93837,-94.6932,69000,
TX,32.99088,-94.6344,69000,
TX,32.94239,-94.70312,,
TX,32.98084,-95.10755,,
TX,33.18692,-94.35632,138000;69000,
TX,32.97604,-95.51018,69000,
TX,32.79966,-95.42338,69000,
TX,36.45716,-100.53243,115000,
TX,32.50294,-97.31585,138000,Burleson Substation
TX,35.42327,-100.27256,69000,
TX,33.59709,-98.62862,,
TX,33.76842,-98.665,,
TX,34.14965,-98.94129,69000,
TX,34.02999,-98.94854,69000,
TX,34.03293,-99.01345,69000,
TX,36.06584,-102.50554,115000,
TX,28.45248,-97.98684,69000,
TX,33.22096,-96.78709,138000,
TX,33.50137,-101.96469,115000,
TX,33.50603,-101.97729,115000;69000,
TX,32.99008,-96.75607,,
TX,32.99024,-96.75369,,
TX,35.21453,-101.88352,,
TX,30.12128,-94.63292,,
TX,30.10587,-94.64524,,
TX,31.60234,-96.15919,138000,
TX,32.95803,-97.30218,,
TX,29.27843,-98.57196,345000,Howard Substation
TX,29.27025,-98.4793,138000,
TX,29.27093,-98.45434,138000,
TX,33.03784,-94.71963,69000,
TX,29.5182,-95.31749,138000,
TX,32.46889,-97.27078,138000,
TX,31.92271,-102.17774,138000,
TX,29.33779,-98.32437,138000,
TX,29.61999,-98.33471,138000,
TX,27.57731,-99.27565,138000,
TX,26.66952,-99.0177,345000,
TX,30.09612,-95.50842,,
TX,26.31489,-98.14972,138000,
TX,26.23858,-98.17514,138000,
TX,26.22191,-98.19861,138000,
TX,29.06263,-95.73873,138000,
TX,35.42977,-100.48587,69000,
TX,35.50978,-100.11244,115000;69000,
TX,30.54531,-97.52187,345000;138000,
TX,30.57291,-97.07992,138000,
TX,31.04718,-96.8572,345000,
TX,31.04662,-96.8589,345000,
TX,31.02839,-96.93242,345000,
TX,31.02754,-96.93262,345000,
TX,30.99794,-96.99729,345000,
TX,30.99792,-96.99829,345000,
TX,27.89138,-97.64037,69000,
TX,28.86453,-96.02484,138000,
TX,29.19141,-95.96666,345000,
TX,29.18992,-95.96696,345000,Gulf Star
TX,33.01035,-96.28912,138000,
TX,33.05611,-96.23915,138000,
TX,33.05841,-96.23801,,
TX,33.0352,-96.20066,138000,
TX,33.20681,-96.00191,138000,
TX,33.43485,-95.57411,138000,
TX,32.39261,-97.68577,345000;138000,
TX,28.55625,-99.72166,,
TX,29.37852,-98.9937,138000,
TX,31.04417,-97.71341,138000,
TX,29.72652,-95.17467,138000,
TX,27.66463,-97.36105,138000,
TX,27.8042,-97.57164,138000,
TX,32.50385,-99.78855,138000,
TX,27.83898,-97.49696,138000,
TX,31.78324,-97.51811,,
TX,31.78396,-97.51836,,
TX,27.90356,-97.26777,138000,
TX,27.93481,-97.24801,345000;138000,Naismith Substation
TX,33.05954,-94.41174,,
TX,33.3689,-94.47596,138000,
TX,26.14526,-97.64088,138000,
TX,28.60588,-97.64644,138000,
TX,29.65308,-98.01407,138000,
TX,29.61429,-97.96183,138000,
TX,33.141,-96.66177,138000,
TX,30.72026,-96.05135,,
TX,31.27867,-96.48903,138000,
TX,29.39662,-95.73794,345000,
TX,29.26257,-95.25618,,
TX,29.26316,-95.25796,,
TX,32.98626,-96.74912,,
TX,32.09214,-101.88453,138000,
TX,30.11539,-94.0386,138000,
TX,29.92645,-93.9714,138000,
TX,29.90013,-93.93151,,
TX,32.85667,-100.99251,138000,
TX,31.82946,-104.21298,138000,
TX,31.82739,-104.21301,138000,
TX,31.81052,-104.0813,138000,
TX,31.8121,-104.08076,138000,
TX,31.81206,-104.07613,138000,
TX,30.03234,-96.47912,138000,
TX,31.45427,-96.79068,345000,
TX,32.93517,-96.39275,138000,
TX,32.74514,-98.90605,138000,
TX,32.46951,-98.80868,,
TX,29.67622,-98.68074,138000,Scenic Loop Substation
TX,30.49538,-103.45156,69000,
TX,32.45242,-97.07186,,
TX,33.21008,-97.41606,138000,
TX,29.87402,-95.01858,138000,
TX,31.76848,-103.27212,138000,
TX,31.76995,-103.26934,138000,
TX,31.79384,-103.25608,138000,
TX,31.834,-103.30106,138000,
TX,31.7666,-103.24682,138000,
TX,31.76597,-103.24759,138000,
TX,31.75457,-103.19207,138000,
TX,31.75511,-103.19189,138000,
TX,31.84685,-102.7194,138000,
TX,31.95117,-104.10071,138000,
TX,31.93052,-104.32555,138000,
TX,31.87359,-103.86337,138000,
TX,31.51284,-103.45013,138000,
TX,31.41957,-103.5542,138000,
TX,31.51042,-103.5508,138000,
TX,32.90667,-101.00777,345000,Mhos Substation
TX,32.43319,-102.54848,138000,
TX,31.92321,-102.17891,138000,
TX,31.92417,-102.17557,138000,
TX,31.8522,-101.80146,138000,
TX,31.85323,-101.80091,138000,
TX,31.85746,-101.78102,138000,
TX,31.86711,-101.74231,138000,
TX,31.86786,-101.74216,138000,
TX,31.82856,-101.58517,138000,
TX,32.22265,-101.40607,138000,
TX,32.49955,-101.6754,138000,
TX,32.28559,-101.31292,138000,
TX,32.45405,-97.73092,138000,
TX,32.4757,-97.68686,138000,
TX,32.43826,-97.6827,138000,
TX,32.46306,-97.54593,138000,
TX,32.66301,-97.68589,138000,
TX,32.67275,-97.58551,138000,
TX,31.17655,-101.53991,,Owls Substation
TX,32.61518,-99.65061,69000,Belknap Substation
TX,31.19334,-102.31368,138000,Soda Lake Substation
TX,31.19147,-102.31718,,
TX,32.89817,-97.82262,138000,
TX,33.09937,-97.86534,138000,
TX,33.02469,-97.68625,138000,
TX,32.80678,-98.15532,138000,
TX,32.61852,-98.05534,138000,
TX,32.59702,-98.09076,138000,
TX,32.67309,-97.93016,138000,
TX,32.7424,-97.75667,138000,
TX,32.7423,-97.73539,138000,
TX,32.76126,-97.7074,138000,
TX,32.46024,-97.41654,138000,
TX,32.46136,-97.81079,138000,
TX,32.46003,-97.77659,138000,
TX,32.51326,-97.27566,138000,
TX,32.53529,-97.2582,138000,
TX,32.52088,-97.23741,138000,
TX,31.42888,-103.4987,,Pecos
TX,36.31803,-100.27654,,
TX,36.43342,-100.14931,,
TX,36.49295,-101.46319,,
TX,36.49269,-101.46443,,
TX,36.47268,-102.26835,,
TX,36.38414,-102.89155,69000,
TX,27.81273,-97.44413,,
TX,27.32229,-99.41937,,
TX,31.50509,-106.15987,,Fabens
TX,31.75219,-106.28209,,Diamond Head Substation
TX,31.78949,-106.52465,,Smelter
TX,31.23878,-102.11661,345000,
TX,31.23533,-102.12294,345000,
TX,29.75588,-99.09535,138000,Rio Lago
TX,29.75676,-99.09479,138000,Rio Lago Solar
TX,32.72604,-97.29543,138000,
TX,32.70446,-97.32459,69000,
TX,32.69204,-97.32933,,
TX,32.68792,-97.36276,138000,
TX,32.62982,-97.41688,,
TX,30.90363,-102.92102,,
TX,29.64848,-95.45062,,
TX,29.56374,-95.79913,,
TX,32.07285,-96.22395,138000,
TX,32.0722,-96.22353,138000,
TX,30.05927,-94.10677,,Prairie Substation
TX,29.10947,-96.5314,138000,Ganado Substation
TX,29.10815,-96.53152,138000,Ricebird STEC Switchyard
TX,29.3826,-94.90176,,
TX,29.38241,-94.90049,,
TX,25.9791,-97.38419,138000,
TX,32.59449,-100.95619,,
TX,29.87613,-93.99562,238000,
TX,29.8752,-93.99665,230000,
TX,30.00336,-94.03822,230000,
TX,29.88369,-93.97136,230000,
TX,29.29462,-98.39315,138000,
TX,30.63991,-96.53254,138000,Steele Store Substation
TX,29.78707,-97.05222,138000,
TX,29.0301,-98.57562,,
TX,32.39167,-97.48536,345000;138000;69000,
TX,32.39495,-97.48548,345000,Johnson Switching Station
TX,30.14776,-94.01773,138000,
TX,30.21745,-93.74385,230000,
TX,30.16064,-93.76649,138000,
TX,30.15293,-93.98616,138000,
TX,30.07348,-93.77503,138000,
TX,30.07138,-93.77815,138000,
TX,30.04601,-93.77811,138000,
TX,30.05209,-93.75075,138000,
TX,30.05439,-93.75682,,
TX,30.00324,-93.99294,230000,
TX,31.97232,-103.70014,,
TX,32.18702,-97.06422,345000,
TX,31.95351,-103.42209,,
TX,29.95093,-94.84493,138000,
TX,29.95068,-94.84634,138000,
TX,30.00655,-95.04032,138000,
TX,31.09266,-103.2231,138000,
TX,31.10107,-103.23863,,Lonestar Dream - Tarbush
TX,33.31728,-97.36271,345000,
TX,33.2261,-95.31306,,
TX,27.79026,-97.85053,69000,
TX,31.45784,-103.08456,,
TX,29.98091,-94.90691,138000,
TX,29.9781,-94.73842,138000,
TX,29.90769,-94.62411,138000,
TX,29.90531,-94.58644,138000,
TX,29.96457,-94.66885,138000,
TX,31.89591,-96.87165,138000,
TX,31.89545,-96.8721,138000,
TX,31.19606,-93.73183,138000,
TX,31.45381,-96.78928,345000,
TX,31.45883,-96.82756,345000,
TX,31.46257,-96.85928,138000,
TX,31.46304,-96.85983,138000,
TX,32.26463,-95.06086,138000,
TX,31.73393,-101.79738,138000,
TX,31.78423,-101.91378,138000,
TX,33.84544,-98.52785,138000,
TX,29.06842,-96.26993,345000,
TX,33.63329,-95.72266,345000,
TX,33.6324,-95.7228,345000,
TX,34.40568,-101.57811,345000,
TX,34.40567,-101.57661,345000,Frye Substation
TX,31.93793,-103.67874,,
TX,32.86682,-100.7514,,
TX,29.88103,-95.11202,138000,
TX,29.88163,-95.11261,138000,
TX,33.32323,-97.31403,345000,
TX,36.08155,-101.2824,69000,
TX,36.09812,-101.05575,69000,
TX,36.27381,-100.2776,69000,
TX,36.31839,-100.52801,69000,
TX,36.31915,-100.80214,69000,
TX,36.31749,-100.13187,69000,
TX,36.31689,-100.13175,69000,
TX,36.19021,-100.82013,115000;69000,
TX,36.27472,-100.81187,69000,
TX,35.79749,-100.31393,69000,
TX,35.6925,-100.30808,69000,
TX,33.12925,-96.13315,69000,
TX,33.10725,-96.12104,69000,
TX,33.11957,-96.16462,69000,
TX,32.43933,-97.06274,138000,
TX,32.53869,-96.79517,138000,
TX,32.55156,-96.78413,345000;138000,
TX,31.06855,-98.73331,138000,
TX,31.07053,-98.73446,138000,
TX,28.68784,-96.50921,138000,
TX,29.49189,-95.0334,,
TX,29.49006,-95.03643,,
TX,28.69997,-100.40223,138000,
TX,31.97156,-102.20572,,
TX,31.97234,-102.20581,,
TX,30.04215,-94.07897,,Cardinal Substation
TX,29.93228,-93.87671,,
TX,29.8486,-95.0191,138000,
TX,29.45552,-95.3099,,
TX,29.43482,-95.25006,,
TX,29.43307,-95.25055,138000,
TX,29.39513,-95.04068,,
TX,33.22517,-95.31303,,
TX,33.21057,-97.41975,138000,
TX,33.21088,-97.42037,138000,
TX,33.8974,-101.80893,,
TX,29.28292,-95.29428,,
TX,29.28348,-95.29492,,
TX,32.45342,-97.07381,345000,
TX,31.50807,-100.58943,,
TX,27.81941,-97.53431,138000,
TX,32.90867,-100.98382,345000,
TX,33.34875,-95.20267,138000,
TX,33.35134,-95.17309,138000,
TX,33.22751,-95.3551,138000,
TX,33.13953,-95.49718,138000,
TX,31.13052,-97.36227,138000,
TX,31.13083,-97.36063,138000,
TX,31.13375,-97.36978,138000,
TX,33.51604,-95.3457,138000,
TX,29.99971,-94.91396,,
TX,32.46981,-98.75479,138000,
TX,32.7311,-98.70199,138000,
TX,29.85502,-98.11455,138000,
TX,33.03944,-98.59128,69000,
TX,32.8735,-98.42499,69000,
TX,33.37072,-98.7198,69000,
TX,33.80542,-98.68816,138000,
TX,30.18965,-99.31929,138000,
TX,30.189,-99.31929,138000,
TX,31.59679,-96.96897,345000,
TX,31.59897,-96.96997,345000,
TX,31.70984,-96.18476,138000,
TX,30.2192,-95.86487,345000,
TX,30.22115,-95.86453,345000,
TX,33.48913,-98.69328,69000,
TX,33.59589,-98.21466,69000,
TX,33.60415,-97.9514,69000,
TX,33.63124,-98.00477,69000,
TX,33.56281,-97.8636,69000,
TX,33.50934,-97.95383,138000,
TX,33.76559,-98.37137,138000,
TX,33.46489,-97.89481,138000,
TX,32.43897,-94.84817,,
TX,33.7336,-96.60569,138000,
TX,31.69822,-102.08235,138000,
TX,31.66995,-102.2268,138000,
TX,33.06126,-97.49348,138000,
TX,33.27442,-97.81779,138000,
TX,31.64051,-102.19878,138000,
TX,33.26482,-97.79536,138000,
TX,31.79248,-103.68223,,
TX,33.26121,-97.21012,138000,
TX,31.84064,-103.87966,,
TX,31.93572,-103.77745,,
TX,32.51727,-98.4203,,
TX,31.62323,-103.36099,,
TX,31.64621,-103.32346,,
TX,32.91223,-96.66262,138000,
TX,31.85712,-96.80067,138000,
TX,31.95247,-103.71713,,
TX,32.66927,-96.33123,138000,
TX,32.15263,-96.17909,138000,
TX,32.15233,-96.17976,138000,
TX,33.00569,-96.65977,,
TX,32.52454,-96.59209,,
TX,32.65775,-96.62987,,
TX,32.6576,-96.63017,,
TX,32.40526,-94.39241,,Rosborough Substation
TX,31.77187,-103.90221,,
TX,31.80685,-103.88673,,
TX,32.21301,-96.36819,138000,
TX,31.9267,-95.01213,138000,
TX,31.85735,-104.01889,,
TX,34.48477,-101.9703,,
TX,27.86059,-99.16839,345000,
TX,27.85915,-99.16965,345000,
TX,30.26594,-98.89036,138000,
TX,26.44591,-98.48065,345000,
TX,26.42378,-98.62279,345000,Pronto Substation
TX,26.52327,-99.01739,138000,
TX,27.99947,-97.38861,138000,
TX,27.93234,-97.32037,138000,
TX,27.93223,-97.32081,138000,
TX,29.31189,-100.53162,138000,
TX,31.03674,-102.48818,345000,
TX,31.03189,-102.47018,345000,
TX,32.71737,-101.93696,138000,
TX,32.77811,-101.63228,138000,
TX,32.71891,-101.63285,345000;138000,
TX,32.74269,-101.62192,138000,
TX,32.72187,-101.63827,138000,
TX,33.33318,-100.96018,345000,Nova Prime Substation
TX,33.33175,-100.9713,138000,
TX,33.33185,-100.96851,138000,
TX,33.77494,-100.87854,,Pitchfork Switchyard
TX,33.78124,-100.88314,345000,
TX,33.78115,-100.87701,345000,
TX,29.17124,-95.742,138000,Pythias Substation
TX,29.17275,-95.74113,138000,
TX,31.00533,-97.26338,345000,Chillingham Substation
TX,31.00107,-97.25576,345000,Five Wells Substation
TX,32.98912,-96.08612,138000,
TX,32.98959,-96.08688,138000,
TX,30.29712,-99.2395,138000,
TX,31.91387,-103.99352,,
TX,31.91316,-103.99446,,
TX,31.75165,-103.92448,,
TX,32.21687,-94.84953,138000,
TX,31.7805,-103.9342,,
TX,31.36493,-95.42482,138000,
TX,32.30731,-94.93632,138000,
TX,32.35177,-94.73173,138000,
TX,33.29326,-96.39919,,
TX,32.81986,-96.18326,345000,
TX,33.22764,-96.5711,,
TX,32.23099,-95.8378,138000,
TX,31.89393,-104.15389,,
TX,36.12057,-100.02612,,
TX,33.37233,-98.75043,,
TX,33.1688,-98.378,,
TX,33.14045,-98.12201,,
TX,32.93978,-98.25784,,
TX,29.44315,-94.66381,,
TX,30.95563,-95.37661,,
TX,30.31325,-95.38787,,
TX,29.96783,-95.36953,138000,
TX,29.74068,-95.19169,,
TX,29.7226,-95.2421,,
TX,29.7338,-95.22371,138000,
TX,29.71567,-95.23191,,
TX,29.71012,-95.23322,,
TX,29.04349,-95.35241,,
TX,29.0484,-95.35591,,
TX,29.03816,-95.37178,,
TX,29.03221,-95.37118,,
TX,28.98262,-95.384,,
TX,28.99717,-96.14971,,
TX,28.69176,-96.5504,69000,
TX,28.69207,-96.55048,69000,
TX,29.49517,-97.62495,,
TX,29.53734,-97.9324,13200;2300,
TX,30.43266,-98.7385,69000,
TX,31.70686,-98.12123,,
TX,33.36291,-95.08559,,
TX,32.84742,-95.37675,,
TX,32.76193,-95.59264,69000,
TX,32.43728,-95.36258,138000,
TX,32.92253,-94.71741,,
TX,32.69266,-94.7476,,
TX,32.5978,-94.66605,138000,
TX,32.68513,-94.57976,,
TX,32.66915,-94.33804,,
TX,32.70038,-94.25707,,
TX,32.78397,-94.23299,,
TX,32.80655,-94.11901,,
TX,33.07807,-94.12327,,
TX,33.33608,-94.0837,138000,
TX,33.45019,-94.23019,,AEP SWEPCO Lone Star Shell Ordnance Substation
TX,33.2232,-94.49099,138000,
TX,33.14434,-95.22957,,
TX,33.28914,-95.69248,,
TX,33.43508,-96.3411,,
TX,33.77334,-97.06467,,
TX,33.06836,-96.9637,,
TX,33.01963,-96.962,,
TX,32.73326,-96.83954,,
TX,32.42846,-97.0529,,
TX,32.15662,-97.15495,69000,
TX,32.72957,-97.21995,138000,
TX,32.73654,-96.97961,,
TX,32.77453,-96.92874,138000,
TX,32.81404,-96.88152,138000,
TX,32.83599,-96.83687,,
TX,32.92692,-96.74672,,
TX,32.92357,-96.69113,,
TX,32.8353,-96.68865,138000,East Zacha Substation
TX,32.73952,-96.60132,138000,
TX,32.76767,-96.54937,138000,
TX,32.76936,-96.54918,,
TX,32.77143,-96.55081,138000,
TX,32.80588,-96.5277,,
TX,32.79172,-96.51849,,
TX,32.72943,-96.32444,138000,
TX,32.77213,-96.32309,138000,
TX,32.47252,-96.03057,138000,
TX,32.14966,-96.12329,138000,
TX,31.74595,-96.63715,69000,
TX,31.5325,-96.1853,138000,
TX,31.63341,-96.26202,,
TX,31.68143,-96.23952,138000,
TX,31.77437,-96.18008,138000,
TX,31.79508,-95.16124,,
TX,31.94775,-95.27045,,
TX,32.1925,-95.04336,,
TX,32.30731,-94.93633,,
TX,32.48114,-94.85254,,
TX,32.48379,-94.83016,,
TX,32.35176,-94.73173,,
TX,32.21127,-94.73869,138000,
TX,32.00652,-94.80886,,
TX,30.41881,-93.95018,138000,
TX,30.27678,-93.77971,,
TX,30.22657,-93.73848,,
TX,30.16262,-93.84069,,
TX,30.11509,-93.80539,,
TX,30.07304,-93.7703,,
TX,30.05225,-93.76288,,
TX,30.04524,-93.77163,,
TX,30.04707,-93.77426,,
TX,30.05028,-93.78605,,
TX,30.03356,-93.8381,,
TX,30.07829,-93.88813,138000,
TX,29.98908,-94.2006,,
TX,29.97286,-94.21537,,
TX,29.8504,-94.09547,138000,
TX,29.89653,-93.97305,,
TX,29.88482,-93.9505,,
TX,29.88526,-93.9575,,
TX,29.89168,-93.95773,,
TX,29.89742,-93.94802,,
TX,29.96613,-93.93268,,
TX,29.9663,-93.94018,,
TX,29.97859,-93.94755,,
TX,29.97651,-94.05692,,
TX,30.00393,-94.02442,,
TX,30.01451,-94.02961,,
TX,30.02286,-94.07409,,
TX,30.06139,-94.06207,,
TX,30.0699,-94.06391,,
TX,30.06671,-94.07636,,
TX,30.08878,-94.09478,,
TX,30.09671,-94.09855,,
TX,30.19328,-94.18886,,
TX,30.33957,-94.18051,,
TX,30.36837,-94.1742,,
TX,30.74076,-94.4334,,
TX,30.33349,-94.41016,,
TX,30.28447,-94.53079,,
TX,30.17098,-94.71902,,
TX,29.90789,-94.67969,138000,
TX,29.86696,-94.92876,138000,
TX,29.84587,-94.92458,138000,
TX,29.86064,-94.91626,138000,
TX,29.84821,-94.9103,138000,
TX,29.74344,-95.00413,,
TX,29.7345,-95.00476,,
TX,29.69341,-95.03559,138000,
TX,29.70405,-95.05661,138000,
TX,29.70448,-95.05707,138000,
TX,29.72306,-95.05931,138000,
TX,29.72924,-95.09252,138000,
TX,29.73182,-95.10197,138000,
TX,29.7333,-95.09786,138000,
TX,29.79529,-95.2803,,
TX,29.74331,-95.3099,,
TX,31.07409,-96.98044,,
TX,32.3691,-97.69169,138000,
TX,32.4226,-97.71619,138000,
TX,33.38386,-97.67336,138000,
TX,33.86295,-97.95431,,
TX,33.95832,-98.17373,,
TX,33.9148,-98.43841,,
TX,33.95391,-98.68599,,
TX,33.86067,-98.88427,,
TX,33.90306,-98.98044,,
TX,34.02753,-98.91817,,
TX,31.35564,-103.33193,,
TX,31.76271,-103.17525,,
TX,31.61441,-102.9405,,
TX,31.32567,-102.56294,,
TX,32.2806,-101.18932,,
TX,32.72851,-101.02357,,
TX,34.64289,-102.89679,,
TX,34.52708,-102.72751,,
TX,34.52871,-102.55661,,
TX,33.80616,-102.16474,,
TX,33.81008,-102.02683,,
TX,33.99199,-101.95832,,
TX,34.63094,-101.88418,,
TX,34.25696,-101.57339,,
TX,34.24962,-101.67384,,
TX,34.24918,-101.70202,,
TX,34.06442,-101.73164,69000,
TX,34.12018,-101.45365,,
TX,34.11446,-101.43743,,
TX,33.78541,-101.10233,,
TX,33.63146,-101.2556,,
TX,33.53533,-101.51395,,
TX,32.22043,-101.78001,,
TX,32.17831,-101.96244,,
TX,32.68372,-103.01403,,
TX,32.82752,-102.48557,,
TX,32.71189,-102.46836,,
TX,32.61147,-102.64171,,
TX,33.03604,-102.89502,,
TX,32.98732,-102.77084,,
TX,33.14807,-102.30682,,
TX,33.40752,-102.44876,,
TX,33.64138,-102.54393,,
TX,33.59454,-102.61338,,
TX,33.74832,-102.81937,,
TX,33.72585,-102.75652,,
TX,33.9879,-102.53662,,
TX,34.02661,-102.32638,,
TX,34.11606,-102.13707,115000,
TX,34.15944,-101.95311,,
TX,34.24601,-102.02266,,
TX,34.37947,-102.28684,,
TX,34.54189,-102.31944,,
TX,34.54933,-102.30349,,
TX,34.64513,-102.31927,,
TX,34.74877,-102.37131,,
TX,35.86721,-101.97096,,Dumas North
TX,35.56985,-102.29593,,
TX,35.10008,-102.40008,,
TX,34.92538,-102.54598,,
TX,34.7708,-102.54085,,
TX,34.8376,-102.45875,,
TX,34.84662,-102.33438,,
TX,34.93781,-102.33278,,
TX,34.92757,-102.25749,,
TX,35.1714,-101.81283,,
TX,35.25656,-100.9255,115000,
TX,35.51905,-100.96251,69000,
TX,36.2006,-101.12817,,
TX,32.32633,-95.25434,138000,
TX,31.88005,-95.90552,138000,
TX,31.88001,-95.90504,138000,
TX,31.88607,-95.92244,138000,
TX,32.28299,-96.17428,138000,
TX,32.28331,-96.17392,138000,
TX,30.49788,-100.58541,69000,Sutton Pump Substation
TX,30.56582,-100.6575,138000;69000,Tinsley Substation
TX,32.86932,-97.06384,,
TX,31.66302,-94.84382,138000,
TX,32.32479,-94.49432,138000,
TX,32.54277,-94.25258,138000,
TX,31.78041,-103.28044,,
TX,31.77076,-103.27543,,
TX,32.08209,-94.46952,138000,
TX,31.69556,-106.27933,,New Gateway Substation
TX,31.34566,-103.61308,,
TX,31.50945,-103.61572,,
TX,30.18836,-99.3105,,
TX,31.99786,-95.27758,,North Jacksonville Substation
TX,29.54795,-97.99956,,
TX,31.51013,-103.51683,,
TX,31.50142,-103.52784,,
TX,31.53806,-97.14834,,
TX,31.83273,-94.50323,138000,
TX,31.54608,-103.83041,,
TX,33.29796,-96.75437,138000,
TX,31.51601,-103.27745,,
TX,31.51639,-103.27807,,
TX,31.51571,-103.27942,,
TX,31.53946,-103.18468,,
TX,31.53888,-103.18322,,
TX,30.46099,-93.94839,138000,
TX,30.83526,-94.53611,138000,
TX,31.33434,-103.49846,,
TX,31.33305,-103.49839,,
TX,31.33138,-103.49759,,
TX,30.83455,-93.76444,138000,
TX,30.82549,-93.75675,138000,
TX,30.82529,-93.75723,138000,
TX,30.07137,-93.97487,138000,
TX,29.97726,-93.95168,138000,
TX,30.64281,-94.79016,,
TX,30.00758,-95.0402,138000,
TX,29.86063,-94.91216,138000,
TX,29.82995,-94.89979,138000,
TX,29.84588,-94.92821,138000,
TX,29.84454,-94.91388,138000,
TX,29.86802,-94.93,138000,
TX,29.86635,-94.93762,138000,
TX,29.87164,-94.93069,138000,
TX,29.87858,-94.91346,138000,
TX,33.10157,-95.40659,,
TX,35.01438,-101.31104,345000,
TX,32.54257,-96.79036,138000,
TX,32.53591,-96.79533,138000,
TX,33.13591,-99.57843,345000,
TX,33.13654,-99.57542,345000,
TX,33.22152,-99.58237,345000,
TX,33.22138,-99.58532,345000,
TX,29.71992,-95.11059,138000,
TX,32.66686,-95.18663,,
TX,32.83315,-95.07613,,
TX,32.72684,-95.14026,,Little Mound Substation
TX,29.78165,-94.98193,138000,
TX,29.8191,-95.10911,138000,
TX,29.82279,-95.107,138000,
TX,29.83013,-95.1166,138000,
TX,29.79651,-95.28554,,
TX,31.36375,-103.36533,,
TX,31.36396,-103.36584,,
TX,29.75593,-95.01526,138000,
TX,29.72149,-95.05447,138000,
TX,32.74191,-95.28562,69000,V. B. Shaw Substation
TX,32.97743,-96.64864,138000,
TX,31.23769,-103.15817,,
TX,31.3734,-103.28326,,
TX,31.40585,-97.38896,,
TX,31.27551,-103.12681,,
TX,31.28994,-103.11728,,
TX,31.29071,-103.11875,,
TX,31.27593,-103.11061,,
TX,30.22545,-94.82243,,
TX,29.62767,-95.06869,138000,
TX,29.93652,-95.28694,138000,
TX,29.42053,-98.78953,138000,
TX,31.35734,-103.3342,,
TX,29.72195,-95.12466,138000,
TX,29.7459,-96.15593,138000,
TX,29.73831,-95.90298,138000,
TX,29.37709,-94.91273,,
TX,33.35014,-97.46525,138000,
TX,33.29437,-96.80112,138000,
TX,33.47692,-96.64282,,
TX,33.56563,-96.61179,138000,
TX,33.59936,-96.62063,138000,
TX,33.57538,-96.60725,138000,
TX,33.55356,-96.61467,138000,
TX,33.55404,-96.61333,138000,
TX,31.38985,-103.04497,,
TX,32.52326,-99.82089,345000,
TX,32.50409,-99.78533,345000,
TX,31.6765,-102.3649,69000,
TX,31.67128,-102.22051,138000,
TX,31.67522,-101.98083,138000,
TX,31.69836,-101.9756,138000,
TX,31.6997,-101.97016,138000,
TX,31.35221,-101.81635,138000,
TX,31.47274,-101.85416,138000,
TX,31.47504,-101.83968,138000,
TX,32.80917,-95.48461,69000,
TX,31.26047,-102.94157,,
TX,31.06168,-102.94439,,
TX,31.05998,-102.94484,,
TX,31.13155,-97.36617,138000,
TX,26.11512,-97.8116,138000,
TX,28.7001,-100.40064,138000,
TX,27.825,-97.60507,138000,
TX,27.81539,-97.59625,138000,
TX,29.78743,-97.05352,138000,
TX,29.87575,-97.80829,345000,
TX,29.87616,-97.8078,345000,
TX,29.87444,-97.80631,345000,
TX,29.87504,-97.80551,345000,
TX,29.87343,-97.80517,345000,
TX,30.4603,-97.97712,,
TX,31.43144,-96.65785,345000,
TX,31.43087,-96.65668,345000,
TX,30.58279,-97.09603,,
TX,30.64503,-96.48811,138000,
TX,30.65826,-96.48413,138000,
TX,30.64226,-96.40104,138000,
TX,31.53173,-96.18459,138000,
TX,30.88238,-96.62585,138000,
TX,30.88282,-96.62606,138000,
TX,32.05543,-97.57,,
TX,31.80246,-96.11602,138000,
TX,31.8208,-96.05969,138000,
TX,31.81311,-96.13863,138000,
TX,31.87649,-95.73102,138000,
TX,32.12784,-96.10266,,
TX,33.22868,-97.76975,138000,
TX,33.2291,-97.76997,138000,
TX,32.56303,-97.2408,138000,
TX,32.49772,-97.35517,138000,
TX,32.56341,-97.41355,138000,
TX,32.56925,-97.56596,138000,
TX,35.69123,-101.9287,,
TX,31.11284,-103.66585,,
TX,31.38564,-103.66403,,
TX,32.1006,-96.71911,,Blooming Grove Substation
TX,33.10056,-95.40687,,
TX,34.34709,-100.05985,,
TX,33.45995,-97.29236,,
TX,31.89815,-97.01527,,
TX,31.07624,-102.36287,,
TX,33.27415,-96.42001,,
TX,29.18236,-95.99874,,
TX,29.49935,-95.08326,,
TX,29.45391,-95.3079,,
TX,27.45649,-99.41701,,
TX,29.88699,-95.01968,,
TX,29.88679,-95.02098,,
TX,26.20707,-97.66247,,
TX,29.48163,-95.62116,,
TX,29.48417,-95.62034,,
TX,33.08522,-95.62004,,
TX,33.61023,-96.37108,,
TX,31.10261,-96.66569,,
TX,31.104,-96.66644,,
TX,30.91794,-102.85153,,
TX,31.70162,-102.52705,,
TX,31.70059,-102.52673,,
TX,32.42877,-99.15904,,
TX,32.40795,-99.14982,,
TX,28.42489,-97.45452,,
TX,28.42674,-97.45354,,
TX,32.909,-96.57512,,
TX,30.08126,-95.24226,,
OH,41.3976,-82.59417,,BGSU Substation
OH,39.29626,-84.56528,,
OH,41.14475,-80.56865,,
OH,39.32455,-83.35331,,Ross County Solar Substation
OH,41.58637,-81.52628,,
OH,39.64118,-84.17197,,
OH,41.46921,-81.63908,,
OH,41.62704,-81.44463,,
OH,41.61024,-81.47925,,
OH,41.58918,-81.45872,,
OH,40.88401,-84.59504,69000,
OH,40.77185,-84.64586,69000,
OH,40.18328,-83.55004,69000,
OH,41.41553,-83.80678,69000,
OH,39.33689,-84.27217,138000,
OH,39.32751,-84.44931,345000;138000,Port Union Substation
OH,39.2439,-84.43728,138000,
OH,39.27531,-84.3257,138000,
OH,39.30602,-84.2494,345000;138000,Foster Substation
OH,39.27159,-84.2745,,
OH,39.22766,-84.31998,138000,
OH,39.70862,-84.00154,345000;138000,Greene Substation
OH,38.63938,-83.69252,345000,Stuart Substation
OH,39.25125,-84.29798,,
OH,39.20487,-84.47774,345000;138000,
OH,39.15288,-84.40521,345000;138000,
OH,39.11794,-84.36642,138000,Newtown Substation
OH,39.18097,-84.26963,138000,
OH,38.99065,-84.29075,345000;138000,Pierce Substation
OH,39.0437,-82.6092,138000;69000,Lick Substation
OH,39.11253,-84.80722,,
OH,39.28751,-84.67918,,
OH,39.72519,-84.0609,138000,Knollwood Substation
OH,39.75094,-84.13837,138000;69000,Overlook Substation
OH,39.29387,-84.46438,,
OH,39.41199,-84.55357,,
OH,39.41067,-84.55523,,
OH,39.29271,-84.4616,,
OH,39.40354,-84.2277,138000,
OH,40.06165,-83.19337,345000;138000,Hayden Substation
OH,39.88765,-82.56887,345000;138000,West Millersport Substation
OH,40.18157,-83.01145,765000;138000,Maliszewski Substation
OH,40.33273,-83.43047,765000;345000,Marysville Substation
OH,39.45493,-84.37647,345000;138000,Todhunter Substation
OH,39.16491,-84.5105,,
OH,39.12413,-84.53654,,
OH,39.30594,-84.28086,138000,
OH,39.72806,-84.21104,69000,Tait CT Substation
OH,39.30917,-84.30474,,
OH,39.87139,-82.90016,345000;138000,Bixby Substation
OH,39.02236,-83.00939,765000;345000,Don Marquis Substation
OH,39.39745,-83.85468,345000;69000,Clinton Substation
OH,39.76668,-83.97853,345000;138000;69000,Bath Substation
OH,39.70448,-83.9825,138000;69000,Trebein Substation
OH,39.94176,-84.16976,345000;138000;69000,Miami Substation
OH,39.90069,-84.18958,69000,Vanldalia Substation
OH,39.80025,-82.98944,138000;69000,Harrison Substation
OH,40.50878,-83.06892,138000;69000;13090,North Waldo Substation
OH,39.11018,-84.54527,,
OH,39.20533,-84.77384,,
OH,39.97626,-82.76792,138000,Taylor Substation
OH,39.95403,-83.00373,138000;13800,Canal Street Substation
OH,40.67747,-84.18311,345000;138000,Southwest Lima Substation
OH,40.69409,-84.15207,138000;69000;34500;13090,Shawnee Road Substation
OH,40.80061,-84.02924,345000;138000;69000,East Lima Substation
OH,41.47532,-83.91855,345000;138000;69000,Midway Substation
OH,41.71554,-83.51524,138000,Dixie Substation
OH,39.13249,-84.4815,,
OH,39.10642,-84.52022,,Duke Energy Charles Substation
OH,40.12408,-82.84502,345000;138000,Corridor Substation
OH,40.06119,-82.90714,138000,Morse Road Substation
OH,39.30824,-84.48625,,
OH,39.33265,-84.5175,,
OH,39.07078,-84.42469,,
OH,39.515,-84.66708,138000;69000,Collinsville Substation
OH,39.1344,-84.51025,,
OH,39.1659,-84.47149,,
OH,39.19532,-84.4535,138000,
OH,39.11767,-84.29026,138000,
OH,39.17619,-84.50688,,
OH,39.17596,-84.50833,,
OH,39.18157,-84.50418,,
OH,39.20057,-84.50732,,
OH,39.07067,-84.30071,138000,
OH,39.12629,-84.60073,,
OH,39.21086,-84.58296,,
OH,39.28036,-84.49462,,
OH,39.28461,-84.44353,,
OH,39.35005,-84.53909,,
OH,39.35187,-84.51879,,
OH,39.34999,-84.49049,,
OH,39.25762,-84.46359,,
OH,39.28537,-84.43542,,
OH,39.15417,-84.54151,,
OH,41.39619,-81.85574,138000,IX Center Substation
OH,39.072,-84.35757,,
OH,40.25323,-80.65066,345000,Tidd Substation
OH,40.77325,-81.32915,345000;138000,Canton Central Substation
OH,39.16416,-84.4496,,
OH,39.63035,-84.21664,,
OH,39.81458,-84.17593,138000,Northridge Substation
OH,39.84132,-84.18273,138000,
OH,39.48213,-84.35134,,
OH,39.48164,-84.37116,138000,
OH,39.29333,-84.48469,,
OH,39.15705,-84.42217,138000,
OH,39.03466,-84.19711,,
OH,39.06269,-84.25351,,
OH,39.05522,-84.25665,,
OH,39.31827,-84.35051,,
OH,39.37457,-84.57047,,
OH,39.44972,-84.34161,,
OH,39.68007,-84.14014,138000,
OH,39.77902,-84.04872,138000;69000,
OH,39.78995,-84.05731,69000,
OH,39.79305,-84.17843,138000,
OH,39.79189,-84.18038,69000,Webster Substation
OH,39.81776,-84.00781,69000,Southwest Substation
OH,39.20838,-84.39174,,
OH,40.02555,-83.16109,69000;13090,Hillard Substation
OH,39.14891,-84.62741,,
OH,39.12204,-84.65395,,
OH,39.14839,-84.38917,,
OH,41.42777,-82.26212,345000;138000,Beaver Substation
OH,39.1906,-84.56283,,
OH,39.70056,-84.22733,,
OH,39.70603,-84.21929,,
OH,39.19177,-84.6003,,
OH,39.17835,-84.60196,138000,Kleeman Substation
OH,39.40029,-84.40295,,
OH,41.40824,-81.78478,138000,Hummel Substation
OH,41.6271,-81.44766,138000,
OH,41.53959,-81.44702,138000,Lark Substation
OH,39.93711,-84.33225,345000;138000;69000,West Milton Substation
OH,39.60804,-84.29119,138000;69000,O. H. Hutchings Station
OH,39.31216,-84.55993,138000,
OH,39.30834,-84.53169,138000,
OH,39.35546,-84.54151,,
OH,39.36585,-84.54724,,
OH,39.34461,-84.61942,,
OH,38.87319,-83.93629,138000,
OH,39.04447,-84.01937,138000,
OH,40.21527,-83.08938,345000,Hyatt Substation
OH,40.21127,-83.09229,345000;138000,Hyatt Substation
OH,40.27126,-83.08199,138000;69000;40000;34500;13800;13090,Delaware Substation
OH,40.25925,-83.08709,345000;138000;69000,Tangy Substation
OH,39.60039,-84.09563,345000;138000;69000,Sugar Creek Substation
OH,41.36149,-81.57142,345000;138000,Juniper Substation
OH,41.30469,-81.73026,138000,Galaxie Substation
OH,41.35334,-81.83437,138000,Fowles Substation
OH,41.01112,-81.69781,345000;138000,Star Substation
OH,41.01233,-81.69928,138000;69000,Star Substation
OH,41.15799,-81.737,138000;12470,Granger Substation
OH,41.44041,-81.65551,138000,Grant Substation
OH,41.43167,-81.65995,345000;138000,Harding Substation
OH,41.46536,-81.68276,138000,
OH,41.46609,-81.68548,138000,Jennings Substation
OH,41.47489,-81.66927,138000,
OH,41.46856,-81.68457,138000,Clark Substation
OH,41.36601,-81.6494,138000,Imperial/Pleasant Valley Substation
OH,41.41363,-81.6523,,
OH,41.39405,-81.59844,138000,Irwin Substation
OH,39.54977,-84.2323,,
OH,39.55921,-84.26581,,
OH,41.36237,-81.52436,138000,Northfield Substation
OH,41.3657,-81.46765,138000,Longfield Substation
OH,41.35354,-81.8569,138000,Dunkirk Substation
OH,41.42377,-81.75602,345000;138000,Fox Substation
OH,41.37257,-81.81675,138000,Elden Substation
OH,41.42615,-81.76911,138000,Plain Dealer Brooklyn Substation
OH,41.45503,-81.74828,138000,Clinton/Graham/Grovewood Substation
OH,41.39006,-81.8411,138000,Eaton Substation
OH,41.41187,-81.82629,138000,Ford Brookpark Substation
OH,41.39364,-81.96417,,
OH,41.47817,-82.05056,138000,
OH,41.43937,-82.05056,138000,
OH,41.50345,-82.05129,138000,
OH,41.50199,-82.05441,345000,Avon Lake Substation
OH,41.47835,-81.62612,345000;138000,Inland Substation
OH,41.30969,-81.64768,138000,Hickory Substation
OH,41.44592,-81.70107,138000,Garfield Substation
OH,41.38658,-81.40251,,Maxwell Substation
OH,41.43042,-81.35477,,Norway Substation
OH,39.80356,-84.17231,138000,
OH,40.28844,-84.08618,345000;138000,Shelby Substation
OH,41.35232,-81.75816,138000,Faber Substation
OH,40.25498,-80.64683,138000;69000,
OH,40.02236,-80.8063,345000;138000;69000,West Bellaire Substation
OH,40.16571,-80.70524,138000;69000;13090,Tiltonsville Substation
OH,41.05916,-81.46009,138000;23000,East Akron Substation
OH,41.11968,-81.22705,345000;138000,Hanna Substation
OH,41.17757,-80.82437,345000;138000,Highland Substation
OH,41.14125,-81.30443,138000;69000;13200,West Ravenna Substation
OH,41.21013,-81.43394,138000;69000;12470,Darrow/Terex Substation
OH,40.74292,-81.33767,345000,Faircrest Substation
OH,40.79897,-81.32531,138000;69000;23000,Wagenhals Substation
OH,40.80139,-81.3362,138000,Republic Steel Substation
OH,40.76316,-81.41314,138000;69000;23000,Torrey Substation
OH,40.77313,-81.4043,23000,
OH,40.78018,-81.35645,138000;69000;23000,Sunnyside Substation
OH,40.77086,-81.4383,138000,Negley Substation
OH,40.81702,-81.39586,69000;4360,Timken Mercy Substation
OH,40.78693,-81.42569,69000,Bliss Park Substation
OH,40.78653,-81.43591,138000;69000,Reedurban Substation
OH,40.78404,-81.39431,69000;4360,Dueber Avenue Substation
OH,40.63498,-81.45993,138000,Bolivar Substation
OH,40.85144,-81.33623,69000;138000,Northeast Canton Substation
OH,40.83592,-81.89713,138000;23000;12470,Ross Substation
OH,41.72194,-83.77941,345000;138000,Allen Junction Substation
OH,40.87179,-82.29217,138000;69000,
OH,40.8508,-82.68132,138000;69000;13090,Howard Substation
OH,40.69724,-82.55949,138000,
OH,41.52283,-81.32967,138000,Mayfield/Nelson Substation
OH,41.13916,-83.46083,345000;138000,Fostoria Central Substation
OH,41.15133,-83.43423,138000;69000,Fostoria Substation
OH,41.56318,-83.21961,138000;69000,Toussaint Substation
OH,41.47487,-83.45138,345000;138000,Lemoyne Substation
OH,41.79948,-81.14745,345000,Perry Switching Station
OH,41.75068,-81.2261,138000,Nursery/Queen Substation
OH,41.72998,-81.26212,138000,
OH,41.90689,-80.76811,345000;138000,Ashtabula Substation
OH,41.90734,-80.77069,,
OH,41.647,-81.24011,,
OH,41.68794,-81.1414,345000;318000,Leroy Center Substation
OH,41.5881,-81.21127,,
OH,41.59669,-81.34297,138000,Newport Substation
OH,41.67217,-81.43995,345000;138000,Eastlake Substation
OH,41.65131,-81.40831,138000,Marble Substation
OH,41.65488,-81.38357,,
OH,41.68729,-81.32545,,
OH,41.613,-81.4775,138000,Lloyd Substation
OH,41.56867,-81.5419,138000,Judi Substation
OH,41.54183,-81.57284,138000,Jordan Substation
OH,41.589,-81.50974,138000,Kipling Substation
OH,41.62653,-81.44985,138000,
OH,39.06811,-84.11395,138000,
OH,41.64509,-83.45842,138000,
OH,41.59012,-83.44973,138000,Frey Substation
OH,41.69092,-83.43535,345000;138000,Bay Shore Substation
OH,41.67314,-83.47158,138000;69000,Ironville Substation
OH,41.66594,-83.45944,,
OH,41.63723,-83.33298,138000,Decant Substation
OH,41.71666,-81.05008,138000,Spruce Substation
OH,41.8226,-80.82062,138000,
OH,39.09319,-84.36701,,
OH,41.70598,-83.58412,138000,Jackman Substation
OH,41.70716,-83.5457,138000;69000,Dixie Substation
OH,39.28514,-84.6773,,
OH,39.23274,-84.55851,,
OH,41.44283,-81.65686,,
OH,41.4761,-81.62225,138000,Ivy Substation
OH,41.46416,-81.63197,138000,Newburgh Substation
OH,39.23466,-84.51285,,
OH,39.56008,-83.17629,345000;69000,Atlanta Substation
OH,41.14568,-81.63138,138000;69000;12470,West Akron Substation
OH,41.11573,-81.52712,138000,Babb Substation
OH,41.0281,-81.51609,138000;23000;4160,South Akron Substation
OH,41.13455,-81.85906,69000;12470;4160,Medina Substation
OH,39.32292,-84.41195,,
OH,41.02601,-81.99625,69000,Lodi East Substation
OH,41.04764,-81.59904,138000,TUSC Substation
OH,41.11799,-81.62893,138000,Rosemont Substation
OH,41.10843,-81.58219,138000;12470,Pine Substation
OH,41.0174,-81.61503,23000,Barberton Substation
OH,41.01134,-81.61331,138000;23000,B&W Substation
OH,41.01728,-81.61578,138000,Barberton Substation
OH,39.0839,-84.26907,,
OH,41.59491,-83.4946,138000,Maclean Substation
OH,41.65169,-83.50743,69000,
OH,41.62182,-83.49652,138000;69000,Oakdale Substation
OH,41.59403,-83.66918,138000,
OH,41.5665,-83.69369,138000,
OH,41.71446,-83.7041,138000,Sylvania Substation
OH,41.67736,-83.6762,138000,Reynolds Substation
OH,41.67704,-83.6051,138000,Bellevue Substation
OH,41.60139,-83.61187,69000,Gould Substation
OH,41.59367,-83.52745,69000,Tracy Substation
OH,41.57739,-83.59795,69000,Ford Road Substation
OH,41.56336,-83.66469,69000,Maumee Substation
OH,41.52073,-83.79379,69000,Whitehouse Substation
OH,41.54599,-83.72332,69000,
OH,41.52288,-83.71992,138000,Waterville Substation
OH,41.62568,-83.66372,138000,Angola Substation
OH,39.17239,-84.27638,,
OH,39.8921,-84.13845,69000,Phoneton Substation
OH,39.76434,-84.27081,138000;69000,Crown Substation
OH,39.34578,-84.23683,138000,
OH,39.43958,-84.29297,138000,
OH,39.43752,-84.43225,,
OH,39.44387,-84.36165,,
OH,39.37676,-84.28348,138000,
OH,39.33485,-84.46533,,
OH,39.24565,-84.60522,,
OH,40.6393,-80.52464,138000;69000,East Liverpool Substation
OH,39.49838,-84.33743,,
OH,39.67128,-84.05657,138000;69000,
OH,39.63862,-84.08599,138000,
OH,39.67329,-84.08136,,
OH,41.51371,-82.91484,138000,Lakeview Substation
OH,40.70493,-84.07934,138000,
OH,40.74318,-84.08101,138000;34500,East Side Lima Substation
OH,40.70769,-84.12942,138000,Ordnance Junction Substation
OH,40.78036,-84.08284,138000,Ford Lima Substation
OH,40.74526,-84.01286,138000,Thayer Road Substation
OH,40.77112,-84.15,138000;13090,Northwest Lima Substation
OH,40.89618,-84.30934,138000;69000,North Delphos Substation
OH,40.72709,-84.14166,138000;13090,Woodlawn Substation
OH,40.74965,-84.16052,138000;13090,Eastown Road Substation
OH,40.7625,-84.08746,138000;69000;34500;13090,Rockhill Substation
OH,40.87567,-84.01634,138000,Campbell Road Switching Station
OH,41.01625,-84.59329,138000;69000,Haviland Substation
OH,40.92852,-84.73919,345000,R.P. Mone Substation
OH,40.87571,-84.01328,138000,Saint Marys Substation
OH,39.92239,-82.97151,138000;40000,Marion Substation
OH,39.88963,-82.56566,138000;69000,Millersport Substation
OH,39.96503,-82.50684,138000;69000;34500,West Hebron Substation
OH,39.82664,-82.59386,138000;69000,South Baltimore Substation
OH,40.03624,-82.47065,138000;69000;34500,Heath Substation
OH,39.99129,-82.64814,345000;138000;69000,Kirk Substation
OH,39.97892,-82.83948,138000,East Broad Street Substation
OH,39.98837,-82.83136,138000,Lucent Substation
OH,40.91254,-83.88091,138000;69000;34500,North Woodcock Substation
OH,41.08896,-83.64229,138000;34500,North Findlay Substation
OH,41.06656,-83.69663,138000;34500,New Liberty Substation
OH,41.4491,-83.38448,138000,Woodville Substation
OH,39.30439,-84.33367,,
OH,39.02262,-82.81971,138000,
OH,39.13016,-83.00125,138000,Waverly Substation
OH,39.32169,-84.22142,138000,
OH,39.40524,-84.22139,,
OH,40.69161,-84.68983,69000;34500;12000,Rockford Substation
OH,38.57079,-82.77684,138000,
OH,38.56931,-82.77464,765000,Hanging Rock Substation
OH,40.05553,-82.39534,69000;4360,Newark Substation
OH,39.75922,-84.6402,69000;33000,Garage Road Substation
OH,39.66192,-83.96489,69000,Glady Run Substation
OH,39.92427,-83.79898,69000,
OH,39.93839,-83.75749,69000,
OH,39.94522,-83.80353,69000,
OH,40.07076,-83.78833,138000,Urbana Substation
OH,41.20425,-81.46141,69000,Seasons Road Substation
OH,39.71121,-84.12504,,
OH,39.81598,-84.02094,69000,Fairborn Substation
OH,40.01179,-83.76966,138000;69000,Broadview Substation
OH,40.13202,-84.23658,69000,Substation #4
OH,40.29461,-84.20709,69000,Kuther Road Substation
OH,40.26441,-84.18994,138000,Millcreek Substation
OH,40.08299,-84.23721,138000;69000,Eldean Substation
OH,40.27986,-84.19236,138000;69000,Sidney Substation
OH,40.31567,-84.15117,69000,Cisco Substation
OH,39.81217,-84.24801,69000,
OH,40.14243,-84.26843,69000,Substation #3
OH,40.16674,-84.22258,69000,
OH,40.16566,-84.21182,138000,Springcreek Substation
OH,40.04204,-84.19845,69000,Troy Substation
OH,40.02406,-84.21951,69000,Peters Road Substation
OH,39.44886,-83.81959,69000,Columbus Street Substation
OH,39.32627,-84.73979,,
OH,39.36745,-84.3509,,
OH,39.4267,-84.32141,138000,
OH,40.36368,-80.78786,138000;13090,Broadacre Substation
OH,39.52539,-81.66277,138000;13090,Wolf Creek Substation
OH,39.70028,-82.63738,138000;69000;13090,West Lancaster Substation
OH,39.68816,-82.67612,69000,Delmont Substation
OH,41.33636,-82.63588,138000;69000,Avery Substation
OH,41.33747,-82.49503,138000;69000,
OH,39.92362,-83.85066,,
OH,39.92307,-83.85319,138000;69000,Clark Substation
OH,39.95109,-83.84579,69000,
OH,39.92781,-83.8115,69000,
OH,39.35726,-84.42124,,
OH,39.48546,-83.6273,69000,Sabina Substation
OH,39.73121,-83.81012,69000,Cedarville Substation
OH,39.28982,-83.96962,,
OH,39.61499,-84.16978,,
OH,39.63679,-84.14914,138000,
OH,39.35238,-84.32013,,
OH,40.82772,-81.89779,138000;69000,East Wooster Substation
OH,39.79456,-82.95453,69000,
OH,38.47744,-82.39543,765000;138000,North Proctorville Substation
OH,38.95001,-82.99281,138000,
OH,38.94131,-82.12086,765000;138000;69000,Gavin Substation
OH,40.10692,-84.37381,69000,Covington Substation
OH,38.69381,-83.47815,0,Former Killen Substation
OH,38.86562,-84.22528,345000,Zimmer Substation
OH,38.64107,-83.67993,138000,
OH,40.0011,-83.0176,,Smith Electrical Substation
OH,39.32913,-84.59598,,
OH,39.31457,-84.61318,,
OH,39.52751,-83.40396,69000,
OH,39.52931,-83.47173,69000,Washington CH Substation
OH,39.98179,-82.48719,69000,
OH,40.07671,-83.54451,138000,Mechanicsburg Substation
OH,41.07491,-81.52617,,Water Substation
OH,41.04669,-81.53148,138000,Firestone Substation
OH,41.04881,-81.54244,23000,Kenmore Substation
OH,40.50832,-81.5631,138000;69000;13090,West Dover Substation
OH,40.59486,-81.53904,138000,Strasburg Substation
OH,39.60037,-82.95146,138000;69000,Circleville Station
OH,39.5666,-82.95558,138000,
OH,41.13455,-80.71398,138000;69000;23000,Salt Springs Substation
OH,41.21012,-80.81502,138000,Evergreen Substation
OH,39.93063,-83.81686,69000,
OH,39.26778,-84.36024,,Cornell Substation
OH,39.72395,-82.95691,69000,Ashville Substation
OH,39.82284,-82.9441,69000,
OH,39.46408,-84.32794,138000,
OH,39.58046,-82.94477,138000,
OH,39.56359,-82.96736,138000,
OH,39.82908,-83.06322,138000;13800,Zuber Substation
OH,39.87298,-83.05063,138000,White Road Substation
OH,39.90312,-83.06251,138000,McComb Substation
OH,40.13858,-83.09287,138000;69000,Sawmill Substation
OH,41.45241,-81.80174,,
OH,39.40135,-84.55552,,
OH,39.81831,-83.00084,69000,
OH,39.85922,-82.99076,138000,Parsons Substation
OH,39.34054,-82.96609,138000;69000;13090,Ross Substation
OH,39.56791,-82.94613,69000,
OH,39.62041,-82.95393,69000,Red Bridge Substation
OH,39.56088,-84.30179,,Franklin Substation
OH,39.98443,-82.88703,138000,
OH,39.98156,-82.91248,138000;40000,Bexley Substation
OH,39.94644,-82.83496,138000;13800,Astor Substation
OH,39.89252,-82.8433,138000,
OH,39.84304,-82.80719,69000,Canal Winchester Substation
OH,41.5137,-82.82887,,
OH,39.652,-82.89167,69000,Bell Station Substation
OH,39.93176,-82.89004,138000;40000;13800,Groves Road Substation
OH,39.94717,-82.91531,40000;13090,Livingston Avenue Substation
OH,39.95421,-83.01717,138000,Sullivant Transition Station
OH,39.96479,-83.12336,138000,Fisher Substation
OH,39.96282,-83.09384,138000;40000;13800,Wilson Road Substation
OH,39.97891,-83.13738,138000;69000;13800,Trabue Substation
OH,40.05096,-83.13057,138000;13800,Davidson Substation
OH,40.06778,-83.09412,138000;69000;13090,Bethel Road Substation
OH,39.92995,-83.1357,138000,Hall Substation
OH,39.97107,-83.00613,138000;13800,Vine Substation
OH,39.96642,-83.01744,138000,City of Columbus West Substation
OH,39.98081,-82.99411,138000,
OH,39.98473,-82.97867,138000;13800,St. Clair Avenue Substation
OH,39.09535,-84.61774,,
OH,39.67542,-84.23492,,
OH,39.17489,-84.63116,,
OH,41.90844,-80.57238,,
OH,41.30348,-81.47409,345000;138000;69000,Chamberlin Substation
OH,40.1353,-84.60945,69000,Treaty Substation
OH,40.26034,-84.06497,138000,East Sidney Substation
OH,40.26145,-82.90996,138000;34500;13800,Berkshire Substation
OH,40.69433,-82.7996,345000;138000;69000,Galion Substation
OH,41.02091,-83.29928,345000;69000,South Berwick Substation
OH,40.09664,-82.01834,345000;138000;69000;34500;13090,Ohio Central Substation
OH,40.18365,-81.87854,345000;138000;34500,Conesville Plant Station
OH,41.42346,-82.27347,138000,
OH,40.63895,-80.5253,69000,State Line Substation
OH,41.51939,-83.79828,69000,
OH,41.54378,-83.73254,,
OH,39.84578,-84.39758,69000,Brookville Substation
OH,41.58267,-84.57376,69000,
OH,39.50771,-84.74883,,
OH,39.4828,-84.36555,,
OH,39.50688,-84.7236,,
OH,39.49565,-84.38298,,
OH,39.50121,-84.36804,,
OH,39.492,-84.3867,,
OH,39.52847,-84.36714,,
OH,39.4867,-84.35736,,
OH,39.47199,-84.40284,,
OH,39.47299,-84.39731,,
OH,39.47081,-84.39729,,
OH,39.49698,-84.30953,,
OH,39.49058,-84.2522,,
OH,39.76524,-84.2554,69000,Hoover Substation
OH,40.12387,-82.94266,69000,
OH,40.06322,-82.52829,69000,
OH,40.04554,-82.47478,69000;13090,Granville Substation
OH,40.06371,-82.36486,69000;13090;4360,East Newark Substation
OH,40.06796,-82.4001,69000,
OH,39.90261,-83.48016,69000,
OH,40.55343,-84.52306,69000,Staeger Road Substation
OH,39.43837,-84.27987,,
OH,40.58729,-81.38719,69000;13090,Zoarville Substation
OH,40.49854,-82.99694,138000,
OH,40.47609,-82.91331,138000;69000,
OH,40.49203,-82.90929,69000,
OH,40.74131,-82.40239,69000,Mifflin Substation
OH,39.84226,-84.10323,69000,Huber Heights Substation
OH,39.76753,-84.17161,138000,DP&L Monument Substation
OH,40.82198,-82.34957,69000,
OH,40.82149,-82.34987,69000,
OH,40.77809,-81.94144,138000;69000,Wooster Substation
OH,40.81414,-81.89337,69000,
OH,40.74466,-81.84446,138000,Apple Creek Substation
OH,40.80942,-81.8918,138000;69000;34500;23000,Canal Road Substation
OH,40.76239,-82.51097,69000;4160,Fifth Street Substation
OH,40.60119,-83.15391,138000;34500;12470,Roberts Substation
OH,41.5222,-84.30096,69000,Archbold Substation
OH,39.75844,-84.18585,138000,Wyandot Substation
OH,41.70595,-83.64581,138000,
OH,39.19739,-84.53558,,
OH,39.28679,-84.69019,,
OH,39.23157,-84.62841,,
OH,39.23518,-84.5759,,
OH,39.06161,-84.41113,,
OH,39.06273,-84.22488,,
OH,39.96672,-84.19688,69000,
OH,39.21691,-84.70562,,
OH,39.12445,-84.68727,,
OH,39.11652,-84.13612,,
OH,39.49694,-84.50865,,
OH,39.30484,-84.79646,138000,
OH,39.37305,-84.70369,,
OH,39.38486,-84.54648,,
OH,39.38518,-84.5589,,
OH,39.32308,-84.41142,,
OH,39.42838,-84.57808,,
OH,39.40037,-84.60961,,
OH,39.50702,-84.60896,,
OH,39.49986,-84.55237,,
OH,39.47358,-84.70294,,
OH,39.46455,-84.37685,138000,
OH,39.48725,-84.3857,,
OH,39.48704,-84.38487,,
OH,41.48068,-81.62608,138000,
OH,39.56499,-84.38148,69000,Poasttown Substation
OH,39.88538,-83.45516,138000;69000;12470,London Substation
OH,39.89373,-83.41858,69000,
OH,39.89349,-83.41788,69000,
OH,39.41985,-84.67768,,
OH,39.53885,-84.70259,,
OH,39.56077,-84.76968,,
OH,39.78797,-84.08347,,
OH,38.95528,-84.26934,,
OH,39.11054,-84.56787,,
OH,39.97022,-83.36828,69000,
OH,41.18344,-83.70606,34500,Liberty Hi Substation
OH,41.32396,-83.13767,138000;69000,
OH,41.36133,-83.09525,69000,Bloom Road Substation
OH,41.36753,-83.15094,138000;69000,Fremont Substation
OH,41.37725,-83.16313,138000,
OH,41.37808,-83.16475,138000;69000,West Fremont Substation
OH,40.05383,-81.67008,138000;69000,West Cambridge Substation
OH,39.99567,-81.71906,138000,
OH,40.27044,-83.95473,138000,
OH,41.05903,-83.58607,138000,Marion Substation
OH,41.03856,-83.65552,34500;13090,Findlay Substation
OH,41.08083,-83.58513,34500,
OH,41.06176,-83.61769,34500;13090,Crestwood Substation
OH,41.02279,-83.65656,34500;13090,South Findlay Substation
OH,40.72557,-81.52156,69000;12470,Navarre Substation
OH,41.06625,-83.65936,34500;13090,West Melrose Substation
OH,40.09452,-81.54706,69000,Salt Fork Substation
OH,40.06277,-81.56263,69000,Broom Road Substation
OH,40.80268,-81.36852,69000,
OH,41.06922,-83.59602,34500,Landmark Substation
OH,40.58701,-81.08352,138000;69000;13090,Carrollton Substation
OH,39.99605,-82.72648,,AEP A. Ray King Transmission Training Center
OH,39.83634,-83.96828,69000;12470,Enon Substation
OH,41.02105,-83.6146,138000;34500,
OH,41.14274,-81.34125,69000,
OH,39.24096,-84.3953,,
OH,40.38206,-83.75829,138000;69000,Blue Jacket Substation
OH,41.1523,-81.32634,138000;12470,Brady Substation
OH,39.18644,-84.154,138000,
OH,40.84008,-81.42537,138000;69000,West Canton Substation
OH,40.84967,-81.39469,138000,Packard Substation
OH,41.25346,-81.41033,138000;69000,Hudson East/East Side Substation
OH,40.8701,-81.43178,,
OH,40.87538,-81.42638,138000,Promway Substation
OH,39.79889,-84.20984,69000,Stillwater Substation
OH,38.96218,-84.09381,,
OH,38.84298,-84.10081,,
OH,41.11008,-83.19062,69000,Riverview Substation
OH,39.58747,-84.22944,138000,
OH,40.90558,-81.11503,69000;4160,Rockhill Substation
OH,40.21963,-83.38612,69000,West Marysville Substation
OH,41.00688,-83.56375,34500,East Findlay Substation
OH,39.85073,-84.54725,69000,Lewisburg Substation
OH,39.44746,-84.18471,,
OH,41.65558,-83.52574,138000;69000,Locust Substation
OH,41.68088,-83.59604,138000,
OH,39.27564,-84.42417,,
OH,40.03479,-81.47965,69000,
OH,38.41365,-82.57465,138000,South Point Substation
OH,39.73513,-81.52324,138000;69000,
OH,39.53307,-81.71523,345000,Waterford Substation
OH,39.57999,-81.65427,345000,
OH,41.41929,-83.85998,69000,Grand Rapids Substation
OH,40.32514,-83.54666,69000,Honda East Liberty Substation
OH,40.30371,-83.5346,69000,
OH,41.60593,-83.78535,138000,Eber Substation
OH,41.48519,-84.51945,69000,
OH,41.57244,-83.99392,138000,Delta Substation
OH,40.34795,-83.70416,,
OH,40.3678,-83.71583,69000,Campbell Hill Substation
OH,40.31719,-83.5847,69000,
OH,40.32954,-83.52754,69000,Union REA Substation
OH,40.43588,-83.53184,138000,East Logan Substation
OH,40.38679,-83.79053,69000,Harrison Substation
OH,40.44089,-83.80804,69000,Huntsville Substation
OH,41.01016,-81.55546,69000;12470,Portage Lakes Substation
OH,40.98797,-81.51294,138000,Moore Substation
OH,41.01577,-81.47969,,Krumroy Substation
OH,40.46809,-83.91591,69000,
OH,39.91002,-84.61441,69000,West Manchester Substation
OH,39.65602,-84.5256,69000,
OH,39.65511,-84.62295,69000,
OH,41.5563,-83.55496,138000,DaimlerChrysler Substation
OH,41.15449,-81.24778,69000;4160,Ravenna Substation
OH,41.18227,-83.66806,34500;13090,North Baltimore Substation
OH,41.07506,-81.51685,,Carroll Substation
OH,41.07497,-81.51608,,Carroll Substation
OH,41.10198,-81.44367,,Tallmadge Substation
OH,41.05567,-81.47712,138000,Goodyear Seiberling Substation
OH,41.49631,-81.60929,138000,East Substation
OH,39.78507,-84.05016,69000,
OH,39.82067,-83.93304,69000,Yellow Springs Substation
OH,40.88427,-81.50225,138000;69000;13090,Dale Substation
OH,40.80976,-81.43362,138000,Miles Avenue Substation
OH,39.03095,-82.14028,138000,
OH,41.07424,-81.5323,138000;23000,Urban Substation
OH,40.8657,-81.42317,138000,Belden Village Substation
OH,40.88886,-81.43023,138000;69000,Wayview Substation
OH,40.90362,-81.43434,69000,
OH,41.09414,-81.47383,138000,Evans Substation
OH,41.05253,-81.47244,138000,
OH,38.44634,-82.36728,138000,
OH,40.99308,-81.40356,138000,Lakemore Substation
OH,41.03094,-81.42992,69000,McKnights Substation
OH,41.24334,-81.62972,138000,Brush Substation
OH,41.0019,-81.46254,138000,Clayben Substation
OH,40.34915,-83.76252,69000,Bellefontaine Substation
OH,40.97315,-82.11157,69000,West Salem Substation
OH,40.91482,-81.98156,69000,Golden Corners Substation
OH,40.90104,-81.89749,69000,North Wayne Substation
OH,40.8583,-81.9754,69000,Clear Creek Substation
OH,40.79272,-82.00285,69000,Hefferline Substation
OH,40.78239,-82.09431,138000,Reedsburg Substation
OH,40.70216,-82.21216,69000,Mohicanville Substation
OH,40.71072,-81.89212,69000,North Fredericksburg Substation
OH,40.65513,-81.65725,69000,Alpine Substation
OH,40.59088,-81.70574,69000,Trail Substation
OH,40.62427,-82.02442,69000,Ripley Substation
OH,40.59168,-82.16776,69000,Drake Valley Substation
OH,40.5618,-81.94939,138000;69000,West Millersburg Substation
OH,40.56087,-81.94781,138000,West Milersburg Substation
OH,40.56143,-81.94809,138000;34500,West Millersburg Substation
OH,40.46205,-82.1294,,Stillwell Substation
OH,40.4835,-81.98022,,Killbuck Substation
OH,40.49998,-81.90714,138000,Buckhorn Substation
OH,40.47065,-81.67812,69000,Sugar Creek Substation
OH,41.0253,-81.88565,138000;69000,Seville Substation
OH,41.0298,-81.87637,138000;69000,Ryan Road Substation
OH,41.11994,-81.86593,138000,Ryan Substation
OH,41.14228,-81.5174,138000,Valley Substation
OH,41.14895,-81.54783,138000,Theiss Substation
OH,41.14026,-81.87908,138000;12470,West Medina Substation
OH,41.23744,-81.85992,138000;12470,Brunswick Substation
OH,41.22627,-81.77346,138000;12470,Stoney Substation
OH,41.16901,-81.8829,345000;138000,North Medina Substation
OH,39.44258,-84.77934,,
OH,39.45368,-84.66493,,
OH,39.56104,-84.53477,,
OH,41.10177,-80.75734,69000,Kimberly Substation
OH,41.06206,-80.63669,69000;4160,Zedaker Substation
OH,39.53671,-82.39754,69000,East Logan Substation
OH,41.11905,-80.71647,69000,Crum Substation
OH,39.98282,-81.95069,138000,
OH,40.91971,-81.07758,138000;69000;23000;4160,Bluebell Substation
OH,41.02485,-80.68003,69000,
OH,41.03303,-80.65588,138000;69000;23000,Boardman Substation
OH,41.41094,-84.09651,69000,
OH,41.41167,-84.0965,69000,
OH,41.40153,-82.37085,69000;12470,Axtel Substation
OH,41.43276,-82.72761,138000;69000;34500;12470,Greenfield Substation
OH,41.43295,-82.72902,138000,
OH,41.43171,-82.72252,138000;12470,GM New Departure Substation
OH,41.15248,-83.649,34500,Van Buren Substation
OH,41.2042,-83.90388,69000,
OH,41.19704,-83.66778,34500,Henry Contact
OH,41.10435,-80.66064,138000;23000,Riverbend Station
OH,41.11352,-83.79844,34500;13090,McComb (OP) Substation
OH,39.85215,-84.29093,69000,Englewood Substation
OH,41.47861,-81.53495,,
OH,41.17063,-83.43015,69000,
OH,39.34964,-84.43448,,
OH,41.09995,-83.64581,34500,
OH,41.17391,-83.41448,69000,
OH,41.18325,-83.64712,34500,
OH,41.03838,-83.62224,34500,East Findlay Substation
OH,39.04738,-83.98433,,
OH,40.50487,-81.63667,138000;69000;34500;13090,Sugarcreek Substation
OH,40.93558,-83.31902,69000,
OH,41.57753,-81.20774,,
OH,40.26646,-83.77375,138000;69000,
OH,39.22129,-84.29045,138000,
OH,40.51656,-81.47138,34500,
OH,38.93062,-83.81892,,
OH,41.10039,-80.71384,138000,New Wickliffe Substation
OH,41.10016,-80.713,69000,Wickliffe Substation
OH,39.33579,-82.11298,69000;13090,Clark Street Substation
OH,39.3118,-82.1191,138000;69000,Elliott Substation
OH,40.25855,-81.60216,138000,Newcomerstown Substation
OH,41.13752,-81.49856,,Oak Park Substation
OH,39.61775,-84.25685,,
OH,39.04806,-82.62796,,Veterans Substation
OH,41.38201,-83.61106,69000,Bowling Green Electric Substation No 4
OH,41.13881,-81.45458,,
OH,41.15202,-81.48746,,Cuyahoga Falls Substation #3
OH,39.17253,-83.97242,,
OH,41.14302,-81.51678,,
OH,41.38572,-83.66426,69000,
OH,39.99075,-83.06665,138000;40000,Fifth Avenue Substation
OH,41.11715,-81.49272,,Riverside Substation
OH,39.01302,-83.69275,138000,
OH,39.00322,-83.76257,138000,
OH,38.94293,-83.57025,138000,
OH,40.14412,-83.00136,138000;34500,Polaris Substation
OH,40.94618,-83.95689,69000;13090,Pandora Substation
OH,40.92367,-84.05941,69000;13090;12470,Columbus Grove Substation
OH,41.53265,-81.19092,,
OH,41.73891,-81.26781,,
OH,41.42726,-81.16307,,
OH,41.68651,-81.04877,,
OH,41.00356,-80.5675,138000,Dobbins Substation
OH,41.09259,-84.39538,69000;13090,West Oakwood Substation
OH,39.03127,-82.01591,,
OH,39.02324,-82.06519,69000,
OH,39.11362,-82.20131,138000,Meigs Substation
OH,39.11424,-82.20204,138000,Dexter Switching Substation
OH,39.28296,-81.63241,138000,
OH,39.28468,-81.63369,138000;13090,Porterfield Substation
OH,40.11944,-82.90431,138000;13200,
OH,39.70556,-80.84637,138000,
OH,39.70392,-80.84607,138000,
OH,41.46407,-81.48874,138000,Kenyon Substation
OH,40.12858,-82.8914,69000,Substation #5
OH,39.73678,-80.96319,,
OH,39.82532,-80.91257,138000,
OH,39.82595,-80.91237,,Powhatan Substation
OH,39.85388,-80.81934,,
OH,39.83665,-80.82934,,
OH,39.85412,-80.81934,,
OH,40.11677,-80.7225,69000,
OH,40.03827,-80.73607,69000,
OH,40.35236,-80.61745,,
OH,40.35062,-80.61859,69000,
OH,40.3745,-80.65913,69000;13090,Sunset Boulevard Substation
OH,40.33457,-80.62773,69000,
OH,40.54199,-81.49836,138000;69000,North Intertie Substation
OH,40.67887,-81.19736,69000,Mohawk Substation
OH,40.4529,-80.61613,138000;69000;13090,South Toronto Substation
OH,40.54521,-80.66405,69000,Sugar Grove Substation
OH,40.47697,-80.63667,69000;13090,West Toronto Substation
OH,40.59676,-80.67895,69000,Eighteenth Street Substation
OH,40.39223,-80.64801,69000,Circle Green Substation
OH,40.61476,-80.63844,69000,North Wellsville Substation
OH,41.09085,-82.40577,69000,New London Substation
OH,41.25544,-82.3976,69000,
OH,41.45211,-82.16105,69000,
OH,40.64336,-81.52734,138000,North Strasburg Substation
OH,40.28192,-81.57454,138000;13090,Hillview Drive Substation
OH,40.48447,-81.48279,138000;69000;34500;13090;4160,West New Philadelphia Substation
OH,40.2503,-81.8526,138000;69000;34500;13090,South Coshocton Substation
OH,40.3037,-81.89919,138000;69000;13090,West Coshocton Substation
OH,41.05768,-81.52344,138000,Involta Substation
OH,40.09421,-82.02705,138000,Dresden Substation
OH,41.05426,-81.52585,,Getz Substation
OH,39.8895,-81.87384,138000,Chandlersville Substation
OH,39.865,-81.90399,138000,Philo Substation
OH,39.96893,-81.85401,138000,Bridgeville Substation
OH,40.03377,-81.77816,138000,Bethel Church Substation
OH,40.46046,-80.9208,69000;13090,Amsterdam Station
OH,40.47883,-80.89018,138000;69000,East Amsterdam Substation
OH,40.24274,-80.96744,138000;69000,South Cadiz Substation
OH,40.66035,-81.35751,69000,East Sparta Substation
OH,40.80756,-81.03652,138000;69000,Knox Substation
OH,40.87806,-80.84711,138000;69000,Pidgeon Substation
OH,41.36154,-83.59158,69000,
OH,41.35716,-83.65674,69000,
OH,40.6193,-81.01829,138000,Washington Substation
OH,41.38793,-83.63994,69000,
OH,40.73033,-80.92418,138000,Hagan Substation
OH,40.9972,-81.34656,138000;12470,Congress Substation
OH,41.08268,-81.37784,138000,Old Forge Substation
OH,41.05565,-81.51195,,Morgan Substation
OH,40.9194,-81.0919,138000,Alliance Castings Substation
OH,40.74944,-81.37622,138000,Faircrest Substation
OH,39.26925,-84.25693,,
OH,40.77586,-81.36357,138000,
OH,40.7793,-81.39968,138000;23000,Timken Substation
OH,41.26864,-83.65063,34500,Mungen Substation
OH,40.51224,-81.92785,138000;34500,South Millersburg Substation
OH,40.8501,-81.76584,138000,Ampor Substation
OH,40.85059,-81.75863,138000,Smuckers Substation
OH,39.32147,-83.75719,69000,Martinsville Substation
OH,39.18853,-84.48353,,
OH,39.2409,-84.34867,,
OH,39.35624,-84.39552,,
OH,40.218,-83.29383,138000,Watkins Union REA Substation
OH,40.45348,-82.8428,138000,
OH,40.56171,-80.70793,69000,Hammondsville Substation
OH,40.55507,-80.87918,69000,Circle Green Substation
OH,40.51188,-80.75373,69000,Holt Switch Substation
OH,40.91973,-81.603,69000;12470,Clinton Substation
OH,40.9466,-81.53468,69000;12470,Nimisila Substation
OH,41.0101,-81.63883,23000;12470,Johnsons Corners Substation
OH,41.01173,-81.64636,69000,Norton Substation
OH,41.4376,-81.4959,138000,Keith Substation
OH,39.64667,-83.55707,69000,Jeffersonville Substation
OH,41.42856,-81.53777,138000,Kelly Substation
OH,41.39514,-81.45516,138000,Lester Substation
OH,41.57348,-81.53769,138000,Nottingham Substation
OH,41.57363,-81.53709,138000,Nottingham CPP Substation
OH,41.5572,-81.58752,138000,Collinwood Substation
OH,41.50028,-81.4799,,Kepler Substation
OH,41.56285,-81.44668,138000,Progressive Substation
OH,41.55676,-81.59243,138000,Ninemile Substation
OH,41.49848,-81.60874,,University Circle Substation
OH,41.45319,-81.62385,138000,
OH,41.43997,-81.56962,138000,
OH,41.43919,-81.63948,138000,Inca Substation
OH,41.49159,-81.68598,138000,Hazel Substation
OH,41.17788,-81.62651,138000,Bath Substation
OH,41.03442,-81.57815,23000;12470,Coventry Substation
OH,41.05682,-81.40095,138000;69000,Gilchrist Substation
OH,41.05176,-81.39907,23000,Mogadore Substation
OH,41.31168,-83.64984,34500,Portage Substation
OH,40.78503,-84.05064,34500,Bluelick Substation
OH,41.13159,-81.5079,,Sackett Substation
OH,40.0891,-80.73017,69000,
OH,39.14429,-84.43868,,Hyde Park substation
OH,41.10099,-81.53552,,Edgerton Substation
OH,41.11195,-80.68846,69000,Belle Vista Substation
OH,40.77644,-82.50186,138000;69000;12470,Longview Substation
OH,40.7779,-82.46592,138000,
OH,40.73381,-82.56703,69000,
OH,40.76077,-82.55213,69000,
OH,40.71994,-82.514,69000;12470,Cook Substation
OH,40.46739,-84.16465,69000,Botkins Substation
OH,39.97484,-84.18597,69000,Tipp City Substation
OH,40.39751,-84.25975,69000,McCartyville Substation
OH,41.40858,-83.66566,138000;69000,Brim Substaiton
OH,41.55823,-83.68639,69000,
OH,41.52278,-83.6453,,
OH,41.40623,-83.47355,69000;34500,Pemberville Substation
OH,41.59664,-82.72283,,Lakeshore Substation
OH,39.13753,-84.49209,,
OH,41.21081,-83.6454,34500,Cygnet Substation
OH,40.22395,-84.4895,69000,
OH,40.22488,-84.47664,69000,
OH,41.45879,-83.36892,,
OH,41.40776,-83.65138,69000,
OH,41.3642,-81.46674,345000,Glenwillow Substation
OH,40.91903,-83.49993,69000,Blanchard Substation
OH,41.40876,-83.70824,69000,
OH,41.6333,-83.48429,,
OH,41.51346,-82.82887,,
OH,41.59709,-83.50815,,
OH,41.59584,-83.50472,,
OH,41.17558,-83.37847,69000,
OH,41.49679,-83.09834,138000,
OH,40.96413,-82.93917,138000;69000,Chatfield Substation
OH,40.95702,-82.85263,69000,New Washington Substation
OH,41.25537,-81.33729,138000;69000,Shalersville Substation
OH,40.64427,-83.60889,69000;34500,Kenton Substation
OH,41.47781,-84.52049,69000,
OH,41.47301,-84.57732,69000,
OH,41.45635,-84.63135,69000,
OH,40.42231,-82.31304,138000,
OH,40.4276,-82.46411,138000;69000,
OH,40.36963,-82.51752,138000;69000,
OH,41.5015,-81.56668,,Jarvis Substation
OH,39.95208,-83.0097,69000,
OH,39.43145,-81.41861,138000,
OH,39.35305,-81.34838,138000,
OH,39.36027,-81.54559,138000,Riverview Substation
OH,39.44312,-81.44282,138000;24800,Mill Creek Substation
OH,39.08567,-82.33066,765000,Flatlick Substation
OH,40.10393,-83.00189,138000;69000;13800;13090,Huntley Substation
OH,41.05871,-83.62123,34500,Plaza Street Substation
OH,39.76581,-84.01643,69000,
OH,41.0335,-83.66134,34500,
OH,41.39599,-83.64669,,
OH,41.40328,-83.45533,,
OH,41.07077,-83.60861,34500,
OH,41.67362,-84.3072,138000,Fayette Substation
OH,41.67221,-84.30655,138000,East Fayette Substation
OH,40.58036,-83.55715,69000,
OH,40.02981,-82.99607,138000,Clinton Substation
OH,40.98887,-80.71256,69000,
OH,41.10203,-83.99491,69000;13090,Leipsic Substation
OH,40.83348,-83.11252,69000,Nevada Substation
OH,40.56062,-84.57689,69000,Summit Street Substation
OH,39.74218,-81.54889,69000,
OH,41.96516,-80.53999,138000,
OH,40.35299,-81.47073,,
OH,40.32781,-82.00815,34500,
OH,40.27123,-81.74957,34500;13090,West Lafayette Substation
OH,40.77541,-82.59756,138000;12470,Ontario Substation
OH,41.3852,-82.69736,138000,
OH,41.62049,-83.54954,,
OH,39.9965,-83.02263,138000;13800,OSU Substation
OH,40.42169,-81.54488,34500,Stone Creek Substation
OH,40.54246,-81.80918,69000;34500;13090,Berlin Substation
OH,40.61916,-82.2521,69000,
OH,40.89647,-82.66416,138000,
OH,40.30103,-81.84619,34500,
OH,40.27796,-81.86452,69000,Old Rocktenn Coshocton Mill Substaion
OH,41.48047,-81.68519,,
OH,41.1774,-83.41432,69000,
OH,41.24323,-82.63535,69000,Sauer Substation
OH,41.30316,-82.96429,69000,
OH,41.23641,-81.43886,69000,
OH,40.80338,-83.49701,69000;13090,Forest Substation
OH,41.3953,-82.61592,69000;12470,Bogart Substation
OH,41.39786,-83.64117,69000,
OH,41.47772,-81.81366,,CEI
OH,41.79485,-81.15075,,
OH,41.49066,-81.65119,10000,Wilson Substation
OH,40.45846,-83.09086,69000;13090,Waldo Substation
OH,41.08359,-81.46462,,Osage Substation
OH,41.10395,-81.5052,,Keeney Substation
OH,41.08725,-81.48924,,
OH,41.08774,-81.48894,,Home Substation
OH,41.17459,-83.40702,138000;69000;13090,Buckley Road Substation
OH,41.09636,-81.44359,,
OH,41.05734,-81.41652,69000,
OH,41.05619,-81.4132,69000,
OH,41.06224,-81.46244,,
OH,41.08198,-81.49775,,Akron City Hospital Substation
OH,41.57804,-82.84379,,Catawba Island Substation
OH,41.36061,-83.14187,69000,SDC Containers Substation
OH,41.39884,-83.31912,,
OH,41.30925,-82.98998,69000,
OH,41.45404,-82.72026,34500;12470;4160,Bay Substation
OH,41.39302,-82.64737,69000;12470,Quarry Substation
OH,40.81779,-83.29132,69000;13090,Upper Sandusky Substation
OH,40.72608,-82.77524,69000,
OH,40.7405,-82.79709,69000,
OH,40.04567,-82.82875,138000,Gahanna Substation
OH,41.04509,-81.39221,69000,
OH,41.63553,-83.56682,69000,Hawley Substation
OH,39.30716,-81.65686,138000;13090,Corner Substation
OH,40.35603,-80.61433,69000;12000,High Street Substation
OH,40.79986,-81.93492,69000;13090,Beall Avenue Substation
OH,41.29775,-84.76234,69000;13090,North Hicksville Substation
OH,41.285,-84.77758,69000;13090,West Hicksville Substation
OH,41.31168,-83.45685,69000,Wayne Substation
OH,41.26115,-82.8427,69000,
OH,41.34144,-83.10558,69000,East Fremont Substation
OH,41.3071,-81.8103,138000,
OH,41.33064,-81.85163,138000,
OH,40.73754,-84.10249,34500;4360,Central Avenue Substation
OH,41.03089,-82.1226,69000,Homer Substation
OH,40.93933,-81.46691,69000;12470,Singer Substation
OH,40.93838,-81.40847,69000;12470,Greentown Substation
OH,41.15849,-82.01814,69000,Litchfield Substation
OH,40.71761,-82.78984,69000,
OH,41.25877,-80.81301,138000,Ivanhoe Substation
OH,41.36987,-82.07707,69000;12470,Abbe Substation
OH,41.50541,-83.16478,,
OH,41.28336,-82.83401,69000;12470,Bellevue Substation
OH,41.60781,-84.55009,,
OH,41.60833,-84.55401,,
OH,41.5788,-84.60688,,
OH,41.38091,-81.73549,,Ridge Substation
OH,41.41389,-82.06957,,
OH,41.50168,-81.48718,,
OH,40.86459,-82.30256,69000,
OH,41.04207,-82.70754,69000;13090,East Willard Substation
OH,41.05375,-82.71886,69000;13090,North Willard Substation
OH,41.12213,-83.19754,69000,Tiffin Tap-Off
OH,41.13928,-84.59334,69000;13090,Paulding Substation
OH,41.3053,-82.60208,69000,
OH,41.30547,-82.60585,69000,
OH,41.18185,-83.92001,69000,Belmore Substation
OH,41.11729,-83.96203,138000,Yellow Creek Substation
OH,41.64442,-83.49613,,
OH,41.5843,-83.55396,,
OH,41.15837,-83.40499,69000,East End Fostoria Substation
OH,41.14658,-83.40616,69000,
OH,41.14418,-83.12754,138000;69000,Tiffin Center Substation
OH,41.2389,-83.46138,69000,Hatton Substation
OH,41.31098,-82.23639,69000,
OH,41.30854,-82.21898,69000,Butternut Ridge Substation
OH,40.35707,-81.6556,69000,Bakersville Substation
OH,40.14782,-81.55804,69000;13090,Kimbolton Substation
OH,41.58991,-83.88635,138000,Swanton Substation
OH,41.56452,-83.54795,,
OH,41.41996,-82.68044,69000,
OH,41.37703,-82.68012,,
OH,41.35,-82.65209,,
OH,41.42738,-82.29757,69000;12470,Baumhart Substation
OH,41.40692,-82.27202,138000,
OH,41.45732,-82.17801,69000,
OH,41.47048,-82.15592,69000,
OH,41.15823,-82.98657,69000,Republic Substation
OH,41.40818,-82.6996,69000;12470,Wilmer Substation
OH,40.67371,-83.90208,138000,West Newton Substation
OH,41.40157,-82.11552,138000;69000,
OH,41.40122,-81.98856,69000,
OH,39.05683,-82.2451,138000,
OH,41.50702,-83.64012,138000,Five Points Substation
OH,40.12224,-82.00922,69000;13090,Dresden Substation
OH,41.4496,-82.67203,34500;12470,Cedar Point Substation
OH,41.09952,-81.65159,,Copley Substation
OH,41.11115,-81.58008,,Fairlawn Substation
OH,40.10641,-82.00857,69000,Dresden Sub
OH,41.2931,-82.02146,,
OH,41.2926,-82.02183,,
OH,41.13887,-81.31451,,
OH,41.65347,-83.60991,138000;69000,Vulcan Substation
OH,41.07235,-81.50181,,Annadale Substation
OH,41.14547,-81.37147,13200,
OH,41.15045,-81.37842,69000;12470,Kent Substation
OH,41.21184,-81.42071,69000,
OH,38.94873,-83.47211,,
OH,39.41784,-81.46487,,
OH,39.43018,-83.04978,69000,Andersonville Substation
OH,40.14723,-82.07749,138000,
OH,41.33165,-82.62535,69000,
OH,41.47501,-81.88161,,
OH,41.2979,-82.19783,69000,
OH,41.39378,-82.21389,69000,
OH,41.39345,-82.21312,69000,
OH,41.4766,-81.91255,138000,Darwin Substation
OH,40.10163,-83.09823,138000;13800,Brookside Substation
OH,40.07722,-84.61346,138000;69000,Greenville Substation
OH,40.4285,-84.61891,69000,St. Henry Substation
OH,40.54564,-84.38878,69000,
OH,39.69672,-83.11274,69000,Darbyville Switching Station
OH,39.69609,-83.1123,69000,Darbyville Substation
OH,39.7171,-83.27359,69000;13090,Madison Substation
OH,39.79754,-82.29581,69000,
OH,40.08854,-82.41598,138000;69000;4360,North Newark Substation
OH,41.45214,-83.35947,,
OH,41.37993,-83.61706,,
OH,41.09757,-80.99566,69000;12470,Milton Lake Substation
OH,41.06673,-81.55272,,Thornton Substation
OH,41.07674,-81.57007,,Stoner Substation
OH,40.26783,-81.75839,34500,West Lafayette Substation
OH,40.03396,-81.60302,,
OH,41.0687,-81.48823,,Arlington Substation
OH,41.2238,-81.66877,69000,West Richfield Substation
OH,41.28097,-81.34717,69000;12470,Chillicothe Substation
OH,41.05033,-81.49178,,Hunt Substation
OH,41.28054,-81.07918,69000;12470,Garrettsville Substation
OH,41.28448,-81.23603,69000;12470,Mantua Substation
OH,41.17883,-81.25688,69000;12470,Sumner Substation
OH,41.23527,-81.0031,69000,Windham Substation
OH,41.20756,-80.94473,69000,
OH,41.20684,-80.94306,138000;69000;23000,Newton Falls Substation
OH,41.30553,-81.35017,69000;12470,Aurora Substation
OH,41.11721,-81.33326,69000;12470,Brimfield Substation
OH,41.34094,-81.34777,69000;12470,Treat Substation
OH,41.34251,-81.41957,69000;12470,Geauga Substation
OH,41.3061,-81.45472,69000;12470,Twinsburg Substation
OH,41.23366,-81.49385,69000;12470,Chittenden Substation
OH,41.26944,-81.14409,69000;12470,Freedom Substation
OH,40.96159,-81.32354,69000;12470,Hartville Substation
OH,40.95248,-81.11719,69000,Lexington Substation
OH,41.08463,-81.55427,,Noble Substation
OH,41.02175,-81.19461,69000;12470,Randolph Substation
OH,41.29948,-81.5494,69000;12470,Hills Substation
OH,41.30221,-81.49515,138000;13800,Nordonia Substation
OH,41.31457,-81.524,69000;12470,Macedonia Substation
OH,41.18055,-81.49148,69000,Wyoga Substation
OH,41.01496,-81.91125,69000,Acme Hill Substation
OH,41.0311,-81.58427,,Camp Substation
OH,40.96584,-81.7903,69000;12470,Rittman Substation
OH,41.12767,-81.89606,69000;12470,Heritage Substation
OH,41.12934,-81.24535,69000,Prospect Substation
OH,41.12991,-81.19692,69000;12470,Campbellsport Substation
OH,41.43853,-82.69271,69000;12470,Covert Substation
OH,41.44546,-82.7322,34500;4160,Sloane Substation
OH,41.3896,-82.54634,69000;12470,Huron Substation
OH,40.82441,-81.69911,69000;12470,Dalton Substation
OH,41.40115,-82.80781,69000;12470,Castalia Substation
OH,41.02653,-83.2965,69000,Berwick Substation
OH,41.06967,-83.24676,69000,Seneca Substation
OH,41.07777,-83.23685,138000;69000,South Tiffin Substation
OH,41.14397,-81.57314,138000,Sourek Substation
OH,41.09474,-80.56877,,Coitsville Substation
OH,41.05031,-80.6583,,Clifton Substation
OH,41.13506,-80.69356,138000,Brier Hill Substation
OH,41.00031,-80.94772,69000;12470,Berlin Center Substation
OH,41.02009,-80.85789,69000,Ellsworth Substation
OH,41.15652,-80.70357,,Girard Substation
OH,41.10287,-80.59576,138000;23000,Lincoln Park Substation
OH,41.15362,-80.77461,23000,Meander Substation
OH,41.13876,-80.77407,23000,Mineral Ridge Substation
OH,41.14145,-80.69185,23000,Mosier Substation
OH,40.95081,-80.65509,69000;8320,North Lima Substation
OH,40.91506,-80.57593,69000;8320,Petersburg Substation
OH,40.7746,-80.75973,69000;12470;4160,Lisbon Substation
OH,40.78925,-80.53276,69000,Negley Substation
OH,40.87458,-80.74764,69000,Leetonia Substation
OH,40.89117,-80.85638,69000,Salem Substation
OH,40.90099,-81.00194,69000;12470,Westville Substation
OH,40.81613,-81.51647,69000;4160,Charity Rotch Substation
OH,40.8514,-81.52051,69000;12470,Strobel Substation
OH,40.80188,-81.52664,,Warwick Substation
OH,40.83381,-80.52487,69000,Zane Substation
OH,41.07215,-80.66351,,Indianola Substation
OH,41.03121,-80.52426,138000;69000,Lowellville Substation
OH,41.07786,-80.60116,,Campbell Substation
OH,41.06566,-80.70315,69000,Cornersburg Substation
OH,41.10267,-80.79247,23000,West Austintown Substation
OH,41.25226,-82.60779,69000;12470,Adams Substation
OH,41.25932,-80.69904,69000,Aero Park Substation
OH,41.60375,-80.61226,69000,Andover Substation
OH,40.8936,-81.13804,69000;12470,Beechwood Substation
OH,41.1053,-80.65599,23000,Belmont Substation
OH,41.01142,-80.65265,138000;69000;23000;13200,Nevada Substation
OH,41.20722,-80.53313,138000;69000;23000,Masury Substation
OH,41.23387,-80.5539,69000,Brookfield Substation
OH,41.01747,-80.75959,69000;8320,Canfield Substation
OH,40.56545,-82.53185,69000;12470,Jefferson Substation
OH,39.97241,-82.81023,,
OH,39.99953,-82.82912,138000,Blacklick Substation
OH,40.81581,-81.58216,69000;12470,Dublin Substation
OH,41.23373,-82.86483,69000;12470,Flat Rock Substation
OH,41.11571,-82.61247,69000,Hanville Substation
OH,41.2737,-82.83391,69000;4160,Harkness Substation
OH,41.26072,-81.3426,69000;12470,Page Substation
OH,41.2882,-81.4411,,Case Substation
OH,39.93518,-82.00361,69000;4360,Hughes Street Substation
OH,41.25859,-80.83159,138000,Bridge Substation
OH,41.21847,-80.80142,138000,Burton Substation
OH,41.23767,-80.8082,,Champion Substation
OH,41.24056,-80.80684,,Harding Substation
OH,40.53957,-83.18909,34500;12470,Rayls Corner Substation
OH,41.47257,-82.18069,69000,
OH,41.53573,-83.56712,,
OH,41.16637,-81.44326,69000,Stow Substation
OH,41.13463,-83.28562,69000;4330,Bascom Substation
OH,41.11662,-83.1626,69000,Greeley Station
OH,40.81807,-81.32676,69000,Mahoning Road Substation
OH,39.17354,-83.67775,138000,
OH,41.47652,-84.55978,69000,
OH,41.67569,-83.30696,,
OH,41.01249,-81.71351,138000;69000,138 KV Delivery Point Station
OH,40.86966,-81.27757,69000,California Station
OH,41.47658,-81.885,33000,
OH,40.46754,-80.60215,69000;13090,Toronto Substation
OH,41.28839,-82.08805,345000;138000;69000,Carlisle Substation
OH,40.87588,-81.39074,69000,North Canton Station
OH,40.10524,-83.05668,138000;13800,Linworth Substation
OH,41.26747,-84.34232,138000,Ayersville Substation
OH,41.28675,-84.31872,,
OH,41.49783,-81.60742,600,
OH,41.48695,-81.82337,33000,Edgewater Substation
OH,41.52066,-81.59986,138000,Northeast Substation
OH,41.53812,-83.36861,69000,
OH,41.50247,-84.4294,138000,Stryker Substation
OH,41.61648,-83.72089,138000,Wentworth Substation
OH,41.66696,-83.57045,69000,
OH,41.55659,-83.54597,138000,DaimlerChrysler Substation
OH,41.51521,-83.35463,69000,Genoa Substation
OH,41.60811,-83.61153,90000,Meadowlark Substation
OH,41.1359,-81.88655,69000,
OH,41.13471,-81.89406,69000,
OH,41.13298,-81.89512,69000,
OH,41.11932,-81.89555,69000,
OH,41.15826,-82.17155,69000,
OH,41.15856,-82.19442,69000,
OH,41.03226,-82.01506,69000,Eaken Substation
OH,41.04518,-81.99701,69000,Krauss Substation
OH,41.01254,-81.98746,69000,Burbank Substation
OH,41.01847,-82.12182,69000,Homerville Substation
OH,41.05291,-82.02193,69000,Repp Substation
OH,41.10129,-82.128,69000,Spencer Substation
OH,41.13671,-82.16786,69000,Columbia Gas Substation
OH,41.20021,-82.10237,69000,Webster Substation
OH,41.02853,-82.20014,69000,Sullivan Substation
OH,41.52533,-81.5917,,Ingall Substation
OH,41.23656,-82.08295,69000,
OH,41.14823,-82.19473,138000;69000,Wellington Substation
OH,41.26083,-82.27236,138000,Camden Substation
OH,41.18672,-82.27245,138000,Brighton Substation
OH,41.02892,-82.27294,138000,Troy Substation
OH,41.10193,-82.3284,69000,Nova Substation
OH,41.26396,-82.3165,69000,Baird Substation
OH,41.30676,-82.07193,69000,Robson Substation
OH,41.66683,-83.5446,,
OH,40.7037,-81.91498,69000,Moreland Substation
OH,40.64105,-82.23538,69000,FLXI Substation
OH,40.64638,-82.24118,69000,Mohican Substation
OH,40.67064,-82.31921,69000,Perrysville Substation
OH,41.11369,-82.40863,69000,New London Metering Station
OH,41.09077,-82.70144,69000,Steuben Substation
OH,40.81261,-82.97512,69000,
OH,40.87462,-82.67649,69000,
OH,40.10404,-82.23818,138000,
OH,39.76962,-82.09782,138000;69000;13090,Crooksville Substation
OH,39.71888,-82.21103,69000;13090,New Lexington Substation
OH,39.60492,-82.21568,69000;13090,Shawnee Substation
OH,39.48986,-82.08337,,
OH,39.85129,-82.1206,69000;4360,South Fultonham Substation
OH,41.37329,-81.8422,,
OH,41.26747,-80.84961,138000,
OH,40.21253,-83.32436,138000;69000,Darby Substation
OH,41.52582,-81.66302,138000,
OH,41.35544,-83.13628,69000,Stone Street Substation
OH,41.53285,-83.70771,,
OH,41.40795,-84.10896,69000,
OH,41.371,-84.09686,69000,
OH,41.17901,-84.61259,69000,South Cecil Substation
OH,41.09236,-84.72557,69000;13090,Payne Station
OH,41.28427,-84.75285,138000;69000,South Hicksville Substation
OH,40.59746,-81.85041,69000,
OH,41.29267,-82.60575,69000,
OH,40.09562,-82.74814,345000;138000,Jug Street Substation
OH,41.44758,-82.1439,138000,
OH,41.47977,-82.10436,69000,
OH,41.36242,-82.68709,,
OH,41.36008,-82.68665,,
OH,39.98666,-84.55126,,
OH,40.66962,-82.09009,69000;13090,Big Prairie Substation
OH,41.0095,-81.60263,69000,
OH,41.03777,-81.75858,69000,
OH,40.30646,-83.08019,69000,AEP West Lincoln 69kv Station
OH,41.36211,-81.70209,138000,
OH,39.81254,-82.07849,69000,Roseville Substation
OH,41.01591,-83.55988,34500;2400,Findlay Reservior #1 Substation
OH,40.72094,-81.60013,,
OH,41.40721,-81.86817,138000,
OH,40.77084,-83.81918,69000,Ada Substation
OH,41.36998,-82.68173,,
OH,41.59578,-83.09099,69000,
OH,41.11264,-80.66002,23000,
OH,41.13697,-80.65817,,
OH,41.22463,-84.61288,69000,
OH,41.30491,-84.33432,138000,
OH,41.30388,-84.33562,138000,
OH,39.99998,-83.0363,138000,West Campus Substation
OH,40.12551,-82.94594,69000,
OH,41.48738,-81.79091,33000,
OH,40.06264,-82.89516,138000,
OH,41.47755,-81.95827,138000,
OH,40.70636,-81.5937,69000;12470,Brewster Substation
OH,40.14043,-83.73716,69000,Kings Creek Substation
OH,39.34387,-83.01384,69000,
OH,39.36862,-83.00605,69000;13090,Camp Sherman Substation
OH,40.88054,-84.57921,69000;4360,Van Wert Substation
OH,40.54293,-84.5735,69000,Sugar Street Substation
OH,40.54328,-84.57353,69000,Celina Substation
OH,41.36599,-82.096,69000,
OH,39.81209,-82.51947,69000,
OH,39.84446,-82.60837,69000;4360,Baltimore Station
OH,40.06751,-82.97592,138000,Karl Road Substation
OH,40.08099,-82.86527,138000;34500,Blendon Substation
OH,39.92053,-83.05586,40000,Briggsdale Substation
OH,39.88031,-82.77875,69000,Eakin Substation
OH,40.70717,-84.11315,34500,
OH,41.45027,-84.7301,69000,
OH,39.96401,-82.87743,,
OH,40.15043,-83.2319,69000,
OH,40.89825,-82.23123,69000;12470,Polk Substation
OH,39.95672,-83.061,69000,
OH,39.94845,-83.15492,69000;13090,Galloway Road Substation
OH,39.96086,-83.1054,40000,
OH,41.65383,-83.61099,138000,University of Toldeo
OH,41.31319,-81.92954,69000;12470,Columbia Substation
OH,41.40718,-81.61998,138000,Iron Substation
OH,40.8079,-83.28616,69000,
OH,41.14547,-83.18891,69000,Maule Road Substation
OH,41.03288,-83.57676,34500;2500,Findlay Reservior #2 Substation
OH,40.24073,-84.39592,69000,Russia Substation
OH,40.18752,-81.88906,69000;13090,Conesville Substation
OH,41.52515,-81.66011,,
OH,40.75293,-82.79319,,
OH,41.50486,-81.65938,10000,Chester Substation
OH,41.40718,-81.69524,,Midtown Shopping Center Substation
OH,41.52496,-83.35052,,
OH,41.61989,-83.37337,,
OH,41.39853,-81.71009,,Maplecrest Substation
OH,41.38366,-81.77435,,Pearl Substation
OH,40.70935,-81.74264,69000;13090,Billar Substation
OH,41.59371,-81.51411,,Babbitt Substation
OH,41.37161,-82.14249,138000,
OH,41.40114,-82.14478,138000,
OH,41.41336,-81.77603,138000,GMC Parma Substation
OH,41.15587,-81.57013,69000,
OH,40.81431,-81.09163,69000,
OH,40.52183,-82.74147,69000,Yankee Substation
OH,41.34449,-82.11118,69000,
OH,41.4384,-82.12812,69000;4160,Oakwood Substation
OH,41.44403,-82.15668,138000;69000,Black River Substation
OH,41.43751,-82.16229,69000,
OH,39.35456,-82.06112,138000;69000;13090,Strouds Run Station
OH,41.03539,-81.74843,69000,Substation #6
OH,41.08628,-81.72686,69000,
OH,41.54641,-84.1526,138000;69000,Wauseon Substation
OH,41.47396,-84.1144,138000;69000,Northside Substation
OH,41.56725,-84.04785,345000,North Star Steel Substation
OH,41.56056,-84.06604,138000,
OH,41.39957,-84.14243,69000,
OH,41.31028,-84.53569,138000,Lockwood Rd
OH,41.45715,-84.52538,138000,Lorntz Substation
OH,41.45126,-82.6849,34500;12470;4160,Big Island Substation
OH,40.14086,-82.95205,138000,Westar Substation
OH,40.99273,-82.4838,69000,South Greenwich Substation
OH,41.50886,-81.6836,138000,Hamilton Substation
OH,40.92956,-84.5607,345000;115000,Blue Creek Substation
OH,40.93979,-84.58278,115000;34500,Blue Creek Wind Farm
OH,41.1485,-80.8752,138000,
OH,41.16976,-80.85878,138000,
OH,39.52388,-82.37664,69000;13090,Southeast Logan Substation
OH,41.50294,-81.60393,138000,MEDC Substation
OH,41.36526,-81.43462,,
OH,41.36509,-81.43476,,
OH,41.46192,-81.45944,,
OH,40.52327,-82.63341,69000,Debolt Substation
OH,39.22585,-82.19584,138000,Lee Substation
OH,39.59174,-82.93327,138000,
OH,39.60132,-82.898,69000,Circleville Substation
OH,39.24296,-84.77897,,
OH,41.44542,-81.85407,,
OH,40.71677,-81.12187,69000;13090,Pekin Substation
OH,40.72668,-81.1141,69000;13090,Minerva Substation
OH,40.74238,-81.00425,69000,Lynchburg Substation
OH,40.92658,-81.124,69000;12470,Sawburg Substation
OH,39.10337,-84.54492,,
OH,39.58214,-82.5534,138000,Buena Vista Substation
OH,39.39683,-83.10028,345000;138000;69000,Biers Run Station
OH,39.7124,-82.60693,69000;13090,Lancaster Substation
OH,39.58438,-82.53326,69000;13090,Rockbridge Substation
OH,40.55818,-82.96204,69000,Edison Substation
OH,40.46933,-82.93725,69000,
OH,39.90194,-83.02304,138000;69000,
OH,40.37756,-84.24008,,
OH,40.10204,-83.19609,138000;40000;13800,Amlin Substation
OH,41.45241,-82.03626,,
OH,40.8594,-81.93885,69000,
OH,41.40191,-81.90218,138000,Dell Substation
OH,40.09649,-82.91109,69000,
OH,40.71649,-84.10581,34500;13090;4000,South Side Lima Substation
OH,40.58584,-82.8621,,
OH,40.85817,-81.89642,69000;23000;13090,Smithville Substation
OH,39.18794,-83.61969,138000;69000,
OH,40.09347,-83.14243,138000;13800,Dublin Substation
OH,39.48429,-82.77566,69000,Laurelville Substation
OH,39.79829,-82.97458,138000;69000,Lockbourne Substation
OH,39.84434,-82.94616,138000,Obetz Substation
OH,39.23534,-84.44964,,
OH,40.45043,-81.69847,69000,
OH,40.22882,-82.85281,345000;138000,Vassell Substation
OH,40.2307,-82.84651,765000;345000,Vassell Substation
OH,40.01772,-83.09727,138000,Griggs Terminal
OH,40.01028,-83.11605,345000;138000,Roberts Substation
OH,39.20347,-84.22097,,
OH,39.40396,-84.4525,,
OH,39.41613,-84.52695,,
OH,41.08137,-81.51557,,
OH,40.61649,-80.58009,69000,Second Street Substaiton
OH,40.74562,-84.10621,34500;4360,Elizabeth Street Substation
OH,40.72548,-84.11908,34500,
OH,40.83333,-83.97684,69000;13090,Beaverdam Substation
OH,38.62441,-82.84363,,
OH,38.75314,-82.92947,138000,
OH,38.80045,-82.94176,138000,
OH,38.86563,-82.98874,138000,
OH,38.74473,-82.83499,138000,
OH,38.72534,-82.81423,138000,
OH,38.44029,-82.53277,138000,
OH,38.85947,-82.91076,,
OH,39.38189,-84.24849,,
OH,39.36659,-84.54718,,
OH,39.36686,-84.54851,,
OH,40.02488,-83.04592,138000;13800,Kenny Substation
OH,40.39417,-81.33774,69000;34500,Dennison Substation
OH,38.73747,-82.98575,,
OH,38.73865,-82.99938,,
OH,38.73811,-82.99991,138000,AEP Central Substation
OH,39.21732,-84.54811,,
OH,40.55619,-83.15817,138000;34500,Crissinger Substation
OH,40.57205,-84.19149,69000,
OH,40.84578,-84.70779,34500;13090,South Convoy Substation
OH,40.84728,-84.64752,69000;34500,West Van Wert Substation
OH,40.85915,-84.59381,69000;13090;4360,South Van Wert Substation
OH,41.59865,-83.47578,,
OH,41.48154,-83.45482,,
OH,41.50225,-82.96925,,
OH,41.03213,-82.6965,69000;13090,Willard Station
OH,40.58846,-84.18214,69000,
OH,41.05021,-82.78163,69000,Willard-Chase Substation
OH,41.41083,-82.12614,345000;138000,Lake Avenue 2 Substation
OH,41.34322,-82.0651,138000,Fieldstone Substation
OH,41.40269,-82.07569,69000,
OH,41.37468,-82.06926,69000,
OH,41.37266,-82.02427,69000,Sugar Ridge Substation
OH,41.46349,-81.84828,,Edison Substation
OH,39.29594,-83.96171,138000,
OH,39.26066,-84.55644,,
OH,39.39159,-84.65095,,
OH,40.25908,-82.87098,138000,Sunbury Substation
OH,40.11291,-82.98883,69000,Worthington Industries
OH,41.47347,-81.78157,,Lakewood Substation
OH,41.47365,-81.78155,,Lakewood Substation
OH,39.09544,-84.24974,,
OH,41.66873,-83.44229,345000,Lallendorf Substation
OH,41.66721,-83.44193,345000,
OH,41.66796,-83.44193,345000,
OH,41.12069,-84.75009,138000,
OH,41.01817,-84.75704,138000,Timber Switching Station
OH,41.01839,-84.75942,138000,Logtown Switching Station
OH,38.56101,-82.72453,,
OH,38.67974,-82.68915,,
OH,39.1757,-84.21746,,
OH,38.99327,-84.29278,69000,Blairville Substation
OH,38.86573,-84.22764,,
OH,41.48265,-81.73004,,
OH,39.46957,-81.77026,69000,Bartlett Substation
OH,38.85952,-83.90129,,
OH,41.43696,-81.69896,,
OH,39.77061,-83.17213,69000,
OH,41.47695,-81.73061,10000,Gladstone Substation
OH,39.55119,-81.85902,69000,Pennsville Substation
OH,40.92834,-84.56063,345000,Maddox Creek Substation
OH,40.92299,-81.09739,23000,City Substation
OH,40.09571,-82.75002,138000,Smith's Mill Substation
OH,39.46804,-84.35354,,
OH,39.46711,-84.35358,345000;138000,Garver Substation
OH,39.24896,-84.43814,138000,
OH,39.24345,-84.44148,138000,
OH,40.27077,-83.18545,,
OH,39.71235,-83.17697,345000,
OH,39.0767,-83.90782,345000,Hillcrest Substation
OH,41.39274,-81.53855,,
OH,40.01812,-82.34146,138000;69000,
OH,39.55261,-82.94886,138000,
OH,39.9564,-82.97834,138000;13800,Mound Street Substation
OH,39.94398,-82.0084,69000;4360,Shinnick Street Substation
OH,40.10046,-82.14345,138000,
OH,41.48189,-81.61725,,
OH,40.17623,-82.40518,69000,
OH,39.78205,-82.28582,69000,Somerset Substation
OH,39.96198,-81.9995,69000,
OH,39.96218,-82.00012,69000;13090;4360,Linden Avenue Substation
OH,39.93902,-81.94099,138000;69000;13090,East Zanesville Substation
OH,39.79532,-82.27382,69000,
OH,40.1856,-82.46723,69000,
OH,39.90759,-82.94558,138000,LSII Substation
OH,41.13761,-83.30478,69000,Bascom Substation
OH,40.72087,-81.54073,345000;138000;69000,Harmon Substation
OH,40.6925,-82.3387,69000,Coulter Substation
OH,39.96504,-82.49173,34500;13090,Hebron Substation
OH,39.8782,-82.2853,69000,
OH,39.81928,-82.37842,69000,
OH,39.95098,-82.03307,138000;69000;13090,Zanesville Substation
OH,40.96278,-84.05334,69000,Columbus Grove Substation
OH,41.00018,-84.03395,138000,Pauding Putnam Baseline Substation
OH,41.0216,-83.95771,69000;13090,Crawfis College Substation
OH,40.98166,-84.19115,69000;34500;13090,Kalida Substation
OH,41.00624,-84.2066,69000,Kalida Substation
OH,41.02709,-84.03108,69000;13090,East Ottawa Substation
OH,41.09345,-84.09263,69000,Miller City Substation
OH,40.94485,-84.29177,69000,Paulding Putnam Ottoville Substation
OH,41.12224,-84.27878,69000,Paulding Putnam Countinental Substation
OH,40.93772,-83.87943,69000;13090,North Bluffton Substation
OH,40.93179,-84.74552,69000,Paulding Putnam Convoy Station
OH,39.08209,-83.46116,138000,
OH,41.04943,-83.64639,34500;13090,Ash Avenue Substation
OH,40.76463,-83.99368,69000;13090,Lafayette Substation
OH,41.48695,-81.59105,,
OH,39.30638,-84.38651,138000,Dimmick Substation
OH,38.72975,-82.98863,,
OH,41.37646,-83.63965,,
OH,41.37992,-83.61472,,
OH,40.03271,-82.92905,138000;13800,Mifflin Substation
OH,40.03755,-82.90888,138000,Stelzer Substation
OH,41.17474,-81.25022,69000,
OH,41.17597,-81.24294,69000,
OH,39.81773,-83.64603,69000,South Charleston Substation
OH,41.37656,-83.63877,,
OH,40.70103,-83.65333,69000,North Kenton Substation
OH,40.28381,-83.12687,138000,
OH,39.22936,-84.37688,,
OH,41.25325,-84.14016,34500,Holgate Substation
OH,41.44022,-81.72575,,
OH,40.78161,-81.54312,69000,
OH,40.83514,-82.9907,138000;69000;13090,Bucyrus Center Substation
OH,40.85424,-82.82908,138000,Sulphur Springs Substation
OH,39.48239,-84.44708,138000,
OH,40.27317,-81.54157,69000,
OH,40.36155,-81.34698,69000,Newport Substation
OH,41.56745,-84.05133,,
OH,41.59295,-83.51204,,
OH,41.28664,-84.31107,138000,
OH,40.19711,-81.23048,69000,Smyrna Substation
OH,40.17615,-81.28858,69000,
OH,40.10466,-81.3711,69000,
OH,40.19645,-81.03168,138000,
OH,40.2561,-81.02494,138000,
OH,41.57443,-84.03827,138000,
OH,40.77942,-81.39913,23000,
OH,40.44928,-81.22765,138000,
OH,40.73545,-80.92322,138000,
OH,41.53627,-83.5668,,
OH,41.47364,-83.63322,345000;138000,Dowling Substation
OH,41.16378,-80.7478,345000;138000,Niles Substation
OH,41.16616,-80.74823,138000;23000,
OH,39.30298,-81.56986,138000,
OH,39.36745,-84.35094,,
OH,39.95861,-83.1811,345000;138000;69000,Cole Road Substation
OH,40.71133,-81.94624,69000,Moreland Switch Station
OH,39.90281,-83.71525,69000,
OH,40.84684,-83.30092,69000;13090,North Upper Sandusky Substation
OH,41.41326,-81.49677,138000,
OH,41.54579,-81.56724,,
OH,38.91634,-83.98319,,
OH,41.66627,-84.55257,,
OH,41.32624,-83.43938,,
OH,40.58962,-83.12631,34500,
OH,39.90708,-82.73185,69000,Violet Substation
OH,41.70263,-83.5326,,
OH,38.82113,-84.14099,345000,Meldahl Tap
OH,39.25844,-84.22512,138000,
OH,39.24568,-82.34243,138000,
OH,39.55314,-84.07825,69000,Waynesville Substation
OH,39.46936,-83.98394,69000,Caesars Creek Substation
OH,39.58431,-84.31496,138000;69000,Carlisle Substation
OH,39.44657,-83.8925,69000,Webb Road Substation
OH,41.26284,-82.61081,69000,
OH,39.42147,-84.59631,,
OH,39.70846,-84.20269,,
OH,39.97746,-82.47823,69000,
OH,39.97336,-82.47593,69000,
OH,39.50768,-84.41563,,
OH,39.36704,-81.51978,138000,Gorsuch Substation
OH,38.51574,-82.66914,,
OH,40.48286,-80.60517,345000;138000,Toronto Substation
OH,41.03537,-82.0239,69000,
OH,39.09366,-84.52458,,
OH,39.01617,-83.00423,345000,X-530A Switchyard
OH,39.00392,-83.01004,,
OH,40.01499,-82.46149,69000,
OH,38.86475,-83.90976,,
OH,39.01622,-83.87738,,
OH,39.01837,-83.92372,,
OH,39.17857,-84.75913,,
OH,39.2471,-84.78722,,
OH,39.15707,-84.61894,,
OH,39.62928,-81.72446,138000;69000,North Muskingum Substation
OH,41.08081,-81.5242,,
OH,38.86675,-83.89401,,
OH,38.86691,-83.89537,,
OH,38.87185,-83.89943,,
OH,38.87195,-83.89961,,
OH,41.71107,-83.68931,,
OH,38.87647,-83.90303,,
OH,40.44044,-83.28761,138000;69000,Kirby Substation
OH,40.43743,-83.28933,69000,
OH,40.24909,-83.15182,138000,
OH,40.62332,-83.58053,138000;69000;34500,South Kenton Substation
OH,40.586,-83.4531,138000,
OH,40.62152,-83.6228,69000,
OH,40.73391,-82.82825,69000;13090,West Galion Substation
OH,40.38867,-82.48224,69000,
OH,40.36367,-82.46894,69000,
OH,40.424,-82.78692,69000,Harmony Substation
OH,40.33362,-82.23928,138000,
OH,38.86625,-83.78919,,
OH,40.28044,-83.51252,69000,Honda Marysville Substation
OH,39.10968,-84.60082,,
OH,39.86669,-81.90979,138000;13090,West Philo Substation
OH,40.76292,-81.41163,69000,Torrey Substation
OH,41.39298,-83.5863,69000;34500,
OH,40.06842,-80.8739,69000,
OH,39.96478,-80.80493,345000;138000,
OH,39.96581,-80.80688,138000,
OH,40.81186,-82.93795,69000,
OH,40.8122,-82.93797,69000;13090,East Bucyrus Substation
OH,39.11765,-84.80512,,
OH,40.46563,-84.64727,69000,Coldwater Substation
OH,41.07719,-84.5929,69000,Latty Substation
OH,41.68669,-83.48597,138000,Lapier Substation
OH,39.7963,-81.34839,138000,
OH,38.63421,-82.29631,138000,
OH,38.68195,-82.26766,138000,
OH,38.74775,-82.36584,138000,
OH,38.90877,-82.19104,138000,
OH,39.22464,-83.08958,,
OH,41.72008,-83.57326,,
OH,40.71167,-82.78766,69000,
OH,40.75438,-82.50112,69000,
OH,40.78238,-82.73356,69000,
OH,40.67304,-82.57806,69000,
OH,40.876,-81.4009,69000,
OH,40.55856,-84.54305,69000,
OH,41.48958,-81.71916,,
OH,39.47628,-84.39796,,
OH,39.52775,-84.77221,,
OH,39.51313,-84.40241,,
OH,39.73227,-84.62205,69000,Crystal Substation
OH,39.2898,-83.9692,,
OH,38.99507,-84.29097,138000;69000,Clermont Substation
OH,38.93704,-82.12042,,
OH,38.93358,-82.1162,138000,
OH,38.93695,-82.1148,,
OH,38.93889,-82.11508,138000,
OH,39.09979,-83.1117,,
OH,39.11326,-82.99284,138000,
OH,39.01864,-82.82778,,
OH,39.03298,-82.59551,,
OH,39.49786,-84.33721,,
OH,39.52918,-84.3775,,
OH,41.28857,-81.64868,,
OH,41.60858,-84.55113,,
OH,39.35553,-84.09992,,
OH,40.9252,-81.09709,69000,
OH,41.09951,-80.64227,23000,Wood Street Substation
OH,39.46174,-84.35215,,
OH,40.20445,-81.74773,34500,
OH,41.51501,-83.63864,138000,Delafoil Substaiton
OH,40.60093,-83.14602,138000,
OH,40.60792,-83.14101,138000,
OH,40.60939,-83.14321,138000,
OH,40.38422,-83.13408,69000,
OH,40.07449,-82.74441,138000,Babbitt Substation
OH,39.4322,-84.21076,,
OH,39.26145,-84.81037,,
OH,40.88387,-83.97625,,
OH,39.1369,-84.71178,,
OH,40.47781,-82.54051,69000;13090,Fredericktown Substation
OH,41.3636,-82.11939,69000,Woodford Substation
OH,41.66035,-81.36268,,Great Lakes Mall Substation
OH,40.89275,-83.88628,69000;13090,Bluffton Substation
OH,40.10192,-83.19734,138000,Sumac Substation
OH,39.49033,-84.38844,,
OH,41.11958,-81.89213,69000,
OH,40.88421,-83.87979,69000,Airport Substation
OH,41.31298,-80.73896,138000,Cortland Substation
OH,41.277,-80.78057,138000,Elm Substation
OH,39.10655,-84.51234,,
OH,39.10656,-84.51232,,
OH,39.25811,-84.41212,,
OH,39.10739,-84.53771,,
OH,39.28107,-84.36114,,
OH,39.28854,-84.30654,138000,
OH,41.11902,-80.63744,,
OH,39.09381,-84.63789,,
OH,39.14076,-84.61419,,
OH,39.12029,-84.62563,,
OH,41.69144,-83.45986,,
OH,41.46384,-84.52921,,
OH,39.08801,-84.3907,,
OH,41.05366,-80.65725,,
OH,39.27601,-84.36679,,
OH,39.17416,-84.29508,,
OH,41.45951,-81.69993,,
OH,40.10622,-82.99621,69000,Busch Substation
OH,40.92172,-83.82867,34500,Mt. Cory Substation
OH,40.92998,-83.8458,0,
OH,40.93699,-83.80369,34500;13090,East Mt. Cory Substation
OH,38.83916,-82.21539,69000;13090,Haners Substation
OH,41.25422,-84.03692,34500,Maroe Substation
OH,39.59733,-83.39108,69000,
OH,41.32756,-83.90225,34500,Mcclure Substation
OH,41.47621,-83.46125,345000,
OH,38.8668,-84.22662,,
OH,38.87032,-84.22501,,
OH,38.93804,-84.07491,,
OH,40.89641,-84.30886,69000,
OH,41.55623,-83.55444,,
OH,39.23105,-84.16263,,
OH,40.51678,-81.47778,69000,
OH,40.52138,-81.46134,69000;34500,Greer Substation
OH,40.52033,-81.46794,69000,
OH,38.86167,-82.14959,138000;69000;12000,Addison Substation
OH,39.63792,-84.37019,69000,Germantown Substation
OH,41.09998,-80.65632,,
OH,41.1031,-80.66403,,
OH,41.0763,-80.62448,23000,Center Street Substation
OH,40.7496,-81.53178,69000,
OH,41.103,-80.66992,,
OH,41.10304,-80.66973,,
OH,40.8468,-84.06125,69000;13090,Cairo Substation
OH,41.03613,-83.67011,34500,Totten Substation
OH,38.91245,-82.13013,345000,
OH,41.02502,-83.67985,34500,
OH,41.57456,-83.54643,,
OH,41.56859,-83.68244,69000,
OH,41.41399,-83.463,,
OH,40.39939,-82.49695,69000;4360,North Mount Vernon Substation
OH,41.70918,-83.5769,138000,
OH,41.48728,-83.21865,,
OH,41.65228,-83.58677,,
OH,41.10195,-80.59574,,
OH,41.09867,-80.60519,,
OH,41.09746,-80.57564,,
OH,41.08944,-80.61648,,
OH,41.09562,-80.61366,,
OH,41.09868,-80.65385,,
OH,41.10805,-80.64834,,
OH,41.0744,-80.65354,,
OH,41.13192,-80.57551,,
OH,41.67437,-83.47569,138000,
OH,40.88615,-80.69101,69000,
OH,40.88582,-80.68883,69000,
OH,40.59938,-83.97731,,
OH,41.09941,-80.64906,,
OH,41.09968,-80.65207,,
OH,41.10079,-80.65327,,
OH,41.49976,-81.61631,,
OH,41.09955,-80.64753,,
OH,41.09842,-80.6495,,
OH,41.09817,-80.64857,,
OH,41.09772,-80.6485,,
OH,41.09626,-80.6469,,
OH,41.10137,-80.65082,,
OH,41.09622,-80.65768,,
OH,41.07238,-80.6669,,
OH,41.7423,-81.22127,138000,Painesville Substation 2
OH,40.56806,-82.85878,69000;12470,Bingham Road Substation
OH,40.76504,-82.69595,138000;69000,Leaside Substation
OH,40.72047,-82.51348,69000,
OH,40.77595,-82.56724,69000,
OH,41.60636,-83.78584,138000,Johnson Controls Substation
OH,41.10388,-83.58107,138000;34500,Ebersole Substation
OH,39.995,-82.03568,138000,North Zanesville
OH,39.92679,-82.02794,69000,
OH,40.91908,-83.48506,69000;13090,South Vanlue Substation
OH,41.23969,-83.42207,138000,
OH,41.10723,-80.6525,,
OH,39.89913,-83.11837,138000,Bolton Substation
OH,39.46506,-84.39714,,
OH,41.07838,-80.65959,,
OH,40.86257,-83.63377,69000;34000,Arlington Substation
OH,39.08658,-82.5467,138000,
OH,39.09356,-82.54341,138000,
OH,39.2779,-84.43233,,
OH,39.28267,-84.42605,,
OH,40.69684,-82.41962,,
OH,40.80403,-81.96045,69000;13090,West Wooster Substation
OH,39.16156,-84.6991,,
OH,41.19583,-83.35649,69000,Jackson Substation
OH,41.09453,-80.61579,,
OH,40.31312,-80.60367,,
OH,40.32636,-81.05726,138000,
OH,40.29421,-80.98355,69000,
OH,41.03952,-82.60761,69000,Boughtonville Substation
OH,41.03531,-82.52394,69000,
OH,41.03393,-82.51251,69000;2520,Greenwich Substation
OH,41.24021,-82.66495,69000,
OH,41.10302,-80.65377,,
OH,41.11257,-80.64511,,
OH,41.68738,-83.62729,138000,
OH,41.10384,-80.70055,,
OH,41.10308,-80.69689,,
OH,40.8612,-82.64332,138000,
OH,40.77551,-84.09102,34500,Dana Corp. Substation
OH,41.10121,-80.67641,,
OH,39.36751,-83.40094,69000,Greenfield Substation
OH,41.0866,-80.652,,
OH,41.44329,-81.56446,,
OH,41.09749,-81.54395,,
OH,41.09774,-81.54525,,
OH,41.60145,-83.90993,345000;138000,Fulton Substation
OH,39.96436,-82.99769,138000;13800,Gay Street Substation
OH,41.07433,-80.65099,,
OH,41.07446,-80.65099,,
OH,41.116,-80.65491,,
OH,41.18707,-83.67359,34500,
OH,40.90913,-81.09416,69000;12470;4160,Southeast Substation
OH,41.10484,-80.62258,,
OH,41.08777,-80.64277,23000,
OH,41.07981,-80.63992,,
OH,39.98965,-83.03231,138000;13800,Hess Street Substation
OH,41.07135,-80.65538,,
OH,41.51526,-83.34858,,
OH,40.79167,-82.52254,138000,
OH,41.13324,-80.57298,,
OH,41.11701,-80.65262,,
OH,41.11726,-80.65283,23000,Emerson Substation
OH,41.10391,-80.64783,,
OH,41.10377,-80.647,,
OH,41.10402,-80.64862,,
OH,41.07149,-80.63659,,
OH,41.06146,-80.65716,,
OH,41.0617,-80.6541,,
OH,41.43997,-81.57457,,
OH,40.46516,-82.36423,138000,
OH,40.55698,-82.30754,69000,
OH,41.0406,-81.71309,69000,Substation #5
OH,40.37368,-80.62141,,
OH,39.97161,-81.57511,69000,
OH,39.99021,-81.56513,69000;34500,
OH,40.01121,-81.61905,69000;13090,Fairdale Substation
OH,40.01816,-81.56636,69000;34500,East Cambridge Station
OH,39.94968,-83.3081,69000,
OH,41.65215,-82.82133,,
OH,41.14425,-83.45002,69000,Fostoria Substation
OH,41.15327,-83.42892,69000,
OH,40.21358,-83.19775,138000,
OH,40.26538,-82.98767,138000;69000,
OH,40.71949,-83.23567,69000,
OH,40.28206,-83.52614,,
OH,41.39529,-84.10808,69000,
OH,41.39531,-84.10841,69000,
OH,41.55549,-84.15252,138000,Lear Substation
OH,39.9448,-83.30621,69000,
OH,41.65318,-82.81643,,
OH,41.65381,-82.81963,,
OH,41.65165,-82.81961,,
OH,41.65312,-82.81542,,
OH,41.1295,-80.61752,,
OH,39.23535,-84.43555,,
OH,39.24417,-84.43575,,
OH,40.95869,-80.63938,,
OH,41.42092,-81.50289,,
OH,41.4194,-81.50291,,
OH,40.09368,-84.49019,69000,Gettysburg Substation
OH,41.02498,-81.72162,69000,Substation #1
OH,40.58656,-83.73147,345000,Scioto Ridge Substation
OH,41.04677,-80.67816,,
OH,41.04394,-80.63358,,
OH,41.57609,-84.03724,138000,
OH,40.80337,-81.9218,,
OH,40.77132,-84.64612,,Ohio City Substation
OH,41.65686,-84.67028,69000,
OH,40.58272,-84.43994,69000,Noble Substation
OH,40.42995,-84.39291,69000,
OH,40.42276,-84.38674,138000;69000,Amsterdam Substation
OH,40.55019,-84.37409,69000,
OH,40.55325,-84.34324,138000;69000,Hegemann Substation
OH,40.55288,-84.34032,138000;69000;13090,West Moulton Substation
OH,40.52455,-84.39099,69000,
OH,40.55875,-84.18816,69000,
OH,40.5432,-84.18207,138000;69000,
OH,40.53954,-84.18387,69000,
OH,40.37612,-84.18613,69000,Honda Anna 1 Substation
OH,39.97402,-84.17745,69000,
OH,39.96397,-84.16909,69000,
OH,38.54886,-82.39697,138000,
OH,39.44821,-81.46285,,
OH,41.09773,-80.65887,23000,
OH,40.79146,-83.71462,69000,Dolehard Substation
OH,40.02875,-83.82845,69000,
OH,38.9573,-83.42449,138000,
OH,41.12737,-81.46516,,
OH,41.46352,-81.58295,,
OH,41.42906,-81.65223,,
OH,41.08795,-80.67128,,
OH,41.09021,-80.66016,23000,Oak Hill Substation
OH,41.37676,-81.92102,,
OH,41.43742,-81.76896,,
OH,41.43208,-81.8126,,
OH,41.43364,-81.81396,,
OH,41.47775,-81.99963,138000,
OH,41.49401,-82.05105,138000,
OH,39.70973,-82.29386,138000,Junction City Substation
OH,39.52007,-82.39877,138000;69000,Hocking Substation
OH,39.55541,-82.3892,69000;4000,North Logan Substation
OH,39.87669,-82.90181,138000,
OH,41.15398,-80.77362,23000,
OH,41.2671,-80.84978,138000,
OH,41.14742,-80.69933,23000,
OH,41.12697,-80.6858,138000,
OH,41.1306,-80.68765,138000,
OH,41.77374,-81.05207,,
OH,39.63678,-83.77199,69000,Jamestown Substation
OH,39.27573,-84.11427,,
OH,41.62144,-84.74621,69000,
OH,41.55679,-84.74941,69000,
OH,38.53875,-82.67992,,Center Street Substation
OH,41.18025,-84.74703,69000;12470,Antwerp Substation
OH,39.83382,-83.31042,69000,
OH,41.45172,-84.72891,69000,
OH,41.41465,-81.52916,,
OH,41.21132,-83.89772,69000,North Substation
OH,40.72376,-84.11161,34500,
OH,40.72128,-84.12829,34500,Sub 0
OH,40.71285,-84.13685,34500,
OH,41.11938,-80.58719,,
OH,40.4499,-83.89857,69000,
OH,39.90993,-83.71311,138000,North Titus Substation
OH,41.24039,-82.70352,69000,Gerber Lee Substation
OH,38.7601,-82.99098,,
OH,41.70143,-81.3781,,Main Substation
OH,39.125,-82.29105,138000,
OH,39.74486,-82.50114,69000,Valley View Substation
OH,40.39718,-81.09709,69000,Scio Substation
OH,40.31555,-83.56503,69000,
OH,41.10191,-80.65465,,
OH,40.47128,-82.46133,69000,Mount Vernon Substation No. 2
OH,41.23707,-80.75158,138000,Garden Substation
OH,41.4478,-80.86824,69000;12470,Bloomfield Substation
OH,41.21565,-80.7562,,Eastwood Mall Substation
OH,41.19973,-80.72984,138000,Niles Central Substation
OH,41.31126,-80.57899,69000,Hartford Substation
OH,41.17474,-80.72818,138000,McDonald Steel Substation
OH,41.23943,-80.88194,69000;12470,Leavittsburg Substation
OH,39.67454,-81.88177,69000,
OH,41.88456,-80.75897,,
OH,41.44652,-82.11624,138000,
OH,41.29645,-81.86997,138000,
OH,41.18083,-81.3401,69000,
OH,41.15001,-81.31774,69000,
OH,41.65797,-82.82246,,
OH,40.76509,-82.50322,69000;4160,First Avenue Substation
OH,41.2257,-83.20914,69000,
OH,41.34454,-83.13841,69000,West Fremont Substation
OH,41.58083,-83.73679,,
OH,41.11671,-83.97381,69000,North Leipsic Substation
OH,41.42202,-81.7658,,
OH,41.47084,-81.69797,10000,Walton Substation
OH,40.26976,-81.76466,34500,
OH,40.21783,-81.86597,69000,
OH,41.80198,-81.14482,,
OH,40.77713,-82.51988,69000;12470,Bowman Substation
OH,40.36229,-80.91398,69000,
OH,40.40387,-81.24117,138000,
OH,40.52391,-81.45956,69000;13090,East Dover Substation
OH,41.12157,-84.41935,69000,Fort Brown Substation
OH,39.80729,-84.13693,,
OH,41.34016,-84.61148,69000,
OH,41.30816,-80.96779,69000,
OH,41.37784,-84.51661,,
OH,41.46203,-84.77753,69000,
OH,41.42815,-84.30504,138000,Ridgeville Substation
OH,39.7751,-81.44369,138000,
OH,39.7966,-81.67394,138000;69000,
OH,39.64584,-81.87504,69000;13090,West Malta Substation
OH,41.39331,-82.59005,69000,
OH,41.47124,-84.51813,,
OH,40.81482,-81.37691,,
OH,40.63238,-80.54595,69000,Saint George Substation
OH,39.99811,-83.00735,,
OH,41.10031,-80.64837,,
OH,40.53195,-80.63382,345000;138000,Sammis Substation
OH,39.93336,-81.52729,69000,
OH,39.82204,-84.79245,33000;4000,New Westville Substation
OH,40.317,-80.60628,138000,
OH,40.34013,-80.9325,69000,
OH,41.22444,-84.61329,69000,North Cecil Substation
OH,41.11113,-83.14718,138000;69000,Greenlawn Substation
OH,41.36055,-83.11227,69000,North Fremont Substation
OH,41.36318,-83.10209,69000,Crown Battery Substation
OH,38.44678,-82.36544,,
OH,38.68369,-82.86144,,
OH,38.59502,-82.81358,,
OH,38.57793,-82.78939,,
OH,38.80322,-82.98562,,
OH,39.3218,-82.97643,,
OH,39.40399,-82.95988,138000,
OH,39.40802,-82.9605,138000;69000,Delano Road Substation
OH,40.798,-82.96309,69000;13090,Bucyrus Substation
OH,41.5165,-84.28859,69000,Suader Woodworking Substation
OH,40.02118,-82.47011,69000,
OH,39.71907,-82.5254,69000;13090,Ralston Substation
OH,40.78324,-83.64638,69000;34000,Dunkirk Substation
OH,39.70005,-82.45202,69000;13090,Bremen Substation
OH,39.56695,-82.06504,,
OH,40.40282,-81.10279,69000,
OH,41.67335,-83.47686,138000,
OH,41.67233,-83.45465,138000,
OH,41.6943,-83.51351,69000,
OH,41.4043,-84.10824,,
OH,41.41363,-84.381,69000,
OH,41.67434,-83.74074,138000,
OH,41.47782,-81.88285,,
OH,39.12119,-84.41717,69000,Linwood Substation
OH,41.39662,-84.10686,69000,
OH,41.38298,-81.73859,,
OH,41.83972,-80.85565,,
OH,41.67546,-83.30754,138000,
OH,41.33303,-82.8352,138000;69000,
OH,40.26776,-83.00881,138000,
OH,41.15058,-80.83988,345000,Lordstown Switching Station
OH,39.39941,-82.16694,,
OH,41.05988,-80.67303,,
OH,40.03544,-82.64972,138000,
OH,40.03548,-82.65051,138000,
OH,39.52885,-81.5038,,
OH,41.94875,-80.56448,,
OH,41.12331,-80.57466,,
OH,41.09331,-84.27191,69000;13090,Continental Substation
OH,40.03712,-82.02546,138000,
OH,40.33863,-82.49827,138000;69000,
OH,40.63368,-82.49532,138000;69000,
OH,39.69012,-82.56712,138000;69000;34500;13090,South Lancaster Substation
OH,41.90474,-80.76587,,
OH,41.89983,-80.79818,,
OH,40.26731,-82.71753,138000;34500;13800,Centerburg Substation
OH,40.26118,-82.83175,138000;34500,Trent Substation
OH,41.1056,-80.64645,,
OH,41.37534,-81.78762,,
OH,40.09642,-83.00197,138000,Diamond Innovations Substation
OH,40.28584,-83.08991,69000;13800,Park Substation
OH,39.935,-83.76659,138000;69000,East Springfield Substation
OH,40.27951,-83.12753,138000,
OH,40.283,-83.12732,138000,
OH,41.71607,-83.52201,,
OH,40.62967,-83.12281,138000,
OH,40.62232,-83.15655,138000,
OH,40.66411,-82.82641,69000,
OH,41.69279,-81.30581,,
OH,40.82295,-82.59144,138000,
OH,40.8868,-82.74271,69000,Hinesville Substation
OH,41.66255,-81.36835,,
OH,41.04139,-83.1296,138000,Melmore Substation
OH,41.08104,-83.13206,69000;13090,East Tiffin Substation
OH,40.06102,-83.70827,138000,Givens Substation
OH,40.70156,-84.10547,138000;34500,Sterling Substation
OH,41.08821,-83.64022,138000;13090,Flag City Substation
OH,41.42183,-81.76146,,
OH,41.50206,-81.53675,,Stanhope Substation
OH,40.41122,-82.65202,138000,
OH,41.63049,-82.83853,,
OH,41.51921,-81.5161,,Euclid Substation
OH,40.64293,-83.72339,138000,Lynn Substation
OH,40.7884,-82.18561,69000,Jerome Substation
OH,41.63557,-81.47392,,Shoregate Substation
OH,39.72298,-82.56949,69000;13090,Lancaster Junction Substation
OH,41.07239,-80.67356,,
OH,41.40709,-81.80134,,Brookgate Substation
OH,41.41776,-81.92291,,Dover Substation
OH,40.80484,-82.52243,138000,Cairns Substation
OH,41.67138,-84.07029,138000,Lyons Substation
OH,41.31938,-82.26806,138000;69000,Henrietta Substation
OH,41.46336,-81.84841,,
OH,41.58221,-84.43447,,
OH,41.42313,-82.10318,138000,
OH,41.2904,-82.60242,69000,
OH,41.3011,-81.34219,,Aurora Farms Substation
OH,41.23528,-80.81947,,
OH,41.4654,-81.68631,138000,
OH,41.49045,-82.05137,,
OH,41.48997,-82.05151,,
OH,40.64855,-81.30629,69000,Magnolia Substation
OH,41.41261,-84.49812,69000,
OH,41.3749,-82.72987,345000;138000,Hayes Substation
OH,41.42083,-82.74799,138000,
OH,41.4069,-81.63263,138000,
OH,41.41001,-81.63382,138000,
OH,41.505,-81.61471,,
OH,41.50022,-81.62671,,
OH,41.44207,-83.13826,138000,
OH,41.51547,-81.63269,,Wade Park Station
OH,41.52805,-84.63246,69000,
OH,39.70433,-84.14811,,
OH,40.84733,-84.35094,69000;13090,Delphos Substation
OH,41.41258,-84.60255,69000,
OH,39.06829,-84.42886,,
OH,40.06685,-82.76579,138000,Anguin
OH,40.06056,-82.76563,138000,
OH,39.76099,-82.73494,138000;69000,
OH,39.42958,-82.21424,138000,Kimberly Substation
OH,39.04413,-82.61005,138000,Lick Substation
OH,41.35359,-84.70906,69000,
OH,41.29682,-81.87065,138000,
OH,41.05453,-80.6163,69000;4160,Bancroft Substation
OH,41.40074,-81.87964,138000,
OH,41.40628,-81.87104,138000,
OH,41.10664,-80.6438,,
OH,40.31457,-82.35983,69000,Martinsburg Substation
OH,41.07881,-80.64173,23000;4160,Gibson Substation
OH,40.83403,-83.05478,69000;13090,Broken Sword Substation
OH,39.45327,-84.48343,,
OH,41.08521,-80.67188,,
OH,39.73238,-81.11021,,
OH,41.6524,-82.83218,,
OH,39.21239,-84.44121,,
OH,40.37235,-84.19265,138000,Honda Anna 2 Substation
OH,40.16099,-84.13037,138000,Halterman Substation
OH,40.03377,-84.17618,138000,Staunton Substation
OH,40.03958,-84.05536,69000,East Casstown Substation
OH,41.04609,-81.00052,69000,
OH,39.90782,-84.05715,138000;69000,
OH,39.89259,-83.83304,138000,
OH,41.63392,-83.49757,,
OH,40.081,-80.97,69000,
OH,39.45038,-84.4603,345000,
OH,39.39625,-83.10225,69000,
OH,39.24118,-84.4416,138000,
OH,38.99159,-84.29635,138000,Beckjord Substation
OH,39.986,-82.02979,,
OH,40.74001,-81.51705,69000,
OH,40.76636,-81.50919,,
OH,40.76271,-81.5047,138000,Legend Substation
OH,38.80937,-83.58385,,
OH,39.12134,-83.11664,,
OH,38.7009,-82.83294,138000,
OH,38.70054,-82.83393,138000,
OH,38.57307,-82.7822,765000,
OH,40.79643,-81.38797,69000,Schroyer Avenue Substation
OH,39.34236,-84.03043,138000,
OH,39.0327,-83.70097,138000,
OH,41.53551,-81.04543,138000,
OH,41.5353,-81.04468,,
OH,40.5644,-83.11734,34500;12470,Park Substation
OH,41.40249,-81.56623,,
OH,38.50989,-82.42645,138000,
OH,39.53808,-82.42582,69000;13090,West Logan Substation
OH,38.89827,-82.33071,138000,
OH,38.88545,-82.30203,138000,
OH,40.1362,-83.01359,69000;13090,Lazelle Substation
OH,38.85024,-82.6252,138000,
OH,41.88139,-80.78382,,
OH,39.58539,-81.67921,138000,
OH,39.80917,-81.32972,138000;69000,
OH,39.77151,-81.29106,138000,
OH,39.81329,-81.30422,138000,
OH,40.56965,-84.179,69000,Middle Substation
OH,40.68572,-84.24256,34500,Amanda Substation
OH,39.60621,-81.16184,138000,
OH,40.76864,-83.8803,69000,Ada Substation
OH,40.80395,-84.24377,69000,Elida Substation
OH,39.77347,-81.29074,138000,
OH,39.769,-81.28595,138000,
OH,41.43199,-81.88381,,
OH,39.71387,-81.54149,138000,
OH,40.70631,-84.12214,34500,
OH,39.93164,-81.12833,138000;69000,
OH,40.00519,-81.12538,69000,
OH,39.98483,-81.17854,69000;13090,Barnesville Substation
OH,39.67315,-81.49121,138000,
OH,40.82135,-84.28216,69000;13090,East Delphos Substation
OH,39.78616,-84.09227,,
OH,40.72169,-84.35913,69000;13090,North Spencerville Substation
OH,41.53759,-82.75104,,Kelleys Island Substation
OH,39.6026,-84.20505,,
OH,41.29896,-80.75893,,
OH,39.42458,-81.48214,138000;13090,Harmar Hill Substation
OH,40.68049,-81.19581,138000;69000,Malvern Substation
OH,40.63095,-81.13003,138000,
OH,41.10493,-80.64354,,
OH,39.92101,-80.79019,138000,
OH,40.24425,-81.0024,138000,
OH,40.029,-80.81991,69000,
OH,40.01445,-80.89468,138000;69000,Glencoe Substation
OH,40.04512,-80.88779,69000,
OH,40.25402,-80.64891,138000,
OH,41.53321,-81.10791,,
OH,40.5457,-81.00881,138000,
OH,41.5204,-81.40603,,
OH,40.60424,-81.06281,345000,Carroll County Energy Substation
OH,40.60454,-81.06096,345000,
OH,41.14918,-80.85322,345000,Lordstown Energy Center Substation
OH,40.77312,-80.80215,138000,
OH,40.63524,-80.68143,345000,South Field Substation
OH,39.70813,-82.57683,69000;13090,East Lancaster Substation
OH,41.2758,-84.37838,138000,
OH,41.09046,-80.88975,138000,
OH,41.09624,-80.88541,138000,
OH,41.01371,-80.9506,138000;69000,
OH,40.24526,-83.37276,,
OH,41.49923,-81.70482,,
OH,41.47402,-81.71426,138000,West 41st Street Substation
OH,41.0612,-80.62491,,
OH,41.87388,-80.81279,,
OH,40.46009,-84.03994,69000,
OH,39.47584,-81.30476,,
OH,39.49598,-81.44464,138000,
OH,41.18994,-80.78338,138000,Reactive Metals Substation
OH,41.41176,-81.86395,,
OH,41.4141,-81.86155,,
OH,41.62979,-82.83867,,
OH,39.6918,-83.91133,69000,Xenia Substation
OH,40.45735,-81.02419,138000,
OH,40.44711,-81.20429,138000,
OH,40.42195,-81.22628,69000,Leesville Substation
OH,40.76137,-81.1894,69000;13090,Robertsville Substation
OH,40.37051,-81.34632,69000,
OH,41.01693,-84.59492,138000,
OH,40.5526,-83.75826,345000,
OH,40.62869,-84.15905,69000;13090,Cridersville Substation
OH,40.93236,-84.32016,69000;13090;12470,Ottoville Substation
OH,41.04107,-84.68746,138000,
OH,40.37577,-80.62424,69000,
OH,39.79204,-84.09228,,
OH,39.79144,-84.08363,69000,
OH,39.79141,-84.0802,,
OH,41.27187,-80.67432,69000,Youngstown Air Force Substation
OH,41.23616,-80.6725,69000,Vienna Substation
OH,41.27273,-80.6362,69000,Tyrrell Substation
OH,41.06418,-80.60257,,
OH,39.41401,-81.45646,,
OH,39.44857,-81.44731,138000,
OH,39.28859,-81.57665,138000,
OH,39.52376,-81.48763,138000,
OH,39.76857,-82.57839,69000,
OH,41.11766,-80.77272,,
OH,39.47743,-81.61752,,
OH,39.94014,-81.98086,69000;13090,Oakland Station
OH,39.25962,-84.66614,,
OH,39.49445,-81.44657,,Marietta Substation
OH,39.63539,-81.46517,138000,
OH,39.44886,-81.14516,,
OH,39.44881,-81.14539,,
OH,41.29022,-80.8303,,
OH,40.25674,-84.61507,69000,Hollinger Road Substation
OH,40.26429,-84.63562,69000,Rossburg Substation
OH,39.53961,-81.63555,23000;13090,Waterford (CSP) Substation
OH,41.21753,-80.74776,,
OH,41.03401,-83.64768,34500,
OH,41.67614,-83.4519,,
OH,41.68252,-83.45016,,
OH,41.67746,-83.45569,,
OH,41.30712,-82.96566,69000,Clyde Substation
OH,41.24479,-80.82892,138000,Mahoningside Substation
OH,41.15152,-80.86636,138000,
OH,41.15063,-80.86796,138000,
OH,41.44745,-80.64631,69000;12470,Dilworth Substation
OH,39.38503,-81.37548,138000,
OH,39.28116,-81.61241,,
OH,41.2371,-80.86442,138000,Reinforce Systems of Ohio Substation
OH,41.22564,-80.83623,,
OH,39.0765,-83.90607,,
OH,41.44124,-82.20202,69000,
OH,39.40422,-81.68807,138000,Layman Substation
OH,39.79906,-84.05272,69000,
OH,39.78884,-84.09472,,
OH,40.07758,-80.86838,69000,
OH,40.13248,-80.80965,69000,
OH,40.81774,-81.40153,69000,Stadium Park Station
OH,40.80796,-81.34312,69000,
OH,40.80351,-81.33826,69000,
OH,40.80314,-81.3338,,
OH,39.05553,-82.62486,69000,
OH,39.08112,-82.54902,138000;69000,AEP Transmission Rhodes Station
OH,39.08711,-82.63121,69000,
OH,39.11412,-82.68797,69000,
OH,40.22245,-83.0431,138000,Greif Substation
OH,39.92973,-81.53601,765000,
OH,39.93644,-81.53708,765000,
OH,39.92933,-81.47939,69000;13090,Senecaville Substation
OH,39.32737,-82.1093,69000,Ohio University Substation
OH,39.42028,-83.83613,69000,Wilmington Substation
OH,39.81665,-84.47167,69000,Mid Valley Pipeline Co. Substation
OH,41.21216,-80.69915,,
OH,39.84725,-82.60546,69000;4360,Fairfield Substation
OH,40.29912,-84.4055,69000,Newport Substation
OH,41.16415,-80.56701,,
OH,41.16462,-80.56741,,
OH,40.34853,-84.40111,69000,Loramie Substation
OH,40.27826,-84.63654,,
OH,41.19293,-80.9678,69000,
OH,41.03803,-80.61914,69000;12470,Mathews Substation
OH,39.87304,-82.06285,69000;13090,Avondale Substation
OH,39.91134,-82.01398,69000,
OH,40.7687,-81.48299,69000,
OH,40.94454,-83.79113,34500,Rawson Standard Oil
OH,40.99346,-83.72791,34500,West Findlay Substation
OH,41.10954,-83.87137,34500,Shawtown Substation
OH,41.02416,-84.06423,69000,Ottawa Substation
OH,40.87792,-83.93995,138000;69000,Boutwell Substation
OH,41.11565,-81.52597,,
OH,41.10032,-81.48557,,
OH,39.19009,-84.35792,,
OH,38.69231,-83.10653,,
OH,41.67217,-82.81314,,
OH,40.83159,-81.3761,69000,
OH,41.67469,-82.81336,,
OH,41.14255,-81.47244,,
OH,41.16246,-81.47843,,
OH,39.80196,-82.1391,138000,
OH,39.7352,-82.22443,138000;69000,Clouse Substation
OH,39.19449,-84.66471,,
OH,39.3363,-82.11593,69000,
OH,40.0491,-82.5465,69000,
OH,40.07397,-82.74126,345000;138000,Babbitt Substation
OH,40.05671,-82.76782,138000,
OH,39.95572,-82.66636,69000;34500;13090,Etna Substation
OH,39.72579,-82.68729,138000,
OH,39.72584,-82.6919,138000,
OH,39.72698,-82.6919,138000,
OH,39.85625,-82.99168,138000,Cyprus Switching Station
OH,39.15068,-84.5109,,
OH,41.12934,-81.48119,,
OH,41.36596,-81.04851,69000,
OH,39.64987,-82.75173,69000,Amanda Substation
OH,39.23521,-82.79269,69000;13090,Vigo Substation
OH,39.31258,-82.87305,69000;13090,Ginger Substation
OH,41.25209,-81.88853,69000,
OH,41.25141,-81.88711,69000,
OH,41.53255,-81.64311,138000,
OH,41.53319,-81.64098,138000,
OH,41.53001,-81.64911,,
OH,39.30847,-84.24713,,
OH,40.35633,-82.48934,69000,Commerce Substation
OH,40.65265,-80.73312,345000,Wellsville Substation
OH,40.01525,-81.6612,69000,Cassell Junction Co-op Substation
OH,40.0045,-83.01367,,
OH,40.00468,-83.01343,,
OH,40.00452,-83.01348,,
OH,40.00265,-83.01586,,
OH,41.0942,-80.67491,,
OH,39.09578,-81.75194,,
OH,40.58437,-84.20744,69000,Defiance Substation
OH,39.48604,-84.22343,,
OH,40.87365,-81.33966,69000,
OH,40.53507,-84.11346,345000;138000,
OH,39.49914,-82.5765,,
OH,39.58032,-84.12475,138000,
OH,39.58692,-84.22249,138000,
OH,39.60704,-84.28957,,
OH,41.41749,-81.57387,,
OH,41.22832,-83.64153,34500,
OH,39.54775,-83.30649,69000,
OH,39.41853,-83.7654,69000,Air Park Substation
OH,39.50296,-83.06539,138000,
OH,39.50335,-83.06451,138000,
OH,40.96901,-81.31465,,
OH,39.32597,-83.35281,69000,Buckskin Substation
OH,39.25307,-83.47231,69000,Petersburg Substation
OH,39.20135,-81.82927,69000,
OH,41.57956,-81.57233,,
OH,41.96458,-80.55005,,
OH,40.33603,-83.43101,345000;69000,Peoria Substation
OH,40.0782,-80.90982,69000,
OH,40.08584,-80.90963,69000,
OH,39.76141,-81.09877,,
OH,41.89742,-80.68075,,
OH,39.92755,-84.23302,138000,Airport Substation
OH,39.2985,-84.47524,,
OH,40.36089,-83.78339,69000,
OH,39.12266,-84.43583,,
OH,41.18386,-80.76272,,
OH,39.36946,-84.22666,,
OH,40.87733,-82.67062,,
OH,38.57776,-82.78896,69000,
OH,40.44627,-84.04065,69000,
OH,39.20381,-84.55778,,
OH,40.7732,-81.46164,,
OH,40.77337,-81.41886,69000,Nolan Substation
OH,40.78656,-81.39623,,
OH,40.78999,-81.36733,69000,
OH,40.78412,-81.2901,69000,
OH,38.46259,-82.60285,,
OH,41.2749,-80.79574,138000,Packard Substation
OH,39.8524,-82.99251,138000,
OH,39.77251,-82.68716,69000,
OH,41.27206,-80.85149,,
OH,41.51722,-81.56427,,James Substation
OH,39.05217,-84.05587,,
OH,39.07759,-84.1824,,
OH,41.02289,-84.03414,69000,
OH,38.91571,-81.90693,69000;13090,Racine Hydro Substation
OH,41.42054,-82.11875,69000;12470,Vincent Substation
OH,41.44628,-82.11218,138000,Charleston Substation
OH,41.29557,-81.46794,69000,
OH,39.01861,-84.20506,,
OH,40.05775,-82.74703,138000,Brie Substation
OH,39.07241,-84.09302,,
OH,41.40176,-81.65218,138000,Issler Substation
OH,41.41784,-81.59485,,
OH,41.42246,-81.75608,138000,Furlong Substation
OH,41.3622,-81.52356,138000,Kirk Substation
OH,41.60878,-83.79709,138000,Liquid Air Substation
OH,41.61946,-83.61189,69000,Medical College Substation
OH,41.32656,-84.02596,34500,Malinta Substation
OH,41.34264,-83.80889,69000,Sand Hill Substation
OH,40.7683,-81.53908,138000;69000;23000;4160,Cloverdale Substation
OH,40.63105,-80.54787,69000,East End Substation
OH,40.62738,-80.57406,69000,Saint Clair Avenue Substation
OH,40.6706,-80.57502,69000,Calcutta Substation
OH,40.66011,-80.61417,69000,Glenmoor Substation
OH,41.01821,-84.75806,138000,Timber Road Substation
OH,39.7257,-82.61273,69000;13090,Memorial Drive Substation
OH,39.67282,-82.43113,69000,Geneva Substation
OH,39.58166,-82.55353,138000,Good Hope Switching Station
OH,39.86236,-83.11857,345000;138000;69000,Beatty Substation
OH,40.05872,-83.13188,138000,Britton Switching Station
OH,40.05863,-83.13233,138000,Vadata Incorporated Substation
OH,39.92623,-82.95369,40000,Royal Building Products Substation
OH,39.92827,-82.97252,40000,ITC Manufacturing Substation
OH,39.92263,-82.93874,40000,Columbus Auto Shredding Substation
OH,41.17051,-81.87934,138000,Buckeye Substation
OH,41.43009,-82.26554,345000,West Lorain Substation
OH,41.48482,-81.76671,33000,Freedom Substation
OH,41.46516,-81.75773,10000,Garfield Substaiton
OH,41.53475,-81.61679,10000,Ibex Substation
OH,41.45369,-81.67609,138000,LTV East Substation
OH,39.99514,-83.77259,69000;12470,Moorefield Substation
OH,41.46243,-81.62545,138000,
OH,41.46241,-81.62575,138000,
OH,41.45181,-81.69141,138000,
OH,41.4736,-81.6794,138000,Air Products Substation
OH,41.4911,-81.68483,138000,
OH,41.49381,-81.68815,138000,Horizon Substation
OH,41.45649,-81.73199,138000,Ridge Road Substation
OH,41.45697,-81.73145,138000,
OH,41.24787,-80.81271,,
OH,41.41183,-81.86598,,
OH,39.96768,-83.78569,69000,
OH,39.8225,-84.28328,69000,Salem Substation
OH,40.76002,-84.10459,34500;4160,Robb Avenue Substation
OH,41.39812,-81.84606,138000,Cleveland Hopkins Airport Substation
OH,41.39528,-81.85329,138000,
OH,41.39538,-81.853,138000,
OH,40.00779,-83.01972,,
OH,40.00785,-83.0197,,
OH,40.00379,-83.01474,,
OH,40.00301,-83.01453,,
OH,41.25864,-80.81083,,
OH,40.00553,-83.01419,,
OH,40.00575,-83.01339,,
OH,39.99855,-83.01505,,
OH,41.163,-82.22614,69000,
OH,38.7451,-83.60536,138000,
OH,38.86883,-84.21538,,
OH,39.19061,-84.35802,,
OH,41.48823,-81.72906,,
OH,40.91791,-81.02065,69000,Sebring Substation
OH,40.18905,-82.51741,69000,Highwater Substation
OH,40.25456,-80.7516,138000,
OH,40.3771,-84.72946,69000,Sharpsburg Substation
OH,40.40933,-84.7466,69000,Fort Recovery Substation
OH,41.18719,-84.71911,69000,
OH,41.28523,-84.5514,69000;13090,Sherwood Substation
OH,41.23588,-84.40011,69000,
OH,41.06249,-84.59216,69000,Latty co-op Substation
OH,41.46437,-84.52496,,
OH,41.09238,-84.72489,69000,
OH,41.40717,-83.66336,138000;69000,
OH,40.0943,-82.7264,138000,Innovation Substation
OH,41.44382,-84.00694,69000,Liberty Center Substation
OH,41.28564,-84.36553,138000,
OH,40.96726,-83.30424,69000,Adrian Substation
OH,40.94937,-83.4014,69000,
OH,40.93207,-83.40181,69000,
OH,41.01976,-84.39948,69000,Roselm Substation
OH,41.09226,-84.27273,69000,
OH,41.60784,-80.86449,,
OH,38.95816,-84.07962,,
OH,38.95814,-84.07934,,
OH,38.83051,-84.15126,,
OH,38.86949,-84.09209,,
OH,38.91222,-84.04143,,
OH,38.91165,-84.0423,,
OH,38.79461,-83.56124,,AEP Ohio
OH,38.79514,-83.56188,,AEP Ohio
OH,38.95286,-84.16801,,
OH,40.03993,-81.57357,69000,North Cambridge Substation
OH,40.48423,-81.44501,69000;34500,New Philadelphia Substation
OH,41.02864,-83.68475,34500,
OH,40.99261,-80.65482,69000,
OH,40.59296,-83.11299,34500,George Substation
OH,40.57642,-81.51562,69000;13090,Beartown Substation
OH,41.24306,-80.82988,23000,Summit Substation
OH,41.48911,-81.59762,,
OH,39.23645,-83.28374,,
OH,40.1826,-83.54806,69000,Woodstock Substation
OH,41.09986,-84.09368,138000,
OH,39.37567,-84.50792,,
OH,39.24544,-83.00356,,
OH,40.14203,-82.69506,,
OH,40.52186,-80.62751,69000;13090,Stratton Substation
OH,39.74015,-82.66114,69000,
OH,40.89994,-80.68704,69000,
OH,39.47466,-83.16732,69000,Clarksburg Substation
OH,39.38308,-83.09514,69000,
OH,41.37139,-82.08956,69000,Ridge Substation
OH,41.37154,-82.08812,69000,
OH,41.20844,-80.5249,23000,
OH,40.96382,-80.523,138000,
OH,39.07189,-83.79464,,
OH,39.07153,-83.79664,,
OH,40.45279,-80.86777,69000,East Springfield Substation
OH,40.83632,-81.9017,,
OH,40.83604,-81.90147,69000,
OH,39.12742,-83.60165,138000,
OH,39.51063,-81.07781,,
OH,40.43783,-84.49872,69000,Chickasaw Substation
OH,39.25668,-84.01281,,
OH,41.58171,-84.03143,138000,
OH,41.45257,-81.79576,,
OH,41.45904,-81.78881,,
OH,40.05964,-82.76946,138000,
OH,40.0563,-82.76988,138000,
OH,40.0648,-82.76104,138000,QTS NAL-1 Substation
OH,40.0945,-82.72798,138000,
OH,41.47697,-81.32807,,
OH,41.4783,-81.31957,,
OH,41.43115,-81.38522,,
OH,41.40019,-83.4461,,
OH,41.36466,-82.6802,,
OH,39.39074,-82.45809,,Ilesboro Substation
OH,41.26019,-82.83905,69000,
OH,41.28453,-82.81276,69000,
OH,40.87298,-84.45616,69000,North Middlepoint Substation
OH,40.46946,-84.04119,69000,
OH,41.21199,-81.34926,69000,
OH,40.50297,-81.12194,69000,Petersburg Substation
OH,40.41773,-81.12899,69000,
OH,40.01737,-81.58151,34500,Cambridge Substation
OH,40.39402,-80.72279,69000,
OH,40.36431,-80.61052,69000;13090,Stanton Street Substation
OH,40.30557,-80.61759,69000;13090,Georges Run Substation
OH,40.27977,-80.64257,69000,
OH,40.14555,-80.71107,69000,
OH,38.75025,-83.03024,,
OH,40.67676,-82.53916,,
OH,40.09971,-82.75004,138000,Badger Substation
OH,40.09986,-82.75121,138000,
OH,40.10465,-82.7476,138000,Horizon Substation
OH,40.12239,-82.71961,138000,Green Chapel Substation
OH,40.05559,-82.76732,138000,
OH,40.06366,-82.73896,138000,
OH,40.05728,-82.7562,138000,Macy Substation
OH,40.05731,-82.75711,138000,QTS NAL-2 Substation
OH,39.98377,-82.71065,138000;34500;13800,Mink Substation
OH,41.69828,-81.30668,,
OH,41.61421,-81.47393,,
OH,39.63016,-83.57968,345000;138000,Fayette Substation
OH,39.63013,-83.57446,,
OH,39.62752,-83.57246,138000,
OH,39.60563,-83.44837,69000,Texas Eastern Substation
OH,39.79487,-83.40035,345000,
OH,39.79489,-83.39874,345000,
OH,39.86115,-83.33084,138000,
OH,39.86263,-83.32237,138000,
OH,40.50147,-81.35379,69000,Merric Substation
OH,40.5497,-81.23177,69000,Atwood Substation
OH,41.67234,-84.30519,138000,
OH,41.58737,-84.03846,138000,
OH,41.59889,-84.55749,69000,
OH,39.06501,-83.11593,,
OH,39.13475,-82.52342,,
OH,38.93166,-83.39654,,
OH,40.00075,-83.01111,,
OH,40.00088,-83.01159,,
OH,39.14473,-84.35648,,
OH,40.01449,-83.12212,345000,Beacon Substation
OH,40.01573,-83.12229,345000,
OH,41.45197,-81.91172,,
OH,39.15568,-84.31897,,
OH,39.00514,-83.18799,,
OH,40.17364,-82.64023,69000,Northridge Substation
OH,40.03446,-82.46942,69000,
OH,41.32551,-81.75626,,
OH,41.20433,-80.7404,,
OH,41.45726,-82.18363,,
OH,39.01543,-83.01242,,
OH,40.39803,-84.38816,69000,
OH,40.39865,-84.38654,69000,Ohio Street Substation
OH,40.54427,-84.57217,69000,Walnut Street Substation
OH,40.54342,-84.59088,,
OH,40.54471,-81.76832,69000;13090,Walnut Creek Substation
OH,41.36774,-82.12065,69000,
OH,41.37228,-82.12065,69000,Redman Substation
OH,41.40622,-82.08997,69000,
OH,40.38203,-82.49772,69000;13090,Pittsburgh Avenue Substation
OH,39.33774,-83.61828,69000,New Vienna Substation
OH,39.39117,-83.20553,69000,Roxabell Substation
OH,39.34977,-83.05944,69000,Slate Mills Substation
OH,39.24954,-82.46108,138000,
OH,39.95476,-80.88861,69000,
OH,40.78968,-81.50285,69000,
OH,40.7872,-81.49891,69000,
OH,40.78698,-81.49739,69000,
OH,41.00638,-81.46503,69000,
OH,41.28594,-81.45772,,
OH,41.29505,-81.4525,69000,
OH,41.37415,-81.52874,,
OH,39.99508,-82.99996,,
OH,39.97303,-83.81075,69000,
OH,39.95406,-83.25342,69000,
OH,39.95872,-83.24808,69000,
OH,40.27023,-83.98412,,
OH,39.84698,-82.9924,138000,
OH,40.08307,-83.48179,138000,
OH,39.0319,-83.70115,138000,
OH,40.63306,-83.79306,,
OH,40.63277,-83.79209,345000,
OH,40.63207,-83.79323,345000,
OH,39.34983,-84.13668,,
OH,40.43835,-83.48265,345000,
OH,41.16385,-80.6642,69000,Churchill Substation
OH,41.12532,-80.68496,138000,
OH,41.1174,-80.71739,69000,
OH,41.11549,-80.72197,69000,
OH,41.11286,-80.71728,69000,
OH,41.14701,-80.70246,23000,
OH,41.15428,-80.77648,23000,
OH,41.10955,-80.78201,69000,
OH,41.0948,-80.70877,69000,
OH,41.07403,-80.61961,69000,
OH,41.05723,-80.63665,69000,
OH,41.05398,-80.63424,69000,
OH,41.05228,-80.63387,69000,
OH,41.17318,-80.56336,138000,Ellwood Engineered Castings Substation
OH,40.99757,-80.52026,69000,
OH,40.81919,-80.6358,69000;12470,Fairfield Substation
OH,40.88309,-80.69023,69000,
OH,40.88355,-80.69919,69000,
OH,40.89824,-80.68197,69000,Columbiana North Substation
OH,40.88643,-80.71475,69000,
OH,40.88616,-80.71003,69000,
OH,40.91697,-80.57687,69000,
OH,40.92081,-80.5757,69000,
OH,41.00925,-80.69268,69000,
OH,40.87267,-80.7777,69000,
OH,41.18479,-80.97466,69000,
OH,41.16818,-80.95583,69000,
OH,40.89163,-80.85513,69000,
OH,40.94441,-80.80229,69000;8320,Greenford Substation
OH,40.89415,-80.857,69000,
OH,40.89612,-80.86019,69000,
OH,41.27842,-81.22581,69000,
OH,41.02622,-80.77603,69000,
OH,41.30304,-81.28341,69000,
OH,41.28612,-81.33022,69000,
OH,41.27513,-81.33966,69000,
OH,41.13263,-81.24585,69000,
OH,41.19242,-81.40055,69000,
OH,41.19299,-81.40104,69000,
OH,41.23932,-81.43767,69000,College Street Substation
OH,41.24447,-81.37402,69000,
OH,41.25081,-81.45697,69000,Prospect Substation
OH,40.9446,-81.09128,69000,
OH,40.94757,-81.11383,69000,
OH,41.00804,-81.36244,69000,
OH,41.14108,-81.40245,,
OH,40.91904,-81.09221,,
OH,40.91823,-81.09334,69000,
OH,40.91189,-81.09093,69000,
OH,39.74663,-84.4082,69000,New Lebanon Substation
OH,40.74593,-81.09092,69000,
OH,40.81498,-81.48302,69000;12470,Jackson Substation
OH,40.79906,-81.50312,69000,
OH,40.79044,-81.50851,69000,
OH,40.74747,-81.51227,69000,
OH,40.74492,-81.50553,69000,
OH,40.74322,-81.50298,69000,
OH,40.62998,-83.05149,34500,
OH,41.00919,-81.60253,,
OH,41.00911,-81.60814,,
OH,41.0185,-81.59627,23000,
OH,41.01304,-81.61686,23000,
OH,40.77876,-81.53826,69000,
OH,41.01762,-81.71898,69000,
OH,41.02442,-81.7216,69000,
OH,41.01076,-81.73603,69000,
OH,41.01287,-81.76131,69000,
OH,40.96626,-81.77733,69000,
OH,41.01178,-81.86536,69000,
OH,41.02907,-81.87588,69000,
OH,41.02591,-81.83315,69000,Guilford Substation
OH,41.1324,-81.89057,69000,
OH,41.13441,-81.89796,69000,
OH,41.17572,-81.86648,69000,
OH,41.23418,-81.8598,138000;12470,Laurel Substation
OH,41.25724,-81.89429,69000,
OH,41.25518,-81.89428,69000,
OH,41.06636,-81.38459,69000,
OH,41.18877,-81.44123,69000,
OH,41.30002,-81.49661,69000,
OH,41.28861,-81.46116,69000,
OH,41.29289,-81.45677,69000,
OH,41.29432,-81.44867,69000,
OH,41.29749,-81.43568,69000,
OH,41.36929,-82.06947,69000,
OH,41.46149,-82.08035,69000,
OH,41.46936,-82.15911,69000,
OH,41.4544,-82.2152,69000,
OH,41.44605,-82.14483,138000,
OH,41.44647,-82.12608,138000,
OH,41.44661,-82.11717,138000,
OH,41.41082,-82.13153,69000,
OH,41.39194,-82.20369,69000,
OH,41.40083,-82.24777,138000;69000,
OH,41.37089,-82.23791,69000,
OH,41.29705,-82.19558,69000,Hillcreek Switchyard
OH,41.29844,-82.19612,69000,
OH,41.30048,-82.18048,69000,
OH,41.2836,-82.21942,69000,
OH,41.28419,-82.2193,69000,
OH,41.3707,-82.10355,69000,
OH,41.37102,-82.12299,69000,
OH,41.37673,-82.12479,69000,
OH,41.37065,-82.12084,69000,
OH,41.37034,-82.10046,69000,
OH,41.35974,-82.12082,69000,
OH,41.28052,-82.05913,,
OH,41.28068,-82.05851,69000,
OH,41.15812,-82.19452,69000,
OH,41.17983,-82.2105,69000,
OH,41.2592,-82.36121,69000;12470,Wakeman Substation
OH,40.94081,-82.15397,69000,
OH,41.34634,-82.13639,69000,
OH,40.64085,-82.21485,69000,
OH,40.87927,-82.29225,69000,
OH,40.87771,-82.29813,69000,
OH,40.88212,-82.30569,69000,
OH,40.88399,-82.31252,69000;12470,Dell Substation
OH,40.88292,-82.32174,69000,
OH,40.85187,-82.35131,138000;69000,
OH,40.86315,-82.32371,69000,
OH,40.84846,-82.35164,69000,
OH,40.83608,-82.34982,69000,
OH,40.85741,-82.27846,69000,
OH,41.09464,-82.53699,69000,Fitchville Substation
OH,41.2417,-82.63042,69000,
OH,41.25357,-82.60741,69000,
OH,41.28555,-82.54248,69000;34500,Wells Substation
OH,41.32734,-82.62134,69000,
OH,41.39755,-82.58373,69000,
OH,41.39654,-82.54791,69000,
OH,41.371,-82.54149,69000,
OH,41.41973,-82.67949,34500,
OH,41.3349,-82.7914,69000,
OH,41.45538,-82.71554,34500,
OH,41.44768,-82.72886,34500,
OH,41.45801,-82.73238,34500,
OH,41.44381,-82.75108,34500,
OH,41.27935,-82.83301,69000,
OH,41.28486,-82.81838,69000,
OH,41.25495,-82.76347,69000,
OH,41.24385,-82.70914,69000,
OH,41.39946,-82.76031,69000,
OH,41.27916,-82.8674,69000,
OH,40.83316,-81.2714,69000,
OH,40.79158,-81.36994,69000,
OH,40.78875,-81.39064,69000,
OH,40.7746,-81.394,69000,
OH,41.18232,-82.5398,34500,
OH,40.8009,-81.32744,23000,Georgetown Substation
OH,40.81309,-81.34771,69000,Stanley Court Substation
OH,40.81205,-81.33203,69000,
OH,40.82522,-81.31111,69000,Cliftmont Avenue Substation
OH,40.79615,-81.36976,69000,Third Street Substation
OH,40.81175,-81.35128,69000,
OH,40.81404,-81.34964,69000,
OH,40.89807,-81.32381,69000,Diamond Street Station
OH,40.89944,-81.32251,,
OH,40.88126,-81.2526,69000,County Hospital Substation
OH,40.83597,-81.26772,69000,
OH,40.80501,-81.38865,69000,Eighth Street (OP) Substation
OH,40.76358,-81.42977,69000,
OH,40.7734,-81.41623,69000,
OH,40.77569,-81.41585,69000,
OH,40.76675,-81.40558,138000,
OH,40.76795,-81.40452,138000,
OH,40.76589,-81.41586,23000,
OH,40.77167,-81.42082,23000,
OH,40.77114,-81.42346,,
OH,40.77137,-81.42077,23000,
OH,40.76896,-81.42474,23000,
OH,40.78289,-81.4323,23000,
OH,40.78756,-81.40276,23000,
OH,40.76895,-81.43006,23000,
OH,40.76874,-81.42833,23000,
OH,40.76776,-81.42688,23000,
OH,40.76779,-81.42745,23000,
OH,40.67551,-81.34921,69000,
OH,40.65223,-81.16776,69000,Malvern Substation
OH,40.69113,-81.16229,69000,
OH,40.71733,-81.09955,69000,
OH,40.72242,-81.11617,69000,
OH,38.94328,-83.29451,,
OH,40.67703,-80.88701,69000,Summitville Substation (AEP)
OH,40.67528,-80.89549,69000,Summitville Substation (CEC)
OH,40.68361,-80.96739,69000,
OH,40.684,-80.97151,69000,
OH,40.35197,-80.67302,138000;69000,
OH,40.37945,-80.70423,69000;13090,Wintersville Substation
OH,40.38645,-80.63367,69000,
OH,40.44911,-80.60828,69000,
OH,40.44916,-80.60859,69000,
OH,40.46117,-80.60185,69000,
OH,39.77938,-83.61565,345000;69000,Madison Substation
OH,40.34965,-80.91331,69000,
OH,40.34182,-80.92428,69000,
OH,40.3339,-80.94195,69000,
OH,40.32911,-80.93761,69000,
OH,40.32262,-80.90452,69000,Hopedale Substation
OH,40.44754,-80.91714,69000,
OH,40.48642,-81.4543,13090,
OH,40.48491,-81.44621,13090,
OH,40.30425,-80.87709,69000,
OH,40.29031,-80.99515,69000,
OH,40.27228,-80.99175,69000,
OH,40.20409,-80.77537,69000,Dillonvale Substation
OH,40.20385,-80.88216,69000,
OH,40.22919,-80.97513,69000,
OH,40.16337,-80.87396,69000;13090,Pleasant Grove Substation
OH,40.14183,-80.91174,69000z,
OH,38.79719,-82.82788,,
OH,38.67447,-82.69283,,
OH,40.07987,-80.91057,69000,
OH,40.03477,-80.76067,69000,
OH,40.07038,-80.7495,69000,
OH,40.07164,-80.79931,69000,
OH,41.52283,-81.32967,,
OH,40.10558,-80.7142,69000,Martins Ferry Substation
OH,40.16304,-80.70092,,
OH,39.9673,-80.74892,69000,Shadyside Substation
OH,40.39766,-81.31013,69000,
OH,40.39604,-81.55767,34500;13090,Stone Creek Substation
OH,40.27975,-81.58901,34500,
OH,40.50607,-81.52096,69000,
OH,40.53485,-81.49538,69000,
OH,40.8108,-81.9102,23000,
OH,40.80366,-81.92312,23000,
OH,40.8052,-81.92344,23000,
OH,40.85816,-81.89689,69000,Tigers Switch Station
OH,40.78573,-81.94392,,
OH,40.84023,-81.95519,69000,
OH,40.82908,-81.9471,69000;13090,Highland Avenue Substation
OH,40.82415,-81.93306,69000;13090,North Wooster Substation
OH,40.79803,-81.84229,69000,
OH,40.67524,-82.03321,69000;13090,Shreve Substation
OH,40.6235,-82.03376,69000,Ripley Switch Station
OH,40.54956,-81.91991,69000;34500,
OH,40.54327,-81.85007,69000,
OH,40.50876,-81.64547,34500,
OH,40.01734,-81.56632,34500,
OH,40.14208,-81.05389,69000,
OH,39.98179,-81.55255,69000,Byesville Substation
OH,39.98753,-81.56151,34500,
OH,39.93318,-81.45262,69000,Senecaville Sub
OH,39.93664,-81.25296,69000,
OH,39.91876,-81.14918,69000,
OH,40.02216,-81.05407,69000,
OH,40.01718,-80.99195,69000,
OH,39.91799,-81.06642,69000,
OH,39.90264,-81.022,69000,
OH,39.90199,-81.02223,69000,
OH,39.9026,-81.0228,69000,
OH,39.92137,-81.01635,69000,
OH,39.8946,-81.02224,69000,
OH,39.9523,-81.02083,69000,
OH,39.9812,-81.05421,69000,
OH,39.89693,-81.00904,69000,Beallsville Substation
OH,39.97213,-80.99033,69000,
OH,39.9142,-80.97949,69000,
OH,39.939,-83.04271,138000;13800,Reaver Substation
OH,40.10351,-83.27224,69000,
OH,40.36186,-82.9261,69000,Oxford Substation
OH,40.36105,-82.83149,69000,
OH,39.71142,-82.54324,69000,
OH,39.7452,-82.65711,69000,Hooker Substation
OH,39.80444,-82.71244,69000,Carroll Substation
OH,39.90562,-82.7763,69000,Mingo Substation
OH,39.80172,-82.80416,69000,Lithopolis Substation
OH,39.84701,-82.828,69000,
OH,39.64907,-83.1667,69000,
OH,39.64893,-83.16603,69000,
OH,39.6473,-83.16612,69000,Deer Creek Substation
OH,39.41411,-82.95711,,Kinnikinnick Substation
OH,39.23479,-83.6829,69000,Duckwall Substation
OH,39.11255,-84.80603,,
OH,40.50286,-84.76551,69000,Marathon Substation
OH,40.46484,-84.76569,69000,Macedon Substation
OH,39.97506,-84.62528,69000,Hursch Road Substation
OH,39.88742,-84.55045,69000,West Sonora Substation
OH,40.13549,-83.99625,69000,St. Paris Substation
OH,40.14368,-83.98424,69000,
OH,40.35976,-83.7874,69000,
OH,40.71314,-84.10999,34500,
OH,40.71448,-84.13057,34500,
OH,40.55788,-84.16683,69000,
OH,40.43059,-84.38583,69000,
OH,40.55639,-84.37027,69000,
OH,40.91738,-84.59096,69000,Van Wert Substation
OH,41.50305,-83.73867,,
OH,41.61842,-83.55605,,
OH,41.6704,-83.51584,,
OH,41.66438,-83.49735,,
OH,41.46711,-83.36683,,
OH,41.31897,-83.28036,,
OH,41.33077,-83.0525,69000,Green Springs Substation
OH,40.92675,-81.11582,,
OH,40.0177,-80.74501,69000,
OH,39.89714,-80.94915,69000,
OH,39.91313,-80.98306,,
OH,39.79369,-81.29186,69000,
OH,39.80343,-81.33687,69000,
OH,39.80414,-81.33769,69000,
OH,40.72765,-81.57307,,
OH,40.45536,-81.40114,,
OH,40.48504,-81.45096,,
OH,40.27845,-81.86452,69000,
OH,40.36412,-82.0025,,
OH,40.39091,-82.40651,69000;13090,Gambier Substation
OH,40.3246,-82.47169,69000,Hunt Switch Substation
OH,40.23011,-82.46367,69000,
OH,40.03957,-82.56543,69000,
OH,40.08795,-82.47519,69000,Welsh Hills Substation
OH,40.04818,-82.41303,69000;4360,Seroco Avenue
OH,40.0228,-82.44334,69000;13090,South Newark Substation
OH,39.99478,-82.48217,69000,Hebron Substation
OH,39.9123,-82.4096,69000;l3090,Thornville Substation
OH,39.97284,-82.38677,69000,
OH,40.00332,-82.29128,69000,
OH,39.94587,-82.13832,69000,
OH,39.94531,-82.13822,69000,
OH,39.72768,-82.08165,69000,
OH,39.81155,-81.98391,138000,Cannelville Substation
OH,39.67352,-81.87817,69000,
OH,39.63126,-81.79644,69000;13090,Neelysville Substation
OH,39.75104,-81.68241,69000,
OH,39.84577,-81.67491,69000,Cumberland Substation
OH,39.87074,-81.57248,69000;13090,Glenwood (OP) Substation
OH,39.80918,-81.47238,69000,
OH,39.3686,-81.52262,138000,Elkem Metals Substation
OH,38.95518,-81.90082,,
OH,39.03666,-81.87108,69000,
OH,39.07875,-82.00847,69000,
OH,39.33987,-82.23193,138000,Mineral Substation
OH,38.50377,-82.62996,,
OH,38.59252,-82.8062,,
OH,38.67446,-82.69282,,
OH,38.88635,-82.8684,,
OH,38.69765,-82.86588,,
OH,38.70201,-82.85665,,
OH,38.7574,-82.88356,,
OH,38.7482,-82.93677,,
OH,38.95025,-83.35447,,
OH,38.71482,-83.62772,,
OH,38.74191,-83.83947,,
OH,38.99705,-84.13918,,
OH,39.1386,-84.31576,,
OH,39.43244,-84.22467,,
OH,39.54679,-84.4517,,
OH,39.51968,-84.40563,,
OH,39.65896,-84.28468,,
OH,39.70503,-84.21474,,
OH,39.74462,-84.26729,69000,
OH,39.82339,-84.17391,138000,
OH,39.80584,-84.16916,69000,
OH,39.87733,-83.91722,69000,
OH,39.89038,-83.99563,69000;12470,Medway Substation
OH,39.98215,-83.95411,69000;12470,North Hampton Substation
OH,40.02237,-83.79257,69000,
OH,39.90979,-83.82923,69000,Western Substation
OH,39.94345,-83.81837,69000,
OH,39.92262,-83.79346,69000,Freeman Substation
OH,39.91464,-83.78013,69000,
OH,39.89322,-83.79117,69000;12470,Leffel Lane Substation
OH,39.89761,-83.61163,69000;12470,Plattsburg Substation
OH,40.11422,-83.52307,,
OH,40.20848,-83.41068,69000,
OH,40.60036,-83.34104,69000,
OH,40.65836,-83.32427,69000,
OH,40.72426,-83.27488,69000,
OH,40.65947,-83.21256,69000,Ridgdale Substation
OH,40.65902,-83.21249,69000;13090,South Morral Substation
OH,40.58947,-83.17704,34500,
OH,40.57847,-83.10708,34500;12470,Bexley Substation
OH,40.58416,-83.14162,34500;12470,Mound Substation
OH,40.59639,-83.13789,34500,
OH,40.68794,-83.11173,34500,
OH,40.79333,-82.97202,69000,
OH,40.72021,-82.80676,69000,
OH,40.71749,-82.78938,69000,
OH,40.74782,-82.52245,69000;4160,Cline Substation
OH,40.76493,-82.52606,,
OH,40.7755,-82.50996,69000,
OH,40.88498,-82.32979,69000,
OH,40.88593,-82.33206,69000,
OH,41.42084,-82.03921,,
OH,41.09731,-81.51483,,
OH,41.04764,-81.47494,,
OH,41.09627,-81.44512,,
OH,41.25212,-80.79718,,
OH,41.10987,-80.61797,,
OH,41.10725,-80.71571,,
OH,41.17868,-80.7154,,
OH,41.74912,-80.76888,,
OH,41.90056,-80.75182,,
OH,38.76377,-83.81963,,
OH,40.65643,-82.30332,69000,
OH,40.75231,-82.5275,69000,
OH,40.75073,-82.54555,69000,
OH,39.40906,-82.96278,138000,
OH,40.70277,-82.58334,69000,
OH,40.70259,-82.58338,,
OH,40.6731,-82.66201,69000,
OH,40.57051,-82.54737,69000,
OH,40.42229,-82.90973,69000,Liberty Substation
OH,40.65315,-82.71873,69000,Snyder Substation
OH,40.71745,-82.78573,69000,
OH,40.73628,-82.78052,69000,Primrose Substation
OH,40.62792,-82.51367,69000,
OH,40.52009,-82.45773,69000,
OH,40.47105,-82.46136,69000,LRE Mt. Vernon Tap
OH,40.46965,-82.46323,69000,
OH,40.35428,-82.48947,69000,
OH,40.31459,-82.53582,69000,Brandon Substation
OH,40.16386,-82.29103,69000,Hickman Substation
OH,40.20781,-82.77016,69000,Hartford Substation
OH,39.97375,-82.64557,69000,Watkins Road Switch Station
OH,40.07703,-82.4499,69000,
OH,39.98864,-82.48541,138000,
OH,41.14714,-80.85405,,
OH,41.14509,-80.8496,,
OH,39.97774,-82.47566,69000,
OH,39.93756,-82.03067,69000,
OH,40.20842,-81.88288,,
OH,40.20898,-81.88241,69000,
OH,40.20964,-81.88243,69000,
OH,40.24814,-81.86058,69000,
OH,40.2609,-81.85674,69000;13090,Coshocton Substation
OH,40.25504,-82.04874,34500,Tunnel Hill Substation
OH,40.25117,-81.96027,34500,Jackson Substation
OH,40.2454,-81.86594,34500,
OH,40.33473,-81.90969,34500,Darling Substation
OH,39.71922,-82.53489,69000,
OH,39.55451,-82.3898,69000,
OH,39.85985,-82.56731,69000,Baltimore Substation
OH,39.89226,-82.56276,69000,
OH,39.90399,-82.68275,69000,Kindler Substatio
OH,39.08324,-82.81023,,
OH,41.33332,-82.83357,,
OH,41.21066,-80.75867,,
OH,39.79732,-82.97431,138000,
OH,39.82821,-82.98353,69000,
OH,39.57887,-82.89902,69000,Water Tower Substation
OH,39.47871,-82.95008,69000,Kingston Substation
OH,39.55204,-83.01606,138000;69000,
OH,39.55141,-83.01694,138000,Westfall Substation
OH,39.47803,-81.27904,138000,
OH,39.94141,-83.34431,138000,
OH,39.64154,-81.71703,69000,Tipple Hill Substation
OH,39.36183,-82.58432,138000,
OH,41.38755,-81.22836,,
OH,40.32066,-83.18064,69000,Scioto Substation
OH,40.45004,-83.18028,69000,
OH,39.89294,-83.42062,69000,
OH,39.91194,-83.72432,138000,
OH,39.92751,-83.80569,69000,
OH,39.93372,-83.81606,69000,
OH,39.90967,-83.77191,69000,
OH,39.89625,-83.82781,69000,
OH,39.97196,-83.84049,69000,
OH,40.55578,-83.19916,69000,Uncapher Substation
OH,40.57062,-83.13983,138000,
OH,40.5681,-83.14132,138000,
OH,40.5864,-83.15764,34500,
OH,40.58753,-83.16078,34500,
OH,40.53795,-83.21015,34500,
OH,40.58462,-83.14312,34500,
OH,40.67406,-83.07862,34500,Harvey Substation
OH,40.59925,-83.09586,34500,
OH,40.59426,-83.1118,34500,
OH,40.58435,-83.07042,34500,
OH,40.79227,-82.52747,138000,
OH,41.05417,-82.71285,69000,
OH,40.99974,-82.91943,69000;13090,Carrothers Substation
OH,39.84634,-82.9971,138000,
OH,40.7955,-82.96862,69000,
OH,40.78672,-82.97832,69000,
OH,40.73726,-83.42022,69000,Brownstown Substation
OH,40.57363,-83.40839,138000;69000,
OH,40.85083,-83.29908,69000,
OH,40.85131,-83.30058,69000,
OH,40.96424,-83.11225,69000,Sycamore Substation
OH,41.05158,-83.00563,69000,Bloomfield Substation
OH,41.02315,-82.95794,69000,St. Stephens Substation
OH,39.81175,-83.90643,,
OH,41.52044,-81.47091,,
OH,41.58831,-81.53989,,
OH,41.06412,-82.99867,,
OH,41.67317,-81.43893,,
OH,41.74531,-81.19679,,
OH,41.22607,-83.1867,69000;13090,Maple Grove Substation
OH,41.30988,-82.98667,69000,
OH,41.30145,-82.96677,69000,
OH,41.29004,-82.96476,,
OH,41.3016,-82.95942,69000,
OH,41.14357,-83.44491,69000,
OH,40.95416,-83.3952,69000,
OH,40.88056,-83.63249,69000,East Arlington Substation
OH,40.7809,-83.65285,69000,
OH,41.20338,-83.44441,69000,
OH,41.20378,-83.44489,69000,
OH,40.70399,-83.69234,69000,
OH,41.46608,-81.53802,600,Warrensville Van Aken Substation
OH,41.1223,-83.9639,138000,Newbery Substation
OH,41.04737,-83.67703,34500,
OH,41.04894,-83.67699,34500,
OH,41.1868,-83.67355,,Cherry Street Switch Station
OH,41.09021,-83.63627,138000,
OH,40.78795,-81.93876,,
OH,41.72983,-81.28844,,Grand River Substation
OH,41.09303,-84.1173,138000,
OH,40.84475,-84.17731,138000,
OH,40.76918,-84.10629,34500,
OH,40.76459,-84.09244,34500,
OH,40.74049,-84.11681,34500,Mercy Health - St. Rita's Medical Center Station
OH,40.74835,-84.1173,34500,
OH,40.75467,-84.14568,34500,
OH,39.89145,-82.84357,138000,
OH,40.71542,-84.11369,34500,
OH,40.69699,-84.12627,34500,
OH,40.70935,-84.11309,34500,
OH,40.70829,-84.11262,34500,Air Foil Switch
OH,40.70833,-84.13741,34500,
OH,40.70926,-84.13211,34500,
OH,40.72374,-84.11768,34500,
OH,40.71752,-84.1163,34500,
OH,40.70823,-84.1222,34500,
OH,40.65564,-84.35987,69000;13090,Kossuth Substation
OH,40.57237,-84.19203,69000,Wapakoneta Substation
OH,40.54603,-84.18827,69000,
OH,40.55142,-84.18532,69000,
OH,40.56064,-84.19236,69000,
OH,40.83264,-84.33802,69000,
OH,40.54267,-84.38322,69000,
OH,40.52855,-84.39135,69000,
OH,41.20775,-84.75491,69000,Antwerp Substation
OH,41.28233,-84.60949,69000,Platter Creek Substation
OH,41.18153,-84.60473,69000,
OH,39.5681,-83.06429,69000,Kinderhook Substation
OH,39.36756,-83.40198,69000,
OH,39.41216,-83.4148,69000,Ghormley Substation
OH,39.55956,-83.17914,69000,
OH,40.04706,-83.17413,345000,
OH,40.04683,-83.17578,345000,Cosgray Substation
OH,40.11759,-82.99987,138000,
OH,40.11756,-83.19877,138000,Kileville Substation
OH,40.11823,-83.19919,138000,Celtic Substation
OH,40.13378,-83.2108,138000,
OH,40.13332,-83.21199,138000,
OH,39.56348,-82.50063,69000,Rockbridge Substation
OH,39.73519,-84.18543,,
OH,39.67479,-83.90043,69000,
OH,39.77848,-83.96737,69000,
OH,39.81611,-84.03364,69000,
OH,40.1026,-83.76946,69000,
OH,40.10133,-83.77116,69000,Edgewood Substation
OH,40.44317,-84.38878,69000,
OH,40.36856,-84.20046,138000,
OH,40.38116,-84.12048,69000,Anna Substation
OH,40.43883,-83.48369,345000,
OH,40.20112,-83.30698,69000,Goodyear Marysville Substation
OH,39.81459,-84.17372,0,
OH,40.2277,-84.32158,69000,Route 66 Substation
OH,39.85271,-84.43417,69000,
OH,40.13057,-83.81263,69000,Northwest Urbana Substation
OH,40.38231,-84.38448,69000,Canal Road Substation
OH,40.38295,-84.37306,69000,Danone South Substation
OH,40.30882,-84.71953,69000,Rose Hill Substation
OH,40.46621,-84.45549,,Lake Substation
